bioguide,name,party,state,n,tweets_per_year,tweets_per_day,share_angry,share_dev
S001185,Terri A. Sewell,Democrat,AL,11288,757.0967,2.0742,0.1905,-0.0851
C001068,Steve Cohen,Democrat,TN,16893,1080.7967,2.9611,0.445,0.1802
J000304,Ronny Jackson,Republican,TX,6918,1225.7621,3.3583,0.6417,0.2968
G000583,Josh Gottheimer,Democrat,NJ,13508,1400.6875,3.8375,0.208,-0.1039
C001072,André Carson,Democrat,IN,6921,511.473,1.4013,0.2111,-0.0679
L000585,Darin LaHood,Republican,IL,4520,537.3941,1.4723,0.1688,-0.1554
S001199,Lloyd Smucker,Republican,PA,6778,703.4319,1.9272,0.2037,-0.1095
F000463,Deb Fischer,Republican,NE,9609,707.5419,1.9385,0.139,-0.1388
S001200,Darren Soto,Democrat,FL,10206,1133.6549,3.1059,0.2051,-0.1205
N000189,Dan Newhouse,Republican,WA,4230,365.0863,1.0002,0.1835,-0.1063
B001291,Brian Babin,Republican,TX,6420,551.7542,1.5117,0.4567,0.1637
B000574,"Blumenauer, Earl",Democrat,OR,649,277.7081,0.7608,0.3806,0.0896
N000190,Ralph Norman,Republican,SC,5496,601.3309,1.6475,0.4192,0.0951
S001205,Mary Gay Scanlon,Democrat,PA,11937,1545.5853,4.2345,0.3126,-0.0044
D000626,Warren Davidson,Republican,OH,5385,527.2331,1.4445,0.4221,0.0714
P000048,August Pfluger,Republican,TX,5639,999.6285,2.7387,0.4219,0.0775
J000289,Jim Jordan,Republican,OH,9551,1127.8276,3.0899,0.4683,0.1304
G000595,"Good, Bob",Republican,VA,1730,441.2648,1.2089,0.6514,0.3298
V000130,Juan Vargas,Democrat,CA,4695,350.8035,0.9611,0.2458,-0.0512
W000806,Daniel Webster,Republican,FL,5670,369.1011,1.0112,0.1755,-0.0727
G000590,"Green, Mark",Republican,TN,6920,1167.73,3.1993,0.5176,0.2143
R000103,"Rosendale, Matthew ",Republican,MT,2594,661.1802,1.8115,0.4792,0.1612
A000381,Yassamin Ansari,Democrat,AZ,3512,2150.8054,5.8926,0.6076,0.1898
M001216,Cory Mills,Republican,FL,4858,1337.2323,3.6637,0.3186,-0.0744
H001096,Harriet M. Hageman,Republican,WY,1438,396.7271,1.0869,0.42,0.036
B001319,Katie Boyd Britt,Republican,AL,5060,1388.6466,3.8045,0.2678,-0.1221
G000602,Laura Gillen,Democrat,NY,1105,673.3306,1.8447,0.238,-0.181
S001224,Keith Self,Republican,TX,4535,1250.2077,3.4252,0.5239,0.1282
S001221,Hillary J. Scholten,Democrat,MI,3968,1088.9624,2.9835,0.1852,-0.198
W000830,George Whitesides,Democrat,CA,1025,634.1102,1.7373,0.1629,-0.265
S001165,Albio Sires,Democrat,NJ,5558,479.591,1.3139,0.2217,-0.0445
G000386,Chuck Grassley,Republican,IA,7381,508.3142,1.3926,0.3107,-0.0303
S001187,Steve Stivers,Republican,OH,3795,365.9643,1.0026,0.0627,-0.1368
R000614,Chip Roy,Republican,TX,12830,1681.4901,4.6068,0.5169,0.1845
K000386,John Katko,Republican,NY,2080,274.4758,0.752,0.0942,-0.1792
M001137,Gregory W. Meeks,Democrat,NY,8117,519.4083,1.423,0.3896,0.0917
C001116,Andrew S. Clyde,Republican,GA,2762,501.3078,1.3734,0.6626,0.2899
T000165,Thomas P. Tiffany,Republican,WI,3843,613.6024,1.6811,0.6125,0.2295
M001194,John R. Moolenaar,Republican,MI,1719,147.8057,0.4049,0.1576,-0.1172
F000450,Virginia Foxx,Republican,NC,2693,324.5114,0.8891,0.4237,0.0602
W000814,"Randy K. Weber, Sr.",Republican,TX,2221,165.3069,0.4529,0.4656,0.0907
G000568,H. Morgan Griffith,Republican,VA,4073,260.5407,0.7138,0.1755,-0.1243
H001062,Kathy Hochul,Democrat,NY,510,339.071,0.929,0.0667,-0.0981
V000139,Matt Van Epps,Republican,TN,270,381.9767,1.0465,0.2,-0.1986
P000588,Steve Pearce,Republican,NM,4072,519.6783,1.4238,0.1112,-0.0824
K000379,Joe Kennedy,Democrat,MA,5226,653.4738,1.7903,0.269,0.0445
S001210,Ross Spano,Republican,FL,1551,808.7357,2.2157,0.1844,-0.0988
M001209,Ben McAdams,Democrat,UT,1036,518.7106,1.4211,0.1245,-0.1656
M001221,"Molinaro, Marcus",Republican,NY,1044,878.0184,2.4055,0.1657,-0.1725
W000672,Frank Wolf,Republican,VA,301,84.5115,0.2315,0.1661,0.0018
M001189,Luke Messer,Republican,IN,2033,348.8693,0.9558,0.1294,-0.066
S001170,Carol Shea-Porter,Democrat,NH,942,167.722,0.4595,0.2675,0.067
C001099,Mo Cowan,Democrat,MA,245,555.4348,1.5217,0.0245,-0.1549
M001144,Jeff Miller,Republican,FL,310,100.9367,0.2765,0.1581,0.0125
H001078,Karen Handel,Republican,GA,437,375.3059,1.0282,0.1076,-0.1694
M000087,Carolyn Maloney,Democrat,NY,15472,1630.2771,4.4665,0.2779,0.0071
A000376,"Allred, Colin",Democrat,TX,4867,823.5767,2.2564,0.1169,-0.1892
B001236,John Boozman,Republican,AR,5066,518.6788,1.421,0.1255,-0.226
P000613,Jimmy Panetta,Democrat,CA,9643,1144.2441,3.1349,0.1479,-0.1814
M001198,Roger Marshall,Republican,KS,5005,596.4169,1.634,0.3984,0.0579
B000755,Kevin Brady,Republican,TX,14235,1226.8654,3.3613,0.2752,0.0629
U000031,Fred Upton,Republican,MI,7635,657.8789,1.8024,0.0757,-0.1506
C001080,Judy Chu,Democrat,CA,10822,693.4744,1.8999,0.4233,0.1464
W000804,Robert J. Wittman,Republican,VA,3208,369.1425,1.0113,0.1602,-0.1834
P000523,David Price,Democrat,NC,5726,603.1717,1.6525,0.244,-0.0102
C001047,Shelley Moore Capito,Republican,WV,16599,1061.2428,2.9075,0.1183,-0.164
S001193,"Swalwell, Eric",Democrat,CA,18495,1551.8793,4.2517,0.3308,0.0851
P000593,Ed Perlmutter,Democrat,CO,7813,673.6936,1.8457,0.176,-0.07
G000565,Paul A. Gosar,Republican,AZ,18905,1213.7775,3.3254,0.3547,0.0994
O000174,Jon Ossoff,Democrat,GA,4454,797.6987,2.1855,0.1747,-0.1565
T000481,Rashida Tlaib,Democrat,MI,10077,1318.3172,3.6118,0.473,0.148
H001050,Colleen Hanabusa,Democrat,HI,2375,298.7164,0.8184,0.2093,-0.0194
G000586,"Jesús G. ""Chuy"" García",Democrat,IL,11463,1503.4118,4.1189,0.2878,-0.0244
C000880,Mike Crapo,Republican,ID,4017,279.8101,0.7666,0.2039,-0.1404
R000575,Mike Rogers,Republican,AL,8284,529.5377,1.4508,0.2155,-0.052
D000618,Steve Daines,Republican,MT,5320,463.6581,1.2703,0.3122,-0.0351
B001305,"Budd, Ted",Republican,NC,4266,538.7855,1.4761,0.2801,-0.0177
S001135,"Steel, Michelle",Republican,CA,2734,697.3515,1.9106,0.3061,-0.0148
S001211,Greg Stanton,Democrat,AZ,6684,874.4301,2.3957,0.247,-0.1039
H001047,James A. Himes,Democrat,CT,2887,297.3349,0.8146,0.3873,0.0466
M001225,Kevin Mullin,Democrat,CA,1372,377.3775,1.0339,0.336,-0.0493
M001218,Richard McCormick,Republican,GA,2812,774.6264,2.1223,0.357,-0.0222
R000579,Patrick Ryan,Democrat,NY,3923,995.0625,2.7262,0.3082,-0.0725
W000821,Bruce Westerman,Republican,AR,5590,535.8062,1.468,0.1025,-0.1845
J000288,"Henry C. ""Hank"" Johnson, Jr.",Democrat,GA,2822,282.9753,0.7753,0.3281,-0.0183
M001244,Ashley Moody,Republican,FL,1306,823.2988,2.2556,0.376,-0.048
D000530,Christopher R. Deluzio,Democrat,PA,2353,647.6961,1.7745,0.4433,0.0545
G000600,Marie Gluesenkamp Perez,Democrat,WA,2320,639.0943,1.7509,0.1862,-0.1804
L000606,George Latimer,Democrat,NY,597,380.9528,1.0437,0.3266,-0.0956
G000589,Lance Gooden,Republican,TX,5471,717.2827,1.9652,0.73,0.3892
B001282,Andy Barr,Republican,KY,7176,527.6471,1.4456,0.2356,-0.0383
J000126,E.B. Johnson,Democrat,TX,9026,779.0234,2.1343,0.1314,-0.063
H001076,Margaret Wood Hassan,Democrat,NH,12823,1329.28,3.6419,0.2303,-0.0741
B001275,"Bucshon, Larry",Republican,IN,6832,494.9742,1.3561,0.1702,-0.0525
G000552,Louie Gohmert,Republican,TX,8451,731.6449,2.0045,0.1948,-0.0194
A000372,Rick W. Allen,Republican,GA,3379,290.4699,0.7958,0.1802,-0.1242
T000266,John Tierney,Democrat,MA,840,263.4021,0.7216,0.169,0.0036
R000619,Michael A. Rulli,Republican,OH,1322,601.6584,1.6484,0.3858,-0.0209
A000360,Lamar Alexander,Republican,TN,7819,782.9726,2.1451,0.1219,-0.1179
L000597,Laurel M. Lee,Republican,FL,2218,612.8463,1.679,0.174,-0.2058
M001233,Mark B. Messmer,Republican,IN,603,395.1436,1.0826,0.1957,-0.2257
C000714,John Conyers,Democrat,MI,3107,509.9168,1.397,0.2913,0.0934
R000146,Harry Reid,Democrat,NV,2588,507.5873,1.3907,0.3725,0.2151
M001151,Tim Murphy,Republican,PA,2887,490.575,1.344,0.1302,-0.0414
H000636,Ruben Hinojosa,Democrat,TX,1719,289.9422,0.7944,0.0483,-0.1103
N000032,Bill Nelson,Democrat,FL,1258,157.8446,0.4325,0.2623,0.0169
C001077,Mike Coffman,Republican,CO,2638,330.8832,0.9065,0.1228,-0.0907
E000179,Eliot Engel,Democrat,NY,4176,546.3226,1.4968,0.329,0.0879
M001197,Martha McSally,Republican,AZ,5322,906.4536,2.4834,0.0817,-0.1614
E000285,Mike Enzi,Republican,WY,3543,448.8702,1.2298,0.197,-0.006
R000611,Denver Riggleman,Republican,VA,2248,1125.5418,3.0837,0.1512,-0.1356
C001122,Joe Cunningham,Democrat,SC,1390,704.6528,1.9306,0.1058,-0.1857
C001127,"Cherfilus-McCormick, Sheila",Democrat,FL,810,301.3761,0.8257,0.1469,-0.1922
R000601,John Ratcliffe,Republican,TX,2506,526.8952,1.4435,0.1648,-0.0529
E000293,Elizabeth Esty,Democrat,CT,4497,798.7372,2.1883,0.131,-0.0478
R000572,Mike  Rogers,Republican,MI,1043,456.4688,1.2506,0.2244,0.0623
C001094,Paul Cook,Republican,CA,1441,182.3102,0.4995,0.1471,-0.0129
C000127,Maria Cantwell,Democrat,WA,12193,813.7585,2.2295,0.233,-0.0449
Y000064,Todd Young,Republican,IN,13041,833.7651,2.2843,0.1567,-0.1489
L000591,Elaine Luria,Democrat,VA,4278,1187.4297,3.2532,0.1082,-0.189
D000197,Diana DeGette,Democrat,CO,8521,545.9303,1.4957,0.3334,0.0713
K000389,Ro Khanna,Democrat,CA,36028,3734.7969,10.2323,0.4007,0.0868
S001192,Chris Stewart,Republican,UT,4246,443.6845,1.2156,0.2301,-0.0033
M001208,Lucy McBath,Democrat,GA,3486,458.3537,1.2558,0.1104,-0.208
S001172,Adrian Smith,Republican,NE,5690,393.3428,1.0777,0.1378,-0.1353
C001069,Joe Courtney,Democrat,CT,10610,678.2224,1.8581,0.1543,-0.1076
E000299,Veronica Escobar,Democrat,TX,13116,1716.5077,4.7028,0.349,0.0302
V000129,David G. Valadao,Republican,CA,3442,254.4724,0.6972,0.1162,-0.1865
B001303,Lisa Blunt Rochester,Democrat,DE,7038,758.8981,2.0792,0.2066,-0.1225
B001281,Joyce Beatty,Democrat,OH,13105,999.6499,2.7388,0.215,-0.0625
V000134,Beth Van Duyne,Republican,TX,7172,1270.767,3.4816,0.4307,0.0841
M001211,Mary E. Miller,Republican,IL,5612,994.3592,2.7243,0.5846,0.2318
F000454,Bill Foster,Democrat,IL,8881,653.4096,1.7902,0.2432,-0.0399
M001200,Donald McEachin,Democrat,VA,3391,898.1967,2.4608,0.1769,-0.1199
W000779,Ron Wyden,Democrat,OR,6171,395.7159,1.0842,0.4497,0.1221
S001214,W. Gregory Steube,Republican,FL,7067,926.5284,2.5384,0.5148,0.1844
K000385,Robin L. Kelly,Democrat,IL,8992,691.6923,1.895,0.2877,-0.0154
L000579,Alan Lowenthal,Democrat,CA,7009,738.3218,2.0228,0.3287,0.0748
L000273,Teresa Leger Fernandez,Democrat,NM,3850,683.4874,1.8726,0.2699,-0.0815
T000460,Mike Thompson,Democrat,CA,17867,1312.6922,3.5964,0.1395,-0.1502
H001102,Mark Harris,Republican,NC,1407,879.375,2.4092,0.5572,0.1504
F000484,Randy Fine,Republican,FL,4239,3250.4937,8.9055,0.506,0.0901
C001123,"Gilbert Ray Cisneros, Jr.",Democrat,CA,3723,487.7584,1.3363,0.234,-0.0844
M001234,Kelly Morrison,Democrat,MN,1191,731.8434,2.0051,0.5231,0.1024
M001229,LaMonica McIver,Democrat,NJ,2548,1336.2356,3.6609,0.3881,-0.0365
S001232,Tim Sheehy,Republican,MT,1054,642.2538,1.7596,0.3283,-0.0907
R000620,Luz M. Rivas,Democrat,CA,1224,749.5973,2.0537,0.4199,-0.0057
H001046,Martin Heinrich,Democrat,NM,5467,572.4197,1.5683,0.3466,-0.0016
E000215,"Eshoo, Anna ",Democrat,CA,3991,288.6299,0.7908,0.2255,-0.0297
N000147,Eleanor Holmes Norton,Democrat,DC,2744,325.1818,0.8909,0.2591,-0.0861
G000588,Anthony Gonzalez,Republican,OH,1713,477.6509,1.3086,0.1197,-0.171
W000815,"Wenstrup, Brad",Republican,OH,6824,589.3895,1.6148,0.1416,-0.0897
R000612,John W. Rose,Republican,TN,2937,384.6448,1.0538,0.3578,0.0202
P000599,"Posey, Bill",Republican,FL,594,51.4377,0.1409,0.3316,0.0424
L000583,Barry Loudermilk,Republican,GA,3976,341.951,0.9369,0.2754,-0.0103
E000235,Mike Ezell,Republican,MS,1198,333.0312,0.9124,0.3414,-0.032
M000702,Barbara Mikulski,Democrat,MD,3255,639.7819,1.7528,0.1465,-0.0122
G000359,"Graham, Lindsey",Republican,SC,1196,102.4261,0.2806,0.4933,0.1546
B001265,Mark Begich,Democrat,AK,1298,399.8059,1.0954,0.0562,-0.1064
T000471,Bob Turner,Republican,NY,295,243.6086,0.6674,0.0881,-0.0764
A000022,Gary Ackerman,Democrat,NY,184,102.2222,0.2801,0.3533,0.1884
G000410,Gene Green,Democrat,TX,1829,239.4494,0.656,0.1897,-0.0402
P000591,Tom Price,Republican,GA,2691,508.9197,1.3943,0.3043,0.1434
T000484,Xochitl Torres Small,Democrat,NM,1031,516.2071,1.4143,0.065,-0.2205
Z000017,Lee Zeldin,Republican,NY,3588,594.2015,1.6279,0.3236,0.0666
L000563,Dan Lipinski,Democrat,IL,3644,452.2475,1.239,0.1235,-0.1217
S000522,Chris Smith,Republican,NJ,935,122.1894,0.3348,0.1476,-0.0413
S001191,"Sinema, Kyrsten",Democrat,AZ,9706,819.6876,2.2457,0.0581,-0.139
C001092,Chris Collins,Republican,NY,2971,530.0171,1.4521,0.1511,-0.0332
W000820,Mimi Walters,Republican,CA,2305,580.2241,1.5897,0.0842,-0.126
C001106,Ryan Costello,Republican,PA,1488,400.8266,1.0982,0.0262,-0.1507
M001181,Pat Meehan,Republican,PA,2836,523.0622,1.433,0.1551,-0.0089
B001280,Kerry Bentivolio,Republican,MI,959,490.2451,1.3431,0.1929,0.0306
F000372,Rodney Frelinghuysen,Republican,NJ,1093,201.4874,0.552,0.0366,-0.164
S001208,Elissa Slotkin,Democrat,MI,5620,735.233,2.0143,0.197,-0.1254
W000790,Raphael G. Warnock,Democrat,GA,8412,1502.8781,4.1175,0.22,-0.1171
C001075,Bill Cassidy,Republican,LA,13217,1349.428,3.6971,0.2878,-0.039
J000299,Mike Johnson,Republican,LA,5446,566.4833,1.552,0.3586,0.0489
K000009,Marcy Kaptur,Democrat,OH,7263,536.6387,1.4702,0.2433,-0.0505
P000608,Scott H. Peters,Democrat,CA,15393,1134.3519,3.1078,0.1646,-0.0927
K000380,"Kildee, Dan",Democrat,MI,8222,696.2947,1.9077,0.2214,-0.03
M001212,Barry Moore,Republican,AL,3760,666.5372,1.8261,0.508,0.1688
G000558,Brett Guthrie,Republican,KY,4322,286.2511,0.7842,0.1828,-0.1221
K000393,John Kennedy,Republican,LA,7738,802.15,2.1977,0.4625,0.1336
D000096,Danny K. Davis,Democrat,IL,4588,336.7424,0.9226,0.1979,-0.0819
J000292,"Johnson, Bill",Republican,OH,7907,605.9322,1.6601,0.192,-0.034
B001223,"Bowman, Jamaal",Democrat,NY,3335,856.6327,2.3469,0.2447,-0.0705
L000576,Billy Long,Republican,MO,11651,1262.6529,3.4593,0.2719,0.0421
S000344,Brad Sherman,Democrat,CA,3455,370.0337,1.0138,0.3676,0.0235
M000871,Tracey Mann,Republican,KS,1886,334.983,0.9178,0.3091,-0.0399
W000817,Elizabeth Warren,Democrat,MA,33918,2484.9599,6.8081,0.5005,0.1958
J000307,John James,Republican,MI,3397,934.367,2.5599,0.2953,-0.0883
L000607,Sam T. Liccardo,Democrat,CA,2214,1353.6181,3.7085,0.411,-0.0083
M001224,Nathaniel Moran,Republican,TX,1624,448.7207,1.2294,0.2414,-0.1471
M001237,Kristen McDonald Rivet,Democrat,MI,557,340.5444,0.933,0.3465,-0.0778
C001133,Juan Ciscomani,Republican,AZ,2970,816.3027,2.2364,0.1212,-0.2523
W000829,Tony Wied,Republican,WI,1247,698.0905,1.9126,0.3456,-0.0782
T000490,David J. Taylor,Republican,OH,709,438.6186,1.2017,0.1989,-0.2168
P000604,"Payne Jr., Donald",Democrat,NJ,6770,617.917,1.6929,0.1984,-0.0456
M001206,Joseph D. Morelle,Democrat,NY,8719,1123.7412,3.0787,0.2125,-0.1231
M001180,David McKinley,Republican,WV,7934,690.1597,1.8908,0.1699,-0.0604
C001119,Angie Craig,Democrat,MN,9434,1235.5257,3.385,0.2152,-0.1258
G000594,"Gonzales, Tony",Republican,TX,2504,638.6862,1.7498,0.1797,-0.1335
D000624,Debbie Dingell,Democrat,MI,6882,592.0174,1.622,0.2034,-0.0873
H001067,Richard Hudson,Republican,NC,10220,750.7144,2.0568,0.2612,-0.0029
H001072,J. French Hill,Republican,AR,5500,473.0207,1.2959,0.1633,-0.1297
B000490,"Sanford D. Bishop, Jr.",Democrat,GA,1156,138.8417,0.3804,0.0848,-0.2622
V000136,Gabe Vasquez,Democrat,NM,2281,627.4039,1.7189,0.2157,-0.1611
C001036,Lois Capps,Democrat,CA,2376,422.0146,1.1562,0.0838,-0.0738
Z000018,Ryan K. Zinke,Republican,MT,2164,196.4826,0.5383,0.2075,-0.0948
C001115,"Cloud, Michael",Republican,TX,1188,190.7699,0.5227,0.4865,0.1695
E000290,Donna Edwards,Democrat,MD,3813,751.8882,2.06,0.213,0.054
R000594,Jon Runyan,Republican,NJ,681,212.4487,0.5821,0.0176,-0.1433
S000822,Cliff Stearns,Republican,FL,278,153.7424,0.4212,0.2122,0.0472
L000263,Sander Levin,Democrat,MI,3054,394.169,1.0799,0.3818,0.1764
M001139,Gary Miller,Republican,CA,231,72.4979,0.1986,0.0996,-0.0743
A000366,Sandy Adams,Republican,FL,250,138.4674,0.3794,0.208,0.0431
C001071,Bob Corker,Republican,TN,3948,494.177,1.3539,0.1461,-0.0428
R000587,Reid Ribble,Republican,WI,1574,300.0052,0.8219,0.0959,-0.0559
S001206,Donna Shalala,Democrat,FL,2793,1400.3365,3.8365,0.2793,-0.0073
I000055,Johnny Isakson,Republican,GA,4725,686.0084,1.8795,0.0601,-0.1603
J000309,Jonathan L. Jackson,Democrat,IL,519,164.4401,0.4505,0.1985,-0.1445
P000611,Bruce Poliquin,Republican,ME,1519,385.2919,1.0556,0.0948,-0.1047
G000580,Tom Garrett,Republican,VA,1340,717.1554,1.9648,0.1425,-0.1338
P000594,Erik Paulsen,Republican,MN,3150,507.6159,1.3907,0.0892,-0.1047
C001105,Barbara Comstock,Republican,VA,2211,686.8213,1.8817,0.052,-0.1604
B001277,Richard Blumenthal,Democrat,CT,26883,1747.5147,4.7877,0.42,0.1515
S001212,Pete Stauber,Republican,MN,6394,836.491,2.2918,0.3069,-0.0387
S001175,Jackie Speier,Democrat,CA,8339,719.0491,1.97,0.4499,0.2067
S001217,Rick Scott,Republican,FL,25436,3332.4264,9.1299,0.4976,0.1665
M001188,Grace Meng,Democrat,NY,13482,996.3414,2.7297,0.2247,-0.0786
H001081,Jahana Hayes,Democrat,CT,9143,1196.9853,3.2794,0.0954,-0.2277
G000585,Jimmy Gomez,Democrat,CA,10860,1199.7276,3.2869,0.327,0.0114
S001194,Brian Schatz,Democrat,HI,9363,697.0212,1.9096,0.3543,0.0417
B001300,Nanette Diaz Barragán,Democrat,CA,8394,991.8453,2.7174,0.2873,-0.0293
C001059,Jim Costa,Democrat,CA,6603,463.9259,1.271,0.1104,-0.1895
L000560,Rick Larsen,Democrat,WA,16516,1242.1883,3.4033,0.14,-0.1231
C001109,Liz Cheney,Republican,WY,1651,321.9097,0.8819,0.3192,0.0247
A000377,"Armstrong, Kelly",Republican,ND,4577,773.7865,2.12,0.2368,-0.0612
B001299,"Banks, Jim",Republican,IN,8646,1359.0827,3.7235,0.533,0.2345
L000570,Ben Ray Luján,Democrat,NM,10185,651.6258,1.7853,0.279,-0.0317
C001095,Tom Cotton,Republican,AR,17722,1415.7431,3.8787,0.5209,0.2191
B001230,Tammy Baldwin,Democrat,WI,22018,1631.4596,4.4698,0.2253,-0.03
G000559,John Garamendi,Democrat,CA,12118,898.2677,2.461,0.2302,-0.0249
R000585,Tom Reed,Republican,NY,3061,304.5979,0.8345,0.1366,-0.1079
A000370,Alma S. Adams,Democrat,NC,8173,702.5777,1.9249,0.2119,-0.0637
R000600,Aumua Amata Coleman Radewagen,Republican,AS,888,77.245,0.2116,0.0484,-0.267
C001120,Dan Crenshaw,Republican,TX,9142,1195.5679,3.2755,0.4945,0.1563
R000606,Jamie Raskin,Democrat,MD,9109,945.8848,2.5915,0.3501,0.0353
C000266,Steve Chabot,Republican,OH,4766,412.5184,1.1302,0.0957,-0.1229
V000131,Marc A. Veasey,Democrat,TX,7965,587.4369,1.6094,0.2193,-0.0591
H001090,Josh Harder,Democrat,CA,5676,743.6253,2.0373,0.2107,-0.1057
A000375,Jodey C. Arrington,Republican,TX,6153,638.3869,1.749,0.3332,0.0164
H001080,Deb Haaland,Democrat,NM,4552,2082.0551,5.7043,0.1784,-0.1089
J000294,Hakeem S. Jeffries,Democrat,NY,6969,511.9108,1.4025,0.5691,0.2836
M001217,Jared Moskowitz,Democrat,FL,1559,432.3974,1.1847,0.2694,-0.1049
L000598,Nick LaLota,Republican,NY,3326,913.4612,2.5026,0.337,-0.0499
B001316,Eric Burlison,Republican,MO,5531,1525.9373,4.1807,0.5805,0.1859
H001104,Jon Husted,Republican,OH,1336,840.7586,2.3034,0.232,-0.1782
G000599,Daniel S. Goldman,Democrat,NY,4946,1360.4295,3.7272,0.57,0.1866
F000474,Mike Flood,Republican,NE,2575,625.749,1.7144,0.1849,-0.1974
J000311,Brian Jack,Republican,GA,198,124.389,0.3408,0.1364,-0.2924
K000402,Timothy M. Kennedy,Democrat,NY,1021,443.1213,1.214,0.4016,-0.0144
C000174,"Carper, Thomas ",Democrat,DE,12583,919.4785,2.5191,0.1851,-0.0582
B000944,"Brown, Sherrod",Democrat,OH,9482,682.8986,1.871,0.2824,0.0202
F000062,Dianne Feinstein,Democrat,CA,10121,1060.3229,2.905,0.2793,0.0265
K000395,Fred Keller,Republican,PA,3785,1217.2026,3.3348,0.3329,0.04
M001204,Daniel Meuser,Republican,PA,4986,652.9925,1.789,0.2956,-0.051
P000597,Chellie Pingree,Democrat,ME,2513,254.5781,0.6975,0.3128,-0.0125
W000798,Tim Walberg,Republican,MI,7971,511.6804,1.4019,0.206,-0.0598
C001126,Mike Carey,Republican,OH,1539,321.9112,0.8819,0.1559,-0.2221
O000168,Pete Olson,Republican,TX,8009,800.6806,2.1936,0.1417,-0.1084
H001060,Robert Hurt,Republican,VA,2106,376.2555,1.0308,0.0442,-0.1147
L000578,"LaMalfa, Doug",Republican,CA,2796,235.6361,0.6456,0.3237,0.0313
F000485,Clay Fuller,Republican,GA,561,1575.1154,4.3154,0.385,-0.0111
B001273,Diane Black,Republican,TN,5342,670.7362,1.8376,0.2787,0.0965
R000589,Scott Rigell,Republican,VA,3435,673.3485,1.8448,0.1194,-0.0417
R000307,Pat Roberts,Republican,KS,6271,627.4438,1.719,0.1214,-0.0938
B000410,Howard Berman,Democrat,CA,72,37.8674,0.1037,0.1389,-0.0257
C001101,Katherine Clark,Democrat,MA,4487,943.951,2.5862,0.3985,0.1542
W000827,Ron Wright,Republican,TX,1288,614.5359,1.6837,0.2911,0.0048
N000194,"Nickel, Wiley",Democrat,NC,720,387.0398,1.0604,0.1958,-0.1456
C001135,"Chavez-DeRemer, Lori",Republican,OR,884,484.4745,1.3273,0.0984,-0.2435
G000564,Chris Gibson,Republican,NY,1436,246.6541,0.6758,0.0132,-0.1424
K000390,Ruben Kihuen,Democrat,NV,89,401.0494,1.0988,0.1011,-0.1761
R000409,Dana Rohrabacher,Republican,CA,252,45.5121,0.1247,0.1984,-0.0318
J000297,Evan Jenkins,Republican,WV,119,131.2236,0.3595,0.0588,-0.2182
J000032,"Jackson Lee, Sheila",Democrat,TX,629,91.9443,0.2519,0.1685,-0.1687
M001177,Tom McClintock,Republican,CA,1977,126.5086,0.3466,0.3288,0.0229
D000032,Byron Donalds,Republican,FL,4449,790.5964,2.166,0.4561,0.0949
K000397,Young Kim,Republican,CA,7994,1417.1005,3.8825,0.2456,-0.1026
C001063,Henry Cuellar,Democrat,TX,9827,631.1552,1.7292,0.0697,-0.1888
B001288,Cory A. Booker,Democrat,NJ,39654,3092.0124,8.4713,0.1831,-0.0371
B001306,Troy Balderson,Republican,OH,3927,493.0702,1.3509,0.2108,-0.1046
C001117,Sean Casten,Democrat,IL,15578,2038.7128,5.5855,0.3036,-0.0209
O000171,Tom O'Halleran,Democrat,AZ,5478,978.6931,2.6814,0.0831,-0.2056
R000305,Deborah K. Ross,Democrat,NC,5972,1060.2043,2.9047,0.2771,-0.0716
S000320,Richard Shelby,Republican,AL,2875,254.7027,0.6978,0.1207,-0.1228
H001068,Jared Huffman,Democrat,CA,7171,527.2794,1.4446,0.3189,0.036
K000378,Adam Kinzinger,Republican,IL,8666,749.5474,2.0536,0.1726,-0.0432
L000582,Ted Lieu,Democrat,CA,21590,1874.4886,5.1356,0.5204,0.21
F000459,"Charles J. ""Chuck"" Fleischmann",Republican,TN,7038,450.3629,1.2339,0.2532,-0.0425
T000482,Lori Trahan,Democrat,MA,10701,1400.9559,3.8382,0.2294,-0.0888
B001309,Tim Burchett,Republican,TN,15741,2058.5686,5.6399,0.3298,-0.0232
G000593,Carlos A. Gimenez,Republican,FL,7644,1354.3981,3.7107,0.3437,-0.0208
B001312,Carolyn Bourdeaux,Democrat,GA,2117,1325.3945,3.6312,0.1167,-0.1868
C001055,Ed Case,Democrat,HI,4023,527.2513,1.4445,0.0781,-0.2468
B001257,Gus M. Bilirakis,Republican,FL,9214,589.1924,1.6142,0.1789,-0.0753
R000605,Mike Rounds,Republican,SD,6180,532.3814,1.4586,0.105,-0.1804
S001145,Janice D. Schakowsky,Democrat,IL,5259,378.7559,1.0377,0.3776,0.0766
C001061,Emanuel Cleaver,Democrat,MO,14471,936.6758,2.5662,0.2904,0.0127
S001227,Eric Schmitt,Republican,MO,7703,2113.9812,5.7917,0.5215,0.1336
C001129,Mike Collins,Republican,GA,5608,1543.6802,4.2293,0.2971,-0.0846
P000622,Jimmy Patronis,Republican,FL,2428,1747.9684,4.789,0.2574,-0.1594
B001321,Tom Barrett,Republican,MI,890,545.9664,1.4958,0.1292,-0.2822
M001235,Riley M. Moore,Republican,WV,2619,1598.5535,4.3796,0.2703,-0.1494
F000480,Vince Fong,Republican,CA,992,509.2546,1.3952,0.2208,-0.194
A000379,Mark Alford,Republican,MO,4954,1360.5794,3.7276,0.3195,-0.0597
S000185,"Robert C. ""Bobby"" Scott",Democrat,VA,3362,345.8653,0.9476,0.224,-0.1286
L000601,Greg Landsman,Democrat,OH,3396,932.6862,2.5553,0.391,0.002
L000566,Robert E. Latta,Republican,OH,2967,354.3701,0.9709,0.1722,-0.1789
V000128,Chris Van Hollen,Democrat,MD,10706,695.4422,1.9053,0.5467,0.2566
M000355,Mitch McConnell,Republican,KY,9028,719.7947,1.972,0.3106,0.0294
S001150,Adam B. Schiff,Democrat,CA,14377,919.8256,2.5201,0.5254,0.2301
S000033,Bernard Sanders,Independent,VT,41810,2671.2148,7.3184,0.4277,0.1882
K000383,"Angus S. King, Jr.",Independent,ME,6718,493.7716,1.3528,0.1173,-0.1426
H001042,Mazie K. Hirono,Democrat,HI,4596,327.5166,0.8973,0.544,0.2116
S001180,Kurt Schrader,Democrat,OR,3440,297.2538,0.8144,0.1058,-0.1252
W000816,Roger Williams,Republican,TX,8826,665.1848,1.8224,0.2519,-0.0389
S001148,Michael K. Simpson,Republican,ID,2417,285.8733,0.7832,0.2218,-0.1532
G000606,Adelita S. Grijalva,Democrat,AZ,346,449.4306,1.2313,0.6358,0.2308
D000614,Sean Duffy,Republican,WI,6323,725.525,1.9877,0.1344,-0.0879
U000039,Tom Udall,Democrat,NM,7420,742.4068,2.034,0.3265,0.0904
R000593,Dennis Ross,Republican,FL,9874,1247.9259,3.419,0.2889,0.1192
H001064,Denny Heck,Democrat,WA,4140,525.4172,1.4395,0.1495,-0.0733
R000613,Max Rose,Democrat,NY,1427,717.4311,1.9656,0.2642,-0.0238
F000467,Abby Finkenauer,Democrat,IA,1209,614.6031,1.6838,0.1017,-0.183
C001107,Carlos Curbelo,Republican,FL,3570,926.7781,2.5391,0.1022,-0.1215
L000584,Mia Love,Republican,UT,1597,411.0755,1.1262,0.134,-0.1052
P000606,Robert Pittenger,Republican,NC,6189,1134.5982,3.1085,0.1952,0.0271
S000051,Mark Sanford,Republican,SC,2407,441.0417,1.2083,0.0823,-0.1303
G000570,Frank Guinta,Republican,NH,1098,279.2822,0.7652,0.1011,-0.0427
V000137,"Vance, J.D. ",Republican,OH,848,555.6912,1.5224,0.5684,0.2235
S001222,"Santos, George",Republican,NY,445,892.4451,2.4451,0.4315,0.0831
D000563,Richard J. Durbin,Democrat,IL,30510,1971.3489,5.401,0.3581,0.0872
N000015,Richard E. Neal,Democrat,MA,5450,371.3366,1.0174,0.169,-0.1283
B001261,John Barrasso,Republican,WY,9596,612.8679,1.6791,0.3641,0.0916
R000577,Tim Ryan,Democrat,OH,9769,842.1552,2.3073,0.2472,0.0017
S000250,Pete Sessions,Republican,TX,2012,209.2251,0.5732,0.2669,-0.0886
H001079,Cindy Hyde-Smith,Republican,MS,6546,781.8357,2.142,0.2154,-0.115
W000437,Roger F. Wicker,Republican,MS,13019,841.6463,2.3059,0.2414,-0.0353
C001091,Joaquin Castro,Democrat,TX,4669,475.3654,1.3024,0.4847,0.1387
C001098,Ted Cruz,Republican,TX,50753,3727.333,10.2119,0.4578,0.1451
C001039,Kat Cammack,Republican,FL,6438,1141.8222,3.1283,0.2895,-0.0406
H000273,John W. Hickenlooper,Democrat,CO,7428,1316.1262,3.6058,0.3823,0.0158
G000592,Jared F. Golden,Democrat,ME,3601,471.6057,1.2921,0.1961,-0.1234
H000601,Bill Hagerty,Republican,TN,10493,1860.0996,5.0962,0.4992,0.1714
P000607,Mark Pocan,Democrat,WI,14064,1058.2066,2.8992,0.4409,0.1502
C001035,Susan M. Collins,Republican,ME,5595,357.7115,0.98,0.0897,-0.1662
B001270,Karen Bass,Democrat,CA,6523,564.4606,1.5465,0.3011,0.0741
C001088,Christopher A. Coons,Democrat,DE,6867,477.9662,1.3095,0.2599,-0.0316
C001070,"Casey, Robert Jr.",Democrat,PA,15154,1117.8678,3.0627,0.2933,0.0333
S001157,"Scott, David",Democrat,GA,3933,282.6432,0.7744,0.148,-0.0719
G000579,"Gallagher, Mike",Republican,WI,3537,641.6526,1.758,0.2615,-0.037
L000599,Michael Lawler,Republican,NY,4328,1196.7576,3.2788,0.2172,-0.1594
C001131,Greg Casar,Democrat,TX,2342,646.13,1.7702,0.532,0.1462
C001130,Jasmine Crockett,Democrat,TX,4259,1173.234,3.2143,0.475,0.0878
E000300,Gabe Evans,Republican,CO,1506,922.2987,2.5268,0.3699,-0.0516
B001324,Wesley Bell,Democrat,MO,790,495.4467,1.3574,0.3468,-0.0789
H001093,Erin Houchin,Republican,IN,1796,496.6212,1.3606,0.2433,-0.1423
G000603,Brandon Gill,Republican,TX,3163,1927.3706,5.2805,0.5855,0.1707
M001243,David McCormick,Republican,PA,836,516.3113,1.4146,0.1758,-0.2348
S001218,Melanie A. Stansbury,Democrat,NM,5214,1002.6923,2.7471,0.3109,-0.0602
L000600,Nicholas A. Langworthy,Republican,NY,1809,500.2159,1.3705,0.3466,-0.0383
D000635,Maxine Dexter,Democrat,OR,854,542.1043,1.4852,0.6405,0.2281
B001224,"Bush, Cori",Democrat,MO,2391,609.8637,1.6709,0.3522,0.0318
J000302,John Joyce,Republican,PA,3022,396.2033,1.0855,0.2899,-0.0363
A000371,Pete Aguilar,Democrat,CA,3356,306.695,0.8403,0.2837,-0.0137
W000812,Ann Wagner,Republican,MO,5744,421.5886,1.155,0.2108,-0.0556
F000246,Pat Fallon,Republican,TX,5960,1056.0194,2.8932,0.6096,0.2514
C001053,Tom Cole,Republican,OK,1943,231.6874,0.6348,0.2064,-0.1196
M000303,John McCain,Republican,AZ,11719,1533.6805,4.2019,0.1856,0.0078
N000193,Zachary Nunn,Republican,IA,2230,622.2859,1.7049,0.1785,-0.1888
M001239,John J. McGuire III,Republican,VA,806,495.2694,1.3569,0.1129,-0.2913
K000360,Mark Kirk,Republican,IL,4173,817.1379,2.2387,0.225,0.0706
M001142,Jim Matheson,Democrat,UT,426,145.863,0.3996,0.0469,-0.1205
F000451,Mike Fitzpatrick,Republican,PA,4557,890.8972,2.4408,0.0797,-0.0815
H000206,Tom Harkin,Democrat,IA,1809,460.1289,1.2606,0.0741,-0.0856
F000458,Stephen Fincher,Republican,TN,2714,477.863,1.3092,0.161,-0.0016
H001036,Jeb Hensarling,Republican,TX,960,121.4137,0.3326,0.2042,0.0067
M001179,Tom Marino,Republican,PA,2813,354.2943,0.9707,0.2041,0.0375
H001083,Kendra Horn,Democrat,OK,968,490.7222,1.3444,0.1219,-0.1643
D000598,Susan Davis,Democrat,CA,2531,327.3618,0.8969,0.2292,0.0087
M001231,John W. Mannion,Democrat,NY,39,431.3636,1.1818,0.2821,-0.1637
B001293,Mike Bishop,Republican,MI,2166,557.9323,1.5286,0.0868,-0.123
C001064,John Campbell,Republican,CA,552,176.5819,0.4838,0.1938,0.0207
L000274,Jerry Lewis,Republican,CA,76,51.2754,0.1405,0.1579,-0.0073
E000292,Bill Enyart,Democrat,IL,366,196.4559,0.5382,0.082,-0.063
G000582,"González-Cólón, Jenniffer",Republican,PR,824,464.8532,1.2736,0.0303,-0.3118
W000826,"Wild, Susan",Democrat,PA,4795,810.2662,2.2199,0.156,-0.1498
C001121,Jason Crow,Democrat,CO,7457,975.2078,2.6718,0.3166,-0.0144
H001066,Steven Horsford,Democrat,NV,11327,830.1918,2.2745,0.1931,-0.1129
L000593,Mike Levin,Democrat,CA,8330,1090.9401,2.9889,0.3076,-0.0245
M001157,Michael T. McCaul,Republican,TX,8316,531.8626,1.4572,0.2608,-0.0299
S000770,"Stabenow, Debbie",Democrat,MI,7559,542.6898,1.4868,0.1738,-0.1043
M000934,Jerry Moran,Republican,KS,3255,384.8639,1.0544,0.1183,-0.2223
V000132,Filemon Vela,Democrat,TX,2170,243.7827,0.6679,0.1401,-0.1024
S001213,Bryan Steil,Republican,WI,7116,932.6176,2.5551,0.2063,-0.1189
U000040,Lauren Underwood,Democrat,IL,5230,685.1938,1.8772,0.135,-0.1774
R000584,James E. Risch,Republican,ID,6317,464.4853,1.2726,0.2325,-0.0776
M000317,Nicole Malliotakis,Republican,NY,6387,1132.777,3.1035,0.4846,0.1408
R000597,Tom Rice,Republican,SC,2337,243.7854,0.6679,0.1652,-0.0923
R000515,Bobby Rush,Democrat,IL,6245,556.7721,1.5254,0.3665,0.0942
B001292,"Donald S. Beyer, Jr.",Democrat,VA,18036,1549.3387,4.2448,0.4901,0.2086
C001104,Madison Cawthorn,Republican,NC,2358,1489.0484,4.0796,0.5318,0.2332
W000823,"Waltz, Michael",Republican,FL,3976,697.3763,1.9106,0.2208,-0.0679
D000627,Val Demings,Democrat,FL,11531,2060.115,5.6442,0.3335,0.0409
C001096,Kevin Cramer,Republican,ND,11657,854.3785,2.3408,0.2254,-0.074
P000618,"Porter, Katie",Democrat,CA,3564,601.9713,1.6492,0.3591,0.0587
P000145,Alex Padilla,Democrat,CA,9159,1637.1376,4.4853,0.3684,0.0279
N000026,Troy E. Nehls,Republican,TX,5036,892.301,2.4447,0.5171,0.1656
B001274,Mo Brooks,Republican,AL,4745,410.4088,1.1244,0.3583,0.0964
C000537,James E. Clyburn,Democrat,SC,2745,327.5335,0.8974,0.3938,0.0515
C001097,"Cardenas, Tony",Democrat,CA,10262,881.7396,2.4157,0.2061,-0.0164
W000805,Mark R. Warner,Democrat,VA,6744,525.5252,1.4398,0.4342,0.0845
H001077,Clay Higgins,Republican,LA,3005,355.1894,0.9731,0.3784,0.0548
M001160,Gwen Moore,Democrat,WI,13182,885.2677,2.4254,0.329,0.0658
J000020,Chris Jacobs,Republican,NY,873,429.4407,1.1765,0.3585,0.0596
J000310,Julie Johnson,Democrat,TX,1174,765.1964,2.0964,0.4523,0.0366
R000618,Pete Ricketts,Republican,NE,2646,745.2083,2.0417,0.2302,-0.153
K000398,"Thomas H. Kean, Jr.",Republican,NJ,2173,597.6978,1.6375,0.0861,-0.2869
W000800,Peter Welch,Democrat,VT,538,92.7148,0.254,0.3141,-0.0347
G000598,Robert Garcia,Democrat,CA,2861,792.3103,2.1707,0.5973,0.2145
S001223,Emilia Strong Sykes,Democrat,OH,2796,768.4789,2.1054,0.1527,-0.2254
A000369,Mark E. Amodei,Republican,NV,1032,88.0505,0.2412,0.1017,-0.1941
L000602,Summer L. Lee,Democrat,PA,3005,826.5448,2.2645,0.4829,0.1074
L000589,"Lesko, Debbie",Republican,AZ,8086,1232.8279,3.3776,0.4533,0.1504
B001260,Vern Buchanan,Republican,FL,2686,174.3225,0.4776,0.3079,-0.0741
B001310,"Braun, Mike",Republican,IN,4480,755.9871,2.0712,0.3714,0.0684
T000476,Thom Tillis,Republican,NC,8188,703.3702,1.927,0.2019,-0.0764
D000191,Peter DeFazio,Democrat,OR,3467,302.09,0.8276,0.2642,0.0041
B001317,Josh Brecheen,Republican,OK,1685,464.8715,1.2736,0.4973,0.1232
M001222,Max L. Miller,Republican,OH,1610,445.8649,1.2215,0.2547,-0.1069
F000448,Trent Franks,Republican,AZ,1141,222.947,0.6108,0.3672,0.2179
D000603,Geoff Davis,Republican,KY,660,857.2954,2.3488,0.2242,0.0596
B001135,Richard Burr,Republican,NC,3197,319.7876,0.8761,0.1717,-0.0232
I000057,Steve Israel,Democrat,NY,3168,624.7002,1.7115,0.2023,0.0475
F000456,John Fleming,Republican,LA,1145,202.287,0.5542,0.3755,0.2153
J000300,Doug Jones,Democrat,AL,1689,567.6657,1.5552,0.0953,-0.1872
C001124,T.J. Cox,Democrat,CA,2286,1147.7166,3.1444,0.1347,-0.1507
H001075,Kamala Harris,Democrat,CA,4886,1259.4562,3.4506,0.4488,0.1671
C000984,Elijah Cummings,Democrat,MD,4822,797.8377,2.1859,0.2814,0.0858
L000581,Brenda Lawrence,Democrat,MI,4558,919.1547,2.5182,0.2648,0.0434
M001155,Connie Mack,Republican,FL,177,121.8962,0.334,0.226,0.0609
D000632,"D'Esposito, Anthony",Republican,NY,1018,558.7519,1.5308,0.3517,0.0152
P000619,"Peltola, Mary",Democrat,AK,823,379.2866,1.0391,0.0802,-0.2571
W000828,"Williams, Brandon",Republican,NY,1014,597.916,1.6381,0.2022,-0.1403
N000127,Rick Nolan,Democrat,MN,2771,466.3047,1.2775,0.162,-0.0279
N000187,Gloria Negrete McLeod,Democrat,CA,365,208.8166,0.5721,0.074,-0.0856
W000738,Lynn Woolsey,Democrat,CA,3,5.5025,0.0151,0.3333,0.1689
C001113,Catherine Cortez Masto,Democrat,NV,15774,1637.0515,4.4851,0.2684,-0.0482
W000809,Steve Womack,Republican,AR,12474,797.9338,2.1861,0.1131,-0.1537
M000639,"Menendez, Bob",Democrat,NJ,17271,1275.0637,3.4933,0.315,0.0535
W000788,Nikema Williams,Democrat,GA,6822,1211.1041,3.3181,0.2392,-0.1016
P000595,Gary C. Peters,Democrat,MI,12175,778.9439,2.1341,0.1609,-0.1155
M001136,Lisa C. McClain,Republican,MI,7497,1330.2893,3.6446,0.5057,0.1523
F000472,Scott Franklin,Republican,FL,2678,475.4232,1.3025,0.2718,-0.0771
A000378,Cindy Axne,Democrat,IA,3643,1011.9444,2.7725,0.1293,-0.1651
L000564,"Lamborn, Doug",Republican,CO,6115,519.1847,1.4224,0.3243,0.0804
S001189,Austin Scott,Republican,GA,1072,105.7799,0.2898,0.3741,0.0288
G000591,Michael Guest,Republican,MS,4331,566.8035,1.5529,0.2902,-0.044
B001278,Suzanne Bonamici,Democrat,OR,11987,884.4259,2.4231,0.215,-0.0753
L000571,Cynthia M. Lummis,Republican,WY,7395,753.749,2.0651,0.296,-0.0645
D000617,Suzan K. DelBene,Democrat,WA,10706,791.1905,2.1676,0.1904,-0.0866
S001207,"Sherrill, Mikie",Democrat,NJ,5156,870.0601,2.3837,0.1078,-0.1973
S001154,Bill Shuster,Republican,PA,2328,294.1225,0.8058,0.1869,0.0112
R000610,Guy Reschenthaler,Republican,PA,2922,387.8291,1.0625,0.603,0.2739
W000802,Sheldon Whitehouse,Democrat,RI,27507,1795.4319,4.919,0.453,0.1578
M001135,"Manning, Kathy ",Democrat,NC,2424,617.8492,1.6927,0.1943,-0.1239
Q000023,Mike Quigley,Democrat,IL,19651,1256.1497,3.4415,0.2597,-0.0016
K000384,Tim Kaine,Democrat,VA,10369,759.6718,2.0813,0.3011,0.0177
R000588,Cedric Richmond,Democrat,LA,2694,276.677,0.758,0.1485,-0.0484
M001230,Ryan Mackenzie,Republican,PA,818,509.5051,1.3959,0.0966,-0.3326
K000400,Sydney Kamlager-Dove,Democrat,CA,3274,899.1798,2.4635,0.4899,0.1036
M001236,Tim Moore,Republican,NC,756,462.2111,1.2663,0.2143,-0.2174
M001227,Jennifer L. McClellan,Democrat,VA,3618,1042.281,2.8556,0.2543,-0.1283
F000478,Russell Fry,Republican,SC,2666,734.9622,2.0136,0.3755,-0.0125
I000058,Glenn Ivey,Democrat,MD,1917,536.1724,1.469,0.374,-0.0169
C001132,Elijah Crane,Republican,AZ,5500,1509.3985,4.1353,0.4024,0.0044
R000603,David Rouzer,Republican,NC,3663,314.9576,0.8629,0.1736,-0.1168
Y000067,Rudy Yakym III,Republican,IN,2633,725.317,1.9872,0.2947,-0.0876
B001304,Anthony Brown,Democrat,MD,3231,893.4205,2.4477,0.3742,0.0733
H001053,Vicky Hartzler,Republican,MO,8628,745.2011,2.0416,0.2035,-0.0173
F000466,Brian K. Fitzpatrick,Republican,PA,7558,784.3816,2.149,0.1152,-0.2124
G000576,Glenn Grothman,Republican,WI,4392,378.7101,1.0376,0.1516,-0.1529
M001158,Kenny Marchant,Republican,TX,3944,426.6627,1.1689,0.2315,0.0578
L000287,John Lewis,Democrat,GA,1852,194.7508,0.5336,0.2117,0.0297
O000176,"Johnny Olszewski, Jr.",Democrat,MD,678,415.916,1.1395,0.4174,0.0051
E000071,Jake Ellzey,Republican,TX,793,160.5352,0.4398,0.1173,-0.2456
M000687,Kweisi Mfume,Democrat,MD,993,174.085,0.4769,0.2185,-0.1474
A000382,Angela D. Alsobrooks,Democrat,MD,53,33.2388,0.0911,0.0943,-0.3243
A000383,Alan Armstrong,,OK,105,262.5,0.7192,0.1714,-0.2247
S001186,Steve Southerland,Republican,FL,609,157.8729,0.4325,0.2184,0.0551
M001195,"Mooney, Alex",Republican,WV,2542,256.3066,0.7022,0.1892,-0.0695
B001289,Bradley Byrne,Republican,AL,11762,2002.3927,5.486,0.1485,-0.0634
S001177,"Sablan, Kilili",Democrat,MP,835,263.6462,0.7223,0.0275,-0.3066
L000567,Leonard Lance,Republican,NJ,1822,287.3941,0.7874,0.1087,-0.0813
D000533,John Duncan,Republican,TN,604,124.4131,0.3409,0.1573,-0.0173
B001290,Dave Brat,Republican,VA,1741,458.4885,1.2561,0.2309,0.0461
G000548,Scott Garrett,Republican,NJ,617,162.4856,0.4452,0.222,0.0572
E000246,Chuck Edwards,Republican,NC,143,41.3262,0.1132,0.2517,-0.0901
H001048,Duncan Hunter,Republican,CA,6,1.0316,0.0028,0.1667,-0.0792
L000586,Al Lawson,Democrat,FL,1628,365.899,1.0025,0.1229,-0.1709
M001111,Patty Murray,Democrat,WA,10883,988.6249,2.7086,0.4943,0.1581
M000133,Edward J. Markey,Democrat,MA,19329,1235.9995,3.3863,0.401,0.121
B001286,Cheri Bustos,Democrat,IL,6778,708.8739,1.9421,0.1472,-0.1125
P000197,Nancy Pelosi,Democrat,CA,16582,1059.7846,2.9035,0.3189,0.0429
B000825,Lauren Boebert,Republican,CO,11455,2029.6481,5.5607,0.5356,0.2001
M001215,Mariannette Miller-Meeks,Republican,IA,6927,1228.5496,3.3659,0.1872,-0.1614
E000297,Adriano Espaillat,Democrat,NY,14739,1766.1638,4.8388,0.2465,-0.07
O000173,Ilhan Omar,Democrat,MN,15970,2093.0162,5.7343,0.4245,0.1059
L000557,John B. Larson,Democrat,CT,10962,701.3374,1.9215,0.3186,0.0144
T000472,Mark Takano,Democrat,CA,7776,571.3043,1.5652,0.3284,0.0464
D000399,Lloyd Doggett,Democrat,TX,18701,1195.2136,3.2746,0.3982,0.1127
M000312,James P. McGovern,Democrat,MA,17988,1153.4821,3.1602,0.399,0.1259
D000600,Mario Diaz-Balart,Republican,FL,4625,547.2042,1.4992,0.2828,-0.0847
L000562,Stephen F. Lynch,Democrat,MA,5457,403.4444,1.1053,0.1847,-0.0786
N000188,Donald Norcross,Democrat,NJ,2023,239.0401,0.6549,0.3094,-0.0764
G000555,Kirsten E. Gillibrand,Democrat,NY,8067,567.989,1.5561,0.3954,0.0619
S001156,Linda T. Sánchez,Democrat,CA,2873,341.9123,0.9367,0.2861,-0.0578
T000467,Glenn Thompson,Republican,PA,1253,149.1667,0.4087,0.1405,-0.1855
C001087,"Eric A. ""Rick"" Crawford",Republican,AR,8294,531.3867,1.4559,0.2074,-0.0439
S001190,Bradley Scott Schneider,Democrat,IL,8703,640.0554,1.7536,0.2452,-0.0585
L000174,Patrick Leahy,Democrat,VT,16556,1439.4807,3.9438,0.2442,0.0226
T000478,Claudia Tenney,Republican,NY,13098,1414.8476,3.8763,0.4743,0.134
G000578,"Gaetz, Matt",Republican,FL,7488,1253.1499,3.4333,0.4964,0.1995
T000193,Bennie G. Thompson,Democrat,MS,2850,317.9248,0.871,0.3544,0.0048
B000740,Stephanie I. Bice,Republican,OK,4529,803.6388,2.2018,0.2928,-0.0653
K000377,Mark Kelly,Democrat,AZ,7398,1290.76,3.5363,0.2411,-0.1113
K000396,Kai Kahele,Democrat,HI,1114,731.3129,2.0036,0.1005,-0.2023
D000628,Neal P. Dunn,Republican,FL,2113,220.2299,0.6034,0.2082,-0.1457
T000463,Michael R. Turner,Republican,OH,6588,432.1747,1.184,0.1832,-0.0952
V000135,Derrick Van Orden,Republican,WI,9522,2613.1805,7.1594,0.4205,0.0271
A000380,Gabe Amo,Democrat,RI,2402,858.6974,2.3526,0.5021,0.0785
B001322,Michael Baumgartner,Republican,WA,1464,898.084,2.4605,0.2548,-0.1672
M001223,Seth Magaziner,Democrat,RI,4420,1213.9202,3.3258,0.3124,-0.0771
D000230,Donald G. Davis,Democrat,NC,3225,886.3893,2.4285,0.0304,-0.3516
O000175,Andrew Ogles,Republican,TN,3754,1032.5622,2.8289,0.5551,0.1589
H001101,Pat Harrigan,Republican,NC,1906,1181.1375,3.236,0.4276,0.005
B001318,Becca Balint,Democrat,VT,2673,734.6724,2.0128,0.4684,0.0955
M001241,Dave Min,Democrat,CA,674,415.5574,1.1385,0.6691,0.2446
C001136,"Herbert C. Conaway, Jr.",Democrat,NJ,423,263.4727,0.7218,0.5343,0.1016
C001125,Troy A. Carter,Democrat,LA,3094,594.061,1.6276,0.233,-0.1463
M001220,Morgan McGarvey,Democrat,KY,2539,698.8952,1.9148,0.2891,-0.095
P000034,"Frank Pallone, Jr.",Democrat,NJ,5962,428.5408,1.1741,0.502,0.1459
S001216,Kim Schrier,Democrat,WA,4652,608.8132,1.668,0.1341,-0.2046
T000464,"Tester, Jon",Democrat,MT,6958,656.4151,1.7984,0.1375,-0.1323
K000375,William R. Keating,Democrat,MA,2921,191.1375,0.5237,0.2441,-0.021
P000605,Scott Perry,Republican,PA,6056,443.6853,1.2156,0.3222,0.0436
C001038,Joe Crowley,Democrat,NY,5885,747.9196,2.0491,0.3198,0.1039
K000210,Pete King,Republican,NY,2692,269.0526,0.7371,0.1947,-0.0064
C001137,Jeff Crank,Republican,CO,745,454.7241,1.2458,0.2456,-0.1708
P000621,Nellie Pou,Democrat,NJ,218,134.4088,0.3682,0.1651,-0.2495
B001227,Bob Brady,Democrat,PA,555,70.363,0.1928,0.2126,0.0284
E000301,Sarah Elfreth,Democrat,MD,757,463.599,1.2701,0.2959,-0.1064
B000220,Charlie Bass,Republican,NH,1380,695.7182,1.9061,0.0609,-0.1041
H001074,Trey Hollingsworth,Republican,IN,857,154.0153,0.422,0.0723,-0.2108
P000598,Jared Polis,Democrat,CO,2375,344.6819,0.9443,0.1836,-0.0152
M001187,Mark Meadows,Republican,NC,5412,752.8125,2.0625,0.4011,0.1845
H000324,Alcee Hastings,Democrat,FL,1877,316.7383,0.8678,0.374,0.1331
H001087,Katie Hill,Democrat,CA,1068,1290.7947,3.5364,0.1882,-0.1139
M001207,Debbie Mucarsel-Powell,Democrat,FL,4640,2329.5736,6.3824,0.305,0.0173
Y000065,Ted Yoho,Republican,FL,1789,226.4164,0.6203,0.2353,-0.0066
B001248,"Burgess, Michael",Republican,TX,527,328.2509,0.8993,0.2808,-0.0569
D000633,"Duarte, John",Republican,CA,429,255.8578,0.701,0.1026,-0.2392
T000475,Dave Trott,Republican,MI,593,152.7488,0.4185,0.1265,-0.113
N000185,Rich Nugent,Republican,FL,67,13.1975,0.0362,0.2687,0.104
H000874,Steny H. Hoyer,Democrat,MD,11984,1206.332,3.305,0.272,-0.038
R000608,Jacky Rosen,Democrat,NV,13097,1378.4328,3.7765,0.2146,-0.1046
H001085,Chrissy Houlahan,Democrat,PA,6875,900.3857,2.4668,0.1385,-0.1804
M001153,Lisa Murkowski,Republican,AK,4499,293.6579,0.8045,0.092,-0.2296
M001176,Jeff Merkley,Democrat,OR,21119,1349.2797,3.6967,0.445,0.1605
E000295,Joni Ernst,Republican,IA,13093,1124.7223,3.0814,0.3665,0.0534
M001186,Peter Meijer,Republican,MI,1620,1015.9794,2.7835,0.2938,-0.0084
S001181,Jeanne Shaheen,Democrat,NH,16139,1161.4225,3.182,0.2319,-0.0583
S001215,Haley M. Stevens,Democrat,MI,7991,1045.7924,2.8652,0.1627,-0.1555
T000278,Tommy Tuberville,Republican,AL,7462,1323.4354,3.6259,0.4296,0.0769
D000615,"Duncan, Jeff",Republican,SC,12239,901.3791,2.4695,0.364,0.1284
E000296,Dwight Evans,Democrat,PA,23351,2424.7838,6.6432,0.2408,-0.0588
L000575,James Lankford,Republican,OK,9377,643.3468,1.7626,0.3994,0.0918
T000479,Van Taylor,Republican,TX,977,310.3612,0.8503,0.086,-0.2044
W000808,Frederica S. Wilson,Democrat,FL,19042,1218.2875,3.3378,0.2073,-0.0438
M001190,Markwayne Mullin,Republican,OK,4842,504.375,1.3818,0.2629,0.0113
M001169,Christopher Murphy,Democrat,CT,11667,966.5127,2.648,0.5248,0.1947
P000610,Stacey E. Plaskett,Democrat,VI,2443,243.4995,0.6671,0.2648,-0.0729
K000388,Trent Kelly,Republican,MS,2258,276.5671,0.7577,0.0607,-0.2408
M001183,"Manchin, Joe",Democrat,WV,9946,718.1583,1.9676,0.0764,-0.1648
L000577,Mike Lee,Republican,UT,32291,2064.4973,5.6562,0.4645,0.1036
H001052,Andy Harris,Republican,MD,5354,392.6482,1.0757,0.291,0.0147
S001203,Tina Smith,Democrat,MN,10144,1173.1812,3.2142,0.3209,-0.0016
R000617,Delia C. Ramirez,Democrat,IL,3451,958.6111,2.6263,0.5109,0.1208
M001143,Betty McCollum,Democrat,MN,4320,423.4157,1.16,0.2988,-0.0538
H001095,Wesley Hunt,Republican,TX,3466,951.9112,2.608,0.4801,0.0914
B001313,Shontel M. Brown,Democrat,OH,3376,703.735,1.928,0.4331,0.0545
K000403,Mike Kennedy,Republican,UT,708,446.3212,1.2228,0.1737,-0.2494
M001214,Frank J. Mrvan,Democrat,IN,1464,259.7764,0.7117,0.0567,-0.2887
R000395,Harold Rogers,Republican,KY,3902,289.3012,0.7926,0.0884,-0.1257
S001195,Jason Smith,Republican,MO,8680,667.411,1.8285,0.4324,0.1354
F000455,Marcia Fudge,Democrat,OH,6528,641.8966,1.7586,0.1993,-0.0111
Y000062,John Yarmuth,Democrat,KY,5060,466.2711,1.2775,0.2559,0.0242
B001307,James R. Baird,Republican,IN,2705,356.0494,0.9755,0.2177,-0.1235
S000929,Victoria Spartz,Republican,IN,2863,507.5255,1.3905,0.2993,-0.0408
C001111,Charlie Crist,Democrat,FL,2746,714.3906,1.9572,0.1824,-0.1121
T000470,Scott Tipton,Republican,CO,3412,346.035,0.948,0.119,-0.0935
F000481,Shomari Figures,Democrat,AL,479,296.3305,0.8119,0.2046,-0.2211
V000133,Jefferson Van Drew,Republican,NJ,1206,256.3716,0.7024,0.602,0.237
H001094,Val T. Hoyle,Democrat,OR,2104,583.5562,1.5988,0.2757,-0.0812
S001220,Dale W. Strong,Republican,AL,1018,282.7778,0.7747,0.3055,-0.0722
L000569,"Luetkemeyer, Blaine",Republican,MO,3448,306.8064,0.8406,0.2042,-0.0417
H001034,Mike Honda,Democrat,CA,1998,335.9143,0.9203,0.2227,0.0659
M000404,Jim McDermott,Democrat,WA,1658,279.2663,0.7651,0.3118,0.1508
W000791,Greg Walden,Republican,OR,3047,304.8671,0.8353,0.0863,-0.1331
S000663,Olympia Snowe,Republican,ME,212,113.7941,0.3118,0.1509,-0.0141
E000294,Tom Emmer,Republican,MN,4128,842.6846,2.3087,0.0514,-0.174
J000308,"Jackson, Jeff",Democrat,NC,68,36.9345,0.1012,0.1029,-0.2409
M001156,"McHenry, Patrick ",Republican,NC,574,88.5877,0.2427,0.2962,-0.0434
C001078,"Connolly, Gerald E. ""Gerry""",Democrat,VA,799,211.6364,0.5798,0.3404,-0.0003
M001159,"Rodgers, Cathy McMorris",Republican,WA,438,68.7909,0.1885,0.3767,0.0357
L000517,Dan Lungren,Republican,CA,36,345.7895,0.9474,0.1111,-0.0533
B001283,Jim Bridenstine,Republican,OK,1335,294.2482,0.8062,0.4315,0.2681
T000477,Scott Taylor,Republican,VA,242,138.4483,0.3793,0.0248,-0.2519
P000096,"Pascrell Jr., Bill",Democrat,NJ,1272,356.5899,0.977,0.8027,0.4651
S001202,Luther Strange,Republican,AL,200,372.449,1.0204,0.105,-0.1708
S001159,Marilyn Strickland,Democrat,WA,3852,683.1778,1.8717,0.1781,-0.166
K000382,"Kuster, Ann",Democrat,NH,7359,619.7589,1.698,0.1315,-0.133
N000002,Jerrold Nadler,Democrat,NY,10098,712.777,1.9528,0.461,0.1664
G000587,Sylvia R. Garcia,Democrat,TX,11100,1453.1923,3.9813,0.215,-0.1029
C001066,Kathy Castor,Democrat,FL,12985,1017.9392,2.7889,0.211,-0.074
C000141,"Cardin, Benjamin",Democrat,MD,14034,1007.5551,2.7604,0.2327,-0.0007
R000486,Lucille Roybal-Allard,Democrat,CA,9022,951.193,2.606,0.1526,-0.1068
K000367,Amy Klobuchar,Democrat,MN,14557,1172.915,3.2135,0.2957,-0.0482
L000592,Andy Levin,Democrat,MI,5349,1490.3702,4.0832,0.313,0.0126
A000055,Robert B. Aderholt,Republican,AL,1493,99.37,0.2722,0.3429,-0.0127
D000216,Rosa L. DeLauro,Democrat,CT,4677,451.0185,1.2357,0.3752,0.0193
N000191,Joe Neguse,Democrat,CO,9214,1204.9839,3.3013,0.1534,-0.1597
F000462,Lois Frankel,Democrat,FL,11441,845.8507,2.3174,0.2736,-0.0038
O000086,Burgess Owens,Republican,UT,6849,1213.5364,3.3248,0.3711,0.0077
C000059,Ken Calvert,Republican,CA,2689,279.7848,0.7665,0.3942,0.024
T000461,Pat Toomey,Republican,PA,5718,493.3972,1.3518,0.2034,-0.0103
F000476,Maxwell Frost,Democrat,FL,4069,1117.5207,3.0617,0.3549,-0.0285
D000634,Troy Downing,Republican,MT,1282,786.437,2.1546,0.11,-0.3105
K000404,Kimberlyn King-Hinds,Republican,MP,492,313.4031,0.8586,0.0366,-0.3872
F000475,Brad Finstad,Republican,MN,1614,407.6886,1.117,0.176,-0.2054
P000620,Brittany Pettersen,Democrat,CO,2746,754.7364,2.0678,0.39,0.0045
M001238,Sarah McBride,Democrat,DE,849,520.8151,1.4269,0.3722,-0.0507
H001103,Pablo José Hernández,Democrat,PR,635,390.8516,1.0708,0.0283,-0.4035
B001326,Janelle S. Bynum,Democrat,OR,908,556.0738,1.5235,0.3767,-0.0461
S001231,Lateefah Simon,Democrat,CA,673,438.6518,1.2018,0.4339,-0.0115
S001229,Jefferson Shreve,Republican,IN,849,523.4544,1.4341,0.1048,-0.3155
K000394,Andy Kim,Democrat,NJ,6696,875.6861,2.3991,0.1558,-0.1646
H001082,Kevin Hern,Republican,OK,4002,518.357,1.4202,0.4745,0.1304
P000614,Chris Pappas,Democrat,NH,6893,902.0957,2.4715,0.2207,-0.1265
S001168,"Sarbanes, John ",Democrat,MD,4710,363.1496,0.9949,0.255,-0.0325
Y000033,Don Young,Republican,AK,3507,312.8954,0.8572,0.1141,-0.1394
V000081,Nydia M. Velázquez,Democrat,NY,3375,337.0383,0.9234,0.3487,0.0057
L000588,Conor Lamb,Democrat,PA,749,173.5778,0.4756,0.0441,-0.2494
C001110,J. Luis Correa,Democrat,CA,2690,279.252,0.7651,0.2123,-0.1117
M001196,Seth Moulton,Democrat,MA,3784,370.9804,1.0164,0.4186,0.0702
S000364,John Shimkus,Republican,IL,7967,1096.514,3.0041,0.1287,-0.0506
L000550,Mary Landrieu,Democrat,LA,1819,639.0135,1.7507,0.0973,-0.0644
J000255,Walter Jones,Republican,NC,2291,287.0632,0.7865,0.2802,0.0757
B001323,Nicholas J. Begich III,Republican,AK,526,322.6723,0.884,0.1046,-0.327
B001325,Sheri Biggs,Republican,SC,564,347.1501,0.9511,0.1809,-0.2437
B001231,Shelley Berkley,Democrat,NV,279,142.0293,0.3891,0.1254,-0.0395
F000110,Cleo Fields,Democrat,LA,176,113.4982,0.311,0.2045,-0.2288
L000261,Carl Levin,Democrat,MI,570,148.5011,0.4069,0.0807,-0.0765
J000177,Tim Johnson,Democrat,SD,1204,310.5724,0.8509,0.0706,-0.0932
R000616,Harley Rouda,Democrat,CA,1354,683.5546,1.8728,0.2666,-0.0223
G000562,Cory Gardner,Republican,CO,3442,580.5591,1.5906,0.1653,-0.078
R000602,Kathleen Rice,Democrat,NY,3089,598.4528,1.6396,0.3108,0.0828
H001065,George Holding,Republican,NC,970,121.5414,0.333,0.168,-0.0401
A000374,Ralph Abraham,Republican,LA,1037,200.6919,0.5498,0.2228,-0.0321
C001134,"Caraveo, Yadira",Democrat,CO,968,622.0423,1.7042,0.0899,-0.251
G000577,"Graves, Garret",Republican,LA,4232,434.5091,1.1904,0.1108,-0.1281
Y000066,David Young,Republican,IA,4090,1030.2622,2.8226,0.0567,-0.1475
D000625,Dan Donovan,Republican,NY,1976,573.7788,1.572,0.1123,-0.1105
D000620,John Delaney,Democrat,MD,4276,732.7418,2.0075,0.0776,-0.0987
S001197,Ben Sasse,Republican,NE,854,178.8353,0.49,0.3056,0.1293
J000298,Pramila Jayapal,Democrat,WA,35264,3655.5978,10.0153,0.4262,0.1205
K000381,"Kilmer, Derek",Democrat,WA,7545,633.3774,1.7353,0.0745,-0.2038
G000377,"Granger, Kay",Republican,TX,4037,289.6609,0.7936,0.1102,-0.1583
F000446,Randy Feenstra,Republican,IA,5038,900.9652,2.4684,0.318,-0.0342
P000449,Rob Portman,Republican,OH,19132,1648.9209,4.5176,0.1645,-0.09
D000610,Ted Deutch,Democrat,FL,11777,1015.2586,2.7815,0.3562,0.1047
S000168,Maria Elvira Salazar,Republican,FL,9181,1629.1031,4.4633,0.2184,-0.1404
W000822,Bonnie Watson Coleman,Democrat,NJ,9045,1054.7684,2.8898,0.3783,0.06
C001112,Salud O. Carbajal,Democrat,CA,8224,853.5001,2.3384,0.1938,-0.122
L000551,"Lee, Barbara",Democrat,CA,13740,995.0595,2.7262,0.363,0.1224
R000599,Raul Ruiz,Democrat,CA,5439,531.6644,1.4566,0.1166,-0.2028
B001243,Marsha Blackburn,Republican,TN,18966,1570.8169,4.3036,0.5475,0.2071
O000019,Jay Obernolte,Republican,CA,2711,481.2816,1.3186,0.1925,-0.1514
S001201,Thomas R. Suozzi,Democrat,NY,5972,646.4353,1.7711,0.2106,-0.1214
J000305,Sara Jacobs,Democrat,CA,5068,898.407,2.4614,0.3303,-0.0203
J000301,Dusty Johnson,Republican,SD,4227,553.3913,1.5161,0.1547,-0.1855
W000797,Debbie Wasserman Schultz,Democrat,FL,13095,1000.1412,2.7401,0.4208,0.1073
B001298,Don Bacon,Republican,NE,23831,2590.3261,7.0968,0.2998,-0.0319
D000482,Mike Doyle,Democrat,PA,3979,343.0983,0.94,0.3287,0.0559
G000546,Sam Graves,Republican,MO,5647,430.8434,1.1804,0.2277,-0.011
T000474,Norma J. Torres,Democrat,CA,5056,537.559,1.4728,0.3339,-0.0113
C001090,"Cartwright, Matt",Democrat,PA,4174,362.4816,0.9931,0.1761,-0.0674
H001088,Jim Hagedorn,Republican,MN,2981,964.5966,2.6427,0.2814,-0.0096
D000631,Madeleine Dean,Democrat,PA,6387,836.1747,2.2909,0.2544,-0.0608
I000056,Darrell Issa,Republican,CA,3930,287.2347,0.7869,0.6074,0.2604
J000293,Ron Johnson,Republican,WI,10725,686.1744,1.8799,0.3235,0.0524
F000465,"Ferguson, A. Drew",Republican,GA,1808,287.4216,0.7875,0.3413,0.0384
S001183,David Schweikert,Republican,AZ,7782,497.7098,1.3636,0.1736,-0.079
L000590,Susie Lee,Democrat,NV,10657,1394.1953,3.8197,0.1915,-0.1285
F000482,Julie Fedorchak,Republican,ND,817,501.1849,1.3731,0.1934,-0.2216
K000399,Jennifer A. Kiggans,Republican,VA,3142,864.8793,2.3695,0.1719,-0.2209
F000477,Valerie P. Foushee,Democrat,NC,2269,625.0453,1.7125,0.3662,-0.0217
S001226,Andrea Salinas,Democrat,OR,3147,866.2557,2.3733,0.2726,-0.1048
G000604,Maggie Goodlander,Democrat,NH,1839,1126.2332,3.0856,0.3154,-0.1115
L000595,Julia Letlow,Republican,LA,2439,455.8295,1.2488,0.1943,-0.1755
D000594,Monica De La Cruz,Republican,TX,2015,562.2898,1.5405,0.1841,-0.193
O000177,"Robert F. Onder, Jr.",Republican,MO,1421,870.2433,2.3842,0.3856,-0.0318
G000605,Adam Gray,Democrat,CA,333,205.6599,0.5635,0.1321,-0.299
B001285,Julia Brownley,Democrat,CA,5316,708.1533,1.9401,0.1751,-0.1372
D000623,Mark DeSaulnier,Democrat,CA,7432,640.0849,1.7537,0.2952,-0.0054
W000813,Jackie Walorski,Republican,IN,5461,574.0971,1.5729,0.1736,-0.0445
G000560,Tom Graves,Republican,GA,4440,455.0969,1.2468,0.145,-0.059
B001315,Nikki Budzinski,Democrat,IL,1992,549.1541,1.5045,0.2093,-0.16
C000542,Dan Coats,Republican,IN,3715,729.411,1.9984,0.175,0.0222
M001165,"McCarthy, Kevin",Republican,CA,612,74.4352,0.2039,0.5392,0.2009
B000711,Barbara Boxer,Democrat,CA,1873,313.8866,0.86,0.3107,0.1534
R000590,David Rivera,Republican,FL,148,97.6854,0.2676,0.1351,-0.0294
B000213,Joe Barton,Republican,TX,1739,227.0966,0.6222,0.1495,-0.0256
L000554,Frank LoBiondo,Republican,NJ,3827,544.5828,1.492,0.1116,-0.0872
V000108,Pete Visclosky,Democrat,IN,1825,201.0033,0.5507,0.0499,-0.1307
M001245,Christian D. Menefee,Democrat,TX,188,351.8974,0.9641,0.2128,-0.1834
R000607,Francis Rooney,Republican,FL,440,139.1681,0.3813,0.2273,-0.0567
B001320,"Butler, Laphonza",Democrat,CA,686,597.5895,1.6372,0.1312,-0.2056
F000464,John Faso,Republican,NY,966,491.7573,1.3473,0.1159,-0.1606
B001294,Rod Blum,Republican,IA,2551,642.5914,1.7605,0.0776,-0.1363
W000799,Tim Walz,Democrat,MN,2304,435.7306,1.1938,0.1832,-0.0517
B001302,Andy Biggs,Republican,AZ,27309,2963.9563,8.1204,0.4811,0.1675
W000825,"Wexton, Jennifer",Democrat,VA,5283,891.491,2.4424,0.2147,-0.0874
T000468,Dina Titus,Democrat,NV,17967,1321.6354,3.6209,0.1957,-0.0771
J000306,Mondaire Jones,Democrat,NY,1539,968.5086,2.6534,0.2872,-0.0157
L000491,Frank D. Lucas,Republican,OK,3296,245.719,0.6732,0.1214,-0.1661
D000622,Tammy Duckworth,Democrat,IL,13250,1188.2678,3.2555,0.3958,0.0855
M001185,Sean Maloney,Democrat,NY,6953,732.2115,2.0061,0.272,0.0234
K000392,David Kustoff,Republican,TN,4363,517.0438,1.4166,0.2008,-0.1273
C000754,Jim Cooper,Democrat,TN,6033,521.5644,1.4289,0.1873,-0.068
H001086,Diana Harshbarger,Republican,TN,3764,667.895,1.8298,0.4299,0.0783
M001202,Stephanie Murphy,Democrat,FL,4102,1047.014,2.8685,0.1316,-0.1585
P000609,Gary J. Palmer,Republican,AL,3863,332.0761,0.9098,0.2627,-0.0178
P000615,"Pence, Greg",Republican,IN,2146,363.3071,0.9954,0.1808,-0.1252
W000187,Maxine Waters,Democrat,CA,2796,184.0801,0.5043,0.5014,0.2281
C001067,Yvette D. Clarke,Democrat,NY,10991,705.2945,1.9323,0.3416,0.0584
M001210,Gregory F. Murphy,Republican,NC,5536,798.0411,2.1864,0.3954,0.063
G000574,Ruben Gallego,Democrat,AZ,9031,926.7121,2.5389,0.4202,0.0795
C001114,"Curtis, John ",Republican,UT,4763,677.7758,1.8569,0.1182,-0.1753
G000553,Al Green,Democrat,TX,5086,327.0019,0.8959,0.2639,-0.034
V000138,Eugene Simon Vindman,Democrat,VA,2039,1248.7164,3.4211,0.4282,0.01
L000596,Anna Paulina Luna,Republican,FL,11236,3083.5639,8.4481,0.3983,0.0075
K000405,Brad Knott,Republican,NC,1134,696.8182,1.9091,0.5697,0.1507
S001188,Marlin A. Stutzman,Republican,IN,2057,133.8572,0.3667,0.2859,-0.0087
G000601,Craig A. Goldman,Republican,TX,507,316.3333,0.8667,0.2801,-0.1506
T000491,Derek Tran,Democrat,CA,610,397.5893,1.0893,0.3,-0.112
H001098,Abraham J. Hamadeh,Republican,AZ,1942,1183.3556,3.2421,0.2961,-0.1122
M001203,Tom Malinowski,Democrat,NJ,2557,713.5359,1.9549,0.149,-0.1488
K000391,Raja Krishnamoorthi,Democrat,IL,4603,497.0695,1.3618,0.464,0.1274
W000795,Joe Wilson,Republican,SC,6518,426.3566,1.1681,0.2889,-0.0146
T000483,"Trone, David",Democrat,MD,5370,908.6926,2.4896,0.1609,-0.1402
R000615,"Romney, Mitt",Republican,UT,2753,464.5608,1.2728,0.2256,-0.0833
B000668,Cliff Bentz,Republican,OR,1544,276.6618,0.758,0.2902,-0.0556
R000609,John H. Rutherford,Republican,FL,2815,334.2469,0.9157,0.2806,-0.0413
F000470,Michelle Fischbach,Republican,MN,3498,621.6018,1.703,0.2593,-0.0888
B001301,Jack Bergman,Republican,MI,2079,215.8234,0.5913,0.1789,-0.1165
T000488,Shri Thanedar,Democrat,MI,2595,713.7717,1.9555,0.5279,0.1431
F000479,John Fetterman,Democrat,PA,1843,516.6628,1.4155,0.3462,0.0002
H001100,Jeff Hurd,Republican,CO,1246,764.3529,2.0941,0.0787,-0.3456
R000621,Emily Randall,Democrat,WA,38,27.6846,0.0758,0.3947,-0.0289
N000179,"Napolitano, Grace",Democrat,CA,510,142.3165,0.3899,0.1784,-0.1476
F000461,Bill Flores,Republican,TX,11055,1117.1304,3.0606,0.2318,0.0056
G000289,Rob Goodlatte,Republican,VA,3950,587.2709,1.609,0.141,-0.0367
D000612,Jeff Denham,Republican,CA,2851,361.7014,0.991,0.0751,-0.1113
J000290,Lynn Jenkins,Republican,KS,4769,599.4094,1.6422,0.1139,-0.0644
J000285,Tim Johnson,Republican,IL,248,145.0641,0.3974,0.0887,-0.0763
C001093,Doug Collins,Republican,GA,5290,669.9688,1.8355,0.3599,0.1266
N000181,Devin Nunes,Republican,CA,213,23.5734,0.0646,0.1408,-0.0684
R000576,"Ruppersberger, C. A. Dutch",Democrat,MD,764,276.9215,0.7587,0.1414,-0.1964
H000338,Orrin Hatch,Republican,UT,6994,1190.6763,3.2621,0.1876,-0.0266
B001297,"Buck, Ken",Republican,CO,2053,222.7542,0.6103,0.3332,0.0936
H001059,Randy Hultgren,Republican,IL,3144,517.385,1.4175,0.1492,-0.0272
R000361,Jay Rockefeller,Democrat,WV,1341,701.2393,1.9212,0.091,-0.071
W000413,Ed Whitfield,Republican,KY,898,164.8742,0.4517,0.1024,-0.0464
M001219,"Moylan, James",Republican,GU,81,56.9653,0.1561,0.037,-0.3086
T000250,John Thune,Republican,SD,8536,550.8557,1.5092,0.1806,-0.0619
H001091,Ashley Hinson,Republican,IA,8093,1434.6503,3.9305,0.3434,-0.0034
C001108,James Comer,Republican,KY,4306,701.3342,1.9215,0.5636,0.2198
D000630,Antonio Delgado,Democrat,NY,4007,1180.4318,3.2341,0.0439,-0.2495
S001196,Elise M. Stefanik,Republican,NY,22850,1964.7232,5.3828,0.4355,0.1169
P000617,Ayanna Pressley,Democrat,MA,14400,1883.196,5.1594,0.352,0.0308
D000629,Sharice Davids,Democrat,KS,7372,964.4373,2.6423,0.1129,-0.2207
S000148,Charles E. Schumer,Democrat,NY,32281,2066.3916,5.6613,0.4014,0.1233
G000581,Vicente Gonzalez,Democrat,TX,4633,563.4938,1.5438,0.1584,-0.1672
O000172,Alexandria Ocasio-Cortez,Democrat,NY,9627,1258.995,3.4493,0.3903,0.0754
B001295,Mike Bost,Republican,IL,4154,357.2597,0.9788,0.1712,-0.1331
T000486,Ritchie Torres,Democrat,NY,8590,1524.9757,4.178,0.3972,0.0493
B001267,Michael F. Bennet,Democrat,CO,13436,858.8687,2.3531,0.2429,-0.0576
M001163,Doris O. Matsui,Democrat,CA,2679,258.4814,0.7082,0.2591,-0.0919
M001184,Thomas Massie,Republican,KY,26768,1976.9972,5.4164,0.3868,0.0803
N000192,Marie Newman,Democrat,IL,2488,1557.6672,4.2676,0.199,-0.1045
G000551,"Grijalva, Raul",Democrat,AZ,8431,607.3248,1.6639,0.4459,0.1837
K000188,Ron Kind,Democrat,WI,2400,208.076,0.5701,0.1225,-0.1212
M001205,Carol D. Miller,Republican,WV,3647,477.6301,1.3086,0.2078,-0.1153
F000468,Lizzie Fletcher,Democrat,TX,6705,880.0162,2.411,0.1435,-0.1867
C001056,John Cornyn,Republican,TX,15584,1146.8065,3.1419,0.3423,0.0085
B001287,Ami Bera,Democrat,CA,7660,566.4303,1.5519,0.1866,-0.0919
L000266,"LaTurner, Jake",Republican,KS,1845,478.6247,1.3113,0.4623,0.1414
G000596,"Greene, Marjorie Taylor",Republican,GA,2996,763.6453,2.0922,0.6669,0.3428
C001103,"Earl L. ""Buddy"" Carter",Republican,GA,4540,391.1022,1.0715,0.27,-0.0432
P000603,Rand Paul,Republican,KY,20298,1297.2807,3.5542,0.3837,0.1052
A000148,Jake Auchincloss,Democrat,MA,2896,517.903,1.4189,0.3084,-0.0326
M001199,Brian J. Mast,Republican,FL,11764,1219.5001,3.3411,0.3766,0.0464
B001314,Aaron Bean,Republican,FL,1381,389.5402,1.0672,0.3816,-0.0069
H001099,Mike Haridopolos,Republican,FL,668,433.8434,1.1886,0.2066,-0.2081
M001226,Robert Menendez,Democrat,NJ,2882,791.5199,2.1685,0.297,-0.0922
W000831,James R. Walkinshaw,Democrat,VA,519,552.2886,1.5131,0.5568,0.1382
H001058,Bill Huizenga,Republican,MI,9704,620.6343,1.7004,0.2469,0.0061
M001232,April McClain Delaney,Democrat,MD,1103,676.6303,1.8538,0.3409,-0.0838
S001228,Derek Schmidt,Republican,KS,582,377.3179,1.0337,0.146,-0.2721
K000376,Mike Kelly,Republican,PA,1780,209.6483,0.5744,0.2663,-0.0925
E000298,Ron Estes,Republican,KS,3852,413.8887,1.1339,0.2578,-0.0627
C001118,Ben Cline,Republican,VA,5151,674.118,1.8469,0.4271,0.0833
D000616,Scott DesJarlais,Republican,TN,1203,140.7807,0.3857,0.3815,0.0515
F000469,Russ Fulcher,Republican,ID,3764,492.953,1.3506,0.2657,-0.0662
L000397,Zoe Lofgren,Democrat,CA,4386,287.7229,0.7883,0.3208,0.0436
H001061,John Hoeven,Republican,ND,6372,456.9312,1.2519,0.0645,-0.2139
S001230,Suhas Subramanyam,Democrat,VA,1247,762.4037,2.0888,0.3897,-0.0402
Y000063,Kevin Yoder,Republican,KS,7151,911.6713,2.4977,0.0617,-0.1261
G000535,Luis Gutierrez,Democrat,IL,5520,704.2293,1.9294,0.2904,0.0875
C001051,John R. Carter,Republican,TX,1252,151.8711,0.4161,0.3618,0.0123
T000487,Jill N. Tokuda,Democrat,HI,1428,394.8636,1.0818,0.1737,-0.203
R000487,Ed Royce,Republican,CA,2727,404.123,1.1072,0.1536,-0.0198
R000586,Jim Renacci,Republican,OH,2883,425.5135,1.1658,0.0805,-0.1132
S000248,Jose Serrano,Democrat,NY,4267,467.8447,1.2818,0.1411,-0.0608
D000613,Robert Dold,Republican,IL,2177,428.8208,1.1749,0.0753,-0.0791
H001041,Dean Heller,Republican,NV,5454,724.1579,1.984,0.0843,-0.0984
M001201,Paul Mitchell,Republican,MI,1557,643.607,1.7633,0.1927,-0.0932
W000810,Rob Woodall,Republican,GA,1202,234.2392,0.6418,0.0899,-0.1502
R000591,Martha Roby,Republican,AL,6467,785.7706,2.1528,0.1515,-0.0457
H001069,Heidi Heitkamp,Democrat,ND,8455,1428.0773,3.9125,0.0815,-0.1098
D000604,Charlie Dent,Democrat,PA,1998,273.9557,0.7506,0.0816,-0.0979
O000170,Beto O'Rourke,Democrat,TX,3150,562.2249,1.5403,0.0787,-0.0831
M001193,Tom MacArthur,Republican,NJ,2101,541.1891,1.4827,0.0714,-0.1261
K000368,Ann Kirkpatrick,Democrat,AZ,1569,407.8953,1.1175,0.0446,-0.111
C001050,Dennis Cardoza,Democrat,CA,79,49.0391,0.1344,0.0506,-0.1145
G000597,Andrew R. Garbarino,Republican,NY,2253,401.1439,1.099,0.2663,-0.0724
S000510,Adam Smith,Democrat,WA,10236,654.6592,1.7936,0.2493,-0.0483
R000122,Jack Reed,Democrat,RI,8865,652.4955,1.7877,0.1836,-0.0882
P000616,"Phillips, Dean",Democrat,MN,3824,667.5084,1.8288,0.2646,-0.0369
S001209,"Spanberger, Abigail",Democrat,VA,7003,1181.736,3.2376,0.1558,-0.1502
T000469,Paul Tonko,Democrat,NY,13739,878.3911,2.4066,0.2353,-0.0005
J000295,David P. Joyce,Republican,OH,6830,502.6109,1.377,0.1231,-0.138
M001166,Jerry McNerney,Democrat,CA,2307,214.7004,0.5882,0.1682,-0.0542
S001184,Tim Scott,Republican,SC,14953,960.381,2.6312,0.2159,-0.0549
M000194,Nancy Mace,Republican,SC,27921,4947.1675,13.5539,0.433,0.0465
F000471,Scott Fitzgerald,Republican,WI,1963,352.7794,0.9665,0.4259,0.0834
B001311,"Bishop, Dan",Republican,NC,4002,769.2101,2.1074,0.5522,0.2443
B001296,Brendan F. Boyle,Democrat,PA,14515,1247.7567,3.4185,0.3053,0.0226
H001084,Yvette Herrell,Republican,NM,1652,1034.271,2.8336,0.4619,0.154
C001054,"Carl, Jerry ",Republican,AL,1482,383.9106,1.0518,0.3671,0.0488
H001089,Josh Hawley,Republican,MO,14030,1834.8083,5.0269,0.5193,0.1862
G000563,Bob Gibbs,Republican,OH,3746,323.0836,0.8852,0.2637,0.0542
M001213,Blake D. Moore,Republican,UT,2530,449.1488,1.2305,0.1079,-0.2359
F000483,Laura Friedman,Democrat,CA,879,552.2117,1.5129,0.4289,0.0102
K000401,Kevin Kiley,Independent,CA,3132,860.8283,2.3584,0.5648,0.1849
M001242,Bernie Moreno,Republican,OH,907,555.4614,1.5218,0.6086,0.1859
M001240,Addison P. McDowell,Republican,NC,994,614.9322,1.6847,0.3038,-0.1037
B001327,"Robert P. Bresnahan, Jr.",Republican,PA,597,384.9912,1.0548,0.0921,-0.3335
M001228,Celeste Maloy,Republican,UT,896,325.4129,0.8915,0.1127,-0.2843
L000603,Morgan Luttrell,Republican,TX,1712,473.0356,1.296,0.2611,-0.1216
T000480,William R. Timmons IV,Republican,SC,3960,518.4362,1.4204,0.2859,-0.0511
S001176,Steve Scalise,Republican,LA,3639,333.0579,0.9125,0.6472,0.314
S001198,Dan Sullivan,Republican,AK,5433,467.589,1.2811,0.2474,-0.038
S001225,Eric Sorensen,Democrat,IL,1942,536.9924,1.4712,0.1607,-0.2226
C000567,Thad Cochran,Republican,MS,1668,280.1749,0.7676,0.1529,-0.0178
K000363,John Kline,Republican,MN,2455,426.9057,1.1696,0.147,-0.0141
H001051,Richard Hanna,Republican,NY,2615,454.0794,1.2441,0.0822,-0.0778
G000607,James Gallagher,Republican,CA,216,1080.0,2.9589,0.4583,0.0622
B001279,Ron Barber,Democrat,AZ,1844,737.1961,2.0197,0.0407,-0.1181
S001155,John Sullivan,Republican,OK,317,189.0605,0.518,0.1767,0.0116
W000819,Mark Walker,Republican,NC,4396,845.8303,2.3173,0.1738,-0.0761
B001308,Anthony Brindisi,Democrat,NY,2359,1184.3673,3.2448,0.114,-0.1742
W000824,Steve Watkins,Republican,KS,868,467.2861,1.2802,0.1244,-0.1685
G000061,"Garcia, Mike",Republican,CA,318,192.1689,0.5265,0.305,-0.0314
D000607,Joe Donnelly,Democrat,IN,5370,779.6539,2.136,0.0449,-0.1575
P000612,David Perdue,Republican,GA,3633,735.4659,2.015,0.1712,-0.0492
L000580,Michelle Grisham,Democrat,NM,4378,750.2207,2.0554,0.1667,-0.0387
D000621,Ron DeSantis,Republican,FL,1990,356.2285,0.976,0.2794,0.0967
