src,dst,n,anger,sp,dp,cross
P000197,E000299,3,0.31138200002412003,Democrat,Democrat,False
C001117,F000454,3,0.02035170483092467,Democrat,Democrat,False
M001184,K000389,5,0.47507947124540806,Republican,Democrat,True
L000557,C001069,3,0.36380396224558353,Democrat,Democrat,False
S001187,B001281,3,0.1202558862666289,Republican,Democrat,True
C000141,M000702,7,0.03976423878754888,Democrat,Democrat,False
S001181,Y000064,3,0.3427240153153737,Democrat,Republican,True
M001111,C000127,3,0.3395007774233818,Democrat,Democrat,False
L000596,S001214,5,0.4730584040284157,Republican,Republican,False
L000570,H001046,4,0.6082541584037244,Democrat,Democrat,False
M001176,W000779,14,0.17885470909199544,Democrat,Democrat,False
U000031,D000197,4,0.024151161313056946,Republican,Democrat,True
H001076,P000591,3,0.6371617466211319,Democrat,Republican,True
G000560,S001191,5,0.23334931805729867,Republican,Democrat,True
G000546,C001092,12,0.21883458054314056,Republican,Republican,False
S001217,G000359,6,0.3463263089458148,Republican,Republican,False
P000617,M001229,3,0.9645490050315857,Democrat,Democrat,False
D000618,S001232,3,0.052385708317160606,Republican,Republican,False
B001243,H000601,8,0.152322277543135,Republican,Republican,False
B001277,D000563,5,0.15249424576759338,Democrat,Democrat,False
M001160,P000607,3,0.4036018153031667,Democrat,Democrat,False
R000608,W000437,4,0.032284664921462536,Democrat,Republican,True
C001098,B001261,4,0.3207933818921447,Republican,Republican,False
B001135,C001070,3,0.13367676610747972,Republican,Democrat,True
C001095,C001098,3,0.30023686091105145,Republican,Republican,False
G000559,R000577,7,0.5056017985833543,Democrat,Democrat,False
P000197,N000015,3,0.6061096601188183,Democrat,Democrat,False
W000437,H001079,14,0.21270012123776333,Republican,Republican,False
D000563,K000360,7,0.05401766725948879,Democrat,Republican,True
T000461,C001088,3,0.23734935590376458,Republican,Democrat,True
B001277,C001091,4,0.24070176482200623,Democrat,Democrat,False
L000596,S001218,4,0.41542043536901474,Republican,Democrat,True
S001181,C001035,4,0.20717056770808995,Democrat,Republican,True
P000197,M000303,4,0.25589128537103534,Democrat,Republican,True
G000559,E000292,3,0.04979263308147589,Democrat,Democrat,False
J000298,P000617,4,0.454561322927475,Democrat,Democrat,False
E000295,H001091,3,0.19286610806981722,Republican,Republican,False
G000578,M001184,4,0.6415070351213217,Republican,Republican,False
N000191,B001267,3,0.08424335935463508,Democrat,Democrat,False
C001038,B001287,4,0.8391957581043243,Democrat,Democrat,False
W000817,S000148,5,0.5190437011420727,Democrat,Democrat,False
B001302,S001196,3,0.6232438186804453,Republican,Republican,False
M000194,C001108,3,0.8980653087298075,Republican,Republican,False
S001217,O000172,8,0.882247805595398,Republican,Democrat,True
R000605,T000250,4,0.10398222832009196,Republican,Republican,False
C001098,C001056,7,0.4237537829737578,Republican,Republican,False
C001096,H001061,16,0.17678716668160632,Republican,Republican,False
M001184,P000603,7,0.045569853857159615,Republican,Republican,False
G000578,G000596,4,0.43450705148279667,Republican,Republican,False
B001289,R000591,4,0.02575986529700458,Republican,Republican,False
D000563,H001069,3,0.02902074654897054,Democrat,Democrat,False
P000612,W000810,3,0.06004136552413305,Republican,Republican,False
K000382,M001193,3,0.17311680813630423,Democrat,Republican,True
M001184,R000614,5,0.6334747552871705,Republican,Republican,False
M000087,M001137,3,0.06328094005584717,Democrat,Democrat,False
B001302,R000103,4,0.39134529512375593,Republican,Republican,False
D000615,S001185,11,0.015784270722757687,Republican,Democrat,True
R000614,G000590,3,0.5305661459763845,Republican,Republican,False
G000603,S001199,11,0.11457590487870303,Republican,Republican,False
M000355,F000463,4,0.4447808116674423,Republican,Republican,False
B001302,J000289,10,0.5646168190985918,Republican,Republican,False
D000563,G000386,11,0.4567789296534928,Democrat,Republican,True
B001302,B001291,4,0.11311344499699771,Republican,Republican,False
B001281,S001187,4,0.01960276416502893,Democrat,Republican,True
B001243,B001319,4,0.39653662010096014,Republican,Republican,False
W000802,M001176,5,0.34985863640904424,Democrat,Democrat,False
B001270,W000808,3,0.32928015508999425,Democrat,Democrat,False
C001070,E000296,3,0.036744369814793267,Democrat,Democrat,False
L000577,T000278,3,0.43605416268110275,Republican,Republican,False
D000563,L000577,3,0.5149070223172506,Democrat,Republican,True
C001113,R000608,82,0.17570634424777293,Democrat,Democrat,False
W000817,S001203,4,0.03357746824622154,Democrat,Democrat,False
C001121,M001186,4,0.1291257105767727,Democrat,Republican,True
C001087,H000874,4,0.7116491757333279,Republican,Democrat,True
S001185,D000615,11,0.05347335313192823,Democrat,Republican,True
D000563,S001181,4,0.2949543772265315,Democrat,Democrat,False
W000437,M001183,3,0.3253324180841446,Republican,Democrat,True
W000817,M001169,3,0.7999101877212524,Democrat,Democrat,False
S001181,E000295,3,0.17354174455006918,Democrat,Republican,True
S001198,M001153,9,0.108962992620137,Republican,Republican,False
L000551,F000455,5,0.022711564041674136,Democrat,Democrat,False
G000546,T000470,8,0.24126296781469136,Republican,Republican,False
P000604,P000096,3,0.03496563620865345,Democrat,Democrat,False
B001292,C001078,4,0.48186897020787,Democrat,Democrat,False
G000558,M001159,3,0.518426850438118,Republican,Republican,False
C001113,S001184,3,0.03397840323547522,Democrat,Republican,True
W000802,R000122,13,0.3090460848493072,Democrat,Democrat,False
R000614,P000616,3,0.031093525079389412,Republican,Democrat,True
B001274,C001054,3,0.04130940822263559,Republican,Republican,False
G000559,T000469,8,0.15942976996302605,Democrat,Democrat,False
D000623,M001166,3,0.02014327918489774,Democrat,Democrat,False
C001087,S001176,4,0.5390184968709946,Republican,Republican,False
C001096,S001198,4,0.050059088971465826,Republican,Republican,False
G000546,H001051,6,0.3937466535717249,Republican,Republican,False
W000437,C000567,48,0.23140576066604504,Republican,Republican,False
I000055,P000612,22,0.07010625044561246,Republican,Republican,False
H001076,C001075,4,0.051829141564667225,Democrat,Republican,True
S001217,W000790,6,0.7647286802530289,Republican,Democrat,True
B001302,J000299,3,0.6631768296162287,Republican,Republican,False
S000770,K000380,3,0.044095530485113464,Democrat,Democrat,False
B001277,W000817,3,0.7224383701880773,Democrat,Democrat,False
G000559,K000009,4,0.28964985720813274,Democrat,Democrat,False
C001095,K000393,3,0.8715457320213318,Republican,Republican,False
J000298,D000624,5,0.17750136479735373,Democrat,Democrat,False
W000808,D000096,3,0.22469059564173222,Democrat,Democrat,False
S000148,C001071,3,0.6589217642322183,Democrat,Republican,True
P000612,I000055,31,0.24828289416168006,Republican,Republican,False
S001217,J000307,7,0.1625067346862384,Republican,Republican,False
K000389,J000309,3,0.405818909406662,Democrat,Democrat,False
E000295,F000446,3,0.05781649456669887,Republican,Republican,False
G000559,D000482,3,0.689204196135203,Democrat,Democrat,False
W000808,W000822,3,0.39628802239894867,Democrat,Democrat,False
N000002,J000298,3,0.3201730785270532,Democrat,Democrat,False
C001097,C001090,3,0.05980480865885814,Democrat,Democrat,False
G000587,D000631,4,0.018369586672633886,Democrat,Democrat,False
W000802,J000293,4,0.854884460568428,Democrat,Republican,True
C001113,L000590,4,0.4214007519185543,Democrat,Democrat,False
B001277,B001243,3,0.3372289662559827,Democrat,Republican,True
W000808,L000551,3,0.22291529923677444,Democrat,Democrat,False
J000298,D000610,3,0.5406494997441769,Democrat,Democrat,False
S001181,P000449,4,0.041299330070614815,Democrat,Republican,True
B000944,B000711,8,0.06170596170704812,Democrat,Democrat,False
P000197,K000381,6,0.024820666760206223,Democrat,Democrat,False
K000210,S001201,3,0.2506547346711159,Republican,Democrat,True
G000565,I000056,4,0.656673476099968,Republican,Republican,False
C001075,L000595,3,0.6492554197708765,Republican,Republican,False
M000355,M001165,3,0.3679365748539567,Republican,Republican,False
M001184,B001302,4,0.49414712749421597,Republican,Republican,False
R000609,M001202,3,0.36754704515139264,Republican,Democrat,True
J000298,C001067,3,0.3122600664695104,Democrat,Democrat,False
D000563,D000622,60,0.2602830515243113,Democrat,Democrat,False
W000808,G000553,3,0.4857073326905568,Democrat,Democrat,False
O000171,G000574,3,0.4799187754591306,Democrat,Democrat,False
M000355,H000338,3,0.11373675831904013,Republican,Republican,False
B001302,C001093,5,0.6586021542549133,Republican,Republican,False
B001319,F000479,5,0.21672090962529184,Republican,Democrat,True
B001302,N000181,5,0.9069819808006286,Republican,Republican,False
P000608,S001193,7,0.15313557788197482,Democrat,Democrat,False
M000133,M000087,4,0.305996872484684,Democrat,Democrat,False
M000355,B001282,3,0.027611612031857174,Republican,Republican,False
G000587,G000586,3,0.02123899416377147,Democrat,Democrat,False
M001188,G000565,3,0.9814759691556295,Democrat,Republican,True
J000288,O000174,5,0.1060426440089941,Democrat,Democrat,False
B001267,P000593,3,0.05110797844827175,Democrat,Democrat,False
S001181,H001076,11,0.1854741039093245,Democrat,Democrat,False
M001183,C001047,4,0.04837665380910039,Democrat,Republican,True
W000817,R000146,4,0.49194010347127914,Democrat,Democrat,False
L000585,B000755,4,0.4901724266819656,Republican,Republican,False
S000033,T000481,4,0.47111221216619015,Independent,Democrat,False
B001302,G000552,3,0.9554080168406168,Republican,Republican,False
K000380,U000031,4,0.04094835743308067,Democrat,Republican,True
C001095,B001236,8,0.48936407163273543,Republican,Republican,False
N000002,J000288,3,0.7425847848256429,Democrat,Democrat,False
L000571,D000618,3,0.017669099072615307,Republican,Republican,False
D000563,N000032,4,0.04395341104827821,Democrat,Democrat,False
J000298,C000714,4,0.6194619862362742,Democrat,Democrat,False
C001075,A000360,3,0.010509034929176172,Republican,Republican,False
B001277,E000293,3,0.22533294915532073,Democrat,Democrat,False
B001261,E000285,19,0.14723685177925386,Republican,Republican,False
R000487,E000179,8,0.3902019979432225,Republican,Democrat,True
B001302,R000601,3,0.6539292534192404,Republican,Republican,False
L000590,R000611,3,0.016999933247764904,Democrat,Republican,True
H000273,N000191,3,0.08700261885921161,Democrat,Democrat,False
W000437,C000141,4,0.2611089423298836,Republican,Democrat,True
S001198,Y000033,4,0.031993352342396975,Republican,Republican,False
B001277,D000216,3,0.024397847863535087,Democrat,Democrat,False
B001302,N000002,3,0.4506460626920064,Republican,Democrat,True
T000250,J000177,3,0.03930587383608023,Republican,Democrat,True
M000355,T000461,3,0.5080998043219248,Republican,Republican,False
W000802,K000367,3,0.34305914491415024,Democrat,Democrat,False
M000639,L000550,3,0.050110877491533756,Democrat,Democrat,False
G000559,D000620,4,0.024193054996430874,Democrat,Democrat,False
M000133,G000562,4,0.3660484291613102,Democrat,Republican,True
M001184,T000463,4,0.8075196146965027,Republican,Republican,False
M001188,E000297,4,0.012572690844535828,Democrat,Democrat,False
W000817,M000133,15,0.26101956050843,Democrat,Democrat,False
D000563,L000174,5,0.11126124486327171,Democrat,Democrat,False
L000560,S001216,3,0.047293164767324924,Democrat,Democrat,False
C001038,S001156,5,0.2798512656241655,Democrat,Democrat,False
C001121,B000825,3,0.935223917166392,Democrat,Republican,True
B001302,G000578,7,0.8217626469475883,Republican,Republican,False
S001217,O000173,3,0.9589342077573141,Republican,Democrat,True
B001277,L000557,3,0.03354167193174362,Democrat,Democrat,False
D000563,B001286,6,0.20497999604170522,Democrat,Democrat,False
P000614,K000377,3,0.09089243939767282,Democrat,Democrat,False
B001288,T000464,3,0.0624957283337911,Democrat,Democrat,False
C001095,P000034,3,0.8538597027460734,Republican,Democrat,True
C001098,P000197,13,0.7069144036907417,Republican,Democrat,True
C001098,G000555,4,0.2398280231282115,Republican,Democrat,True
D000563,M001111,3,0.5633965730667114,Democrat,Democrat,False
C001107,D000600,4,0.2456402233801782,Republican,Republican,False
C000266,C001038,5,0.20251115038990974,Republican,Democrat,True
J000289,M001187,6,0.15527948178350925,Republican,Republican,False
H001068,P000598,3,0.06508776731789112,Democrat,Democrat,False
W000808,H000324,3,0.2308235466480255,Democrat,Democrat,False
B001277,M000639,4,0.47977351397275925,Democrat,Democrat,False
W000817,W000802,4,0.7554363124072552,Democrat,Democrat,False
R000608,C001113,79,0.13055668034461104,Democrat,Democrat,False
J000293,P000595,3,0.9529580275217692,Republican,Democrat,True
D000563,A000378,4,0.04782445542514324,Democrat,Democrat,False
L000560,D000617,5,0.024670790880918503,Democrat,Democrat,False
S001217,L000571,3,0.015127298732598623,Republican,Republican,False
B000944,K000384,4,0.03092693630605936,Democrat,Democrat,False
P000197,L000287,6,0.09931535894672076,Democrat,Democrat,False
G000563,S001154,3,0.34750137478113174,Republican,Republican,False
P000604,L000567,6,0.028713584567109745,Democrat,Republican,True
L000596,C001132,3,0.3435131385922432,Republican,Republican,False
H000874,A000382,4,0.03915804252028465,Democrat,Democrat,False
F000454,C001117,5,0.22390962839126588,Democrat,Democrat,False
C001039,B001306,3,0.3112423922866583,Republican,Republican,False
R000577,H001068,3,0.025112328119575977,Democrat,Democrat,False
Y000063,C001061,4,0.07142183696851134,Republican,Democrat,True
H001069,K000383,4,0.01614700793288648,Democrat,Independent,False
D000563,S000033,4,0.015261237043887377,Democrat,Independent,False
T000278,S000320,3,0.01644955885907014,Republican,Republican,False
J000298,S001145,3,0.8050581713517507,Democrat,Democrat,False
P000197,S001150,6,0.5320655920853218,Democrat,Democrat,False
S000148,M000355,14,0.5965365458812032,Democrat,Republican,True
L000570,U000039,4,0.017215194646269083,Democrat,Democrat,False
C000141,B001288,6,0.31875827504942816,Democrat,Democrat,False
B001292,L000582,3,0.7634001771608988,Democrat,Democrat,False
B001243,B001309,4,0.1349240285344422,Republican,Republican,False
C001113,H001042,3,0.9626171588897705,Democrat,Democrat,False
T000250,R000605,3,0.01231606708218654,Republican,Republican,False
G000559,V000128,3,0.03942622027049462,Democrat,Democrat,False
L000560,H001064,4,0.036173490807414055,Democrat,Democrat,False
P000197,D000627,3,0.1706601878007253,Democrat,Democrat,False
P000197,C001121,4,0.15396215580403805,Democrat,Democrat,False
S001217,B001310,3,0.715042511622111,Republican,Republican,False
D000563,R000515,4,0.012554802000522614,Democrat,Democrat,False
C000880,R000584,7,0.19729803236467497,Republican,Republican,False
S001150,P000145,6,0.22830428446953496,Democrat,Democrat,False
H001061,C001096,4,0.3229337800294161,Republican,Republican,False
T000481,P000618,6,0.8678282300631205,Democrat,Democrat,False
L000560,D000191,3,0.24230696260929108,Democrat,Democrat,False
P000595,S000770,8,0.11622201930731535,Democrat,Democrat,False
G000559,H001066,5,0.23524092510342598,Democrat,Democrat,False
F000454,U000040,3,0.05054406076669693,Democrat,Democrat,False
S001150,I000057,4,0.011501986999064684,Democrat,Democrat,False
S000148,W000805,3,0.8800212542215983,Democrat,Democrat,False
B001302,L000589,3,0.635615247922639,Republican,Republican,False
B001277,M000934,7,0.49300689649369034,Democrat,Republican,True
S001181,T000476,5,0.05450091902166605,Democrat,Republican,True
G000546,R000597,3,0.02579733481009801,Republican,Republican,False
T000476,B001135,9,0.3442407651907868,Republican,Republican,False
W000808,L000581,3,0.2627045102417469,Democrat,Democrat,False
S001185,J000300,7,0.08453558119279998,Democrat,Democrat,False
F000062,H001075,7,0.42799046635627747,Democrat,Democrat,False
W000817,C000984,13,0.10065731850381081,Democrat,Democrat,False
K000367,B001230,4,0.19708213093690574,Democrat,Democrat,False
J000299,C000266,3,0.30594588816165924,Republican,Republican,False
W000802,C000174,3,0.2572675148646037,Democrat,Democrat,False
D000563,F000062,3,0.33938847699513036,Democrat,Democrat,False
W000802,R000606,4,0.19667594507336617,Democrat,Democrat,False
T000469,G000559,7,0.29059008615357534,Democrat,Democrat,False
B001298,S001175,7,0.5156259962490627,Republican,Democrat,True
W000817,B001277,3,0.5644314214587212,Democrat,Democrat,False
W000817,B000944,7,0.6846238140548978,Democrat,Democrat,False
D000624,W000798,3,0.08234578371047974,Democrat,Republican,True
M000355,C001095,4,0.3667638096958399,Republican,Republican,False
B000825,C001109,3,0.9791019360224406,Republican,Republican,False
W000802,S001194,4,0.3655221536755562,Democrat,Democrat,False
C001098,S001217,3,0.6357839110617837,Republican,Republican,False
M001184,P000597,5,0.05098308771848679,Republican,Democrat,True
J000298,J000294,3,0.7827030519644419,Democrat,Democrat,False
R000587,R000589,5,0.19040558598935603,Republican,Republican,False
L000570,H001080,3,0.46392605515817803,Democrat,Democrat,False
W000808,J000032,3,0.2249144036322832,Democrat,Democrat,False
M000194,K000389,4,0.5899769011884928,Republican,Democrat,True
U000039,H001046,10,0.23223999505862594,Democrat,Democrat,False
C001113,W000779,4,0.2675079796463251,Democrat,Democrat,False
P000612,P000591,3,0.15852113161236048,Republican,Republican,False
C001098,G000359,6,0.8320759932200114,Republican,Republican,False
L000590,D000563,3,0.8088717063268026,Democrat,Democrat,False
N000127,P000607,3,0.047734919314583145,Democrat,Democrat,False
C000567,W000437,57,0.2860770366203628,Republican,Republican,False
L000571,B001261,3,0.28902633115649223,Republican,Republican,False
T000461,C001070,5,0.12689635986462236,Republican,Democrat,True
D000614,C001098,6,0.6365789671738943,Republican,Republican,False
K000389,R000577,7,0.0845172546271767,Democrat,Democrat,False
B001286,N000015,3,0.022857738037904102,Democrat,Democrat,False
C000174,C001088,4,0.3554955096915364,Democrat,Democrat,False
D000399,C001091,3,0.630839918119212,Democrat,Democrat,False
H001076,C001035,3,0.3116356444855531,Democrat,Republican,True
C000141,M000303,3,0.3303386742870013,Democrat,Republican,True
T000481,P000617,6,0.26531288027763367,Democrat,Democrat,False
B001302,M001184,3,0.22197213023900986,Republican,Republican,False
G000562,B001267,6,0.19757874263450503,Republican,Democrat,True
P000197,S000148,22,0.24356387936594812,Democrat,Democrat,False
B001308,S001196,3,0.07816160408159097,Democrat,Republican,True
K000389,O000172,3,0.39103391269842785,Democrat,Democrat,False
H000601,C001056,3,0.5432523873945078,Republican,Republican,False
A000377,H001061,3,0.13712103478610516,Republican,Republican,False
L000577,P000603,3,0.09173905042310555,Republican,Republican,False
M001184,G000596,4,0.9386322200298309,Republican,Republican,False
S001224,R000614,3,0.4295901854832967,Republican,Republican,False
K000383,F000463,4,0.02769417385570705,Independent,Republican,False
M001184,J000289,3,0.3903341392676036,Republican,Republican,False
M000355,G000386,3,0.031073185925682385,Republican,Republican,False
W000817,M001176,4,0.24577082879841328,Democrat,Democrat,False
S001217,L000577,9,0.5226156264543533,Republican,Republican,False
L000590,R000608,4,0.031870848033577204,Democrat,Democrat,False
K000367,S001203,5,0.024072967283427716,Democrat,Democrat,False
N000147,H000874,3,0.034511237094799675,Democrat,Democrat,False
K000367,S001181,3,0.6405853653947512,Democrat,Democrat,False
H001069,M001183,3,0.03872058602670828,Democrat,Democrat,False
B001277,M001169,14,0.20048778018515026,Democrat,Democrat,False
S001184,E000295,3,0.021042314047614735,Republican,Republican,False
Y000033,M001153,7,0.06406300528241056,Republican,Republican,False
K000009,F000455,4,0.08293161494657397,Democrat,Democrat,False
B001287,C001078,3,0.7450616359710693,Democrat,Democrat,False
M000355,S001184,8,0.04363174713216722,Republican,Republican,False
D000563,R000122,7,0.40679339931479525,Democrat,Democrat,False
B001302,S001176,4,0.8924496471881866,Republican,Republican,False
M001153,S001198,5,0.05670380815863609,Republican,Republican,False
K000367,W000790,3,0.4741883724927902,Democrat,Democrat,False
S000148,W000817,3,0.3588936273008585,Democrat,Democrat,False
C001098,K000393,3,0.14095336478203535,Republican,Republican,False
T000481,D000624,10,0.3614559036679566,Democrat,Democrat,False
A000360,I000055,3,0.027872813865542412,Republican,Republican,False
P000617,W000822,3,0.22420728330810866,Democrat,Democrat,False
W000817,J000298,4,0.48084232211112976,Democrat,Democrat,False
L000577,J000293,3,0.9046943783760071,Republican,Republican,False
R000608,L000590,3,0.05031978928794464,Democrat,Democrat,False
F000459,B001243,4,0.456788677489385,Republican,Republican,False
J000298,L000551,8,0.41701835801359266,Democrat,Democrat,False
H001076,P000449,4,0.09301975509151816,Democrat,Republican,True
S000148,B000711,6,0.46058954298496246,Democrat,Democrat,False
F000466,S001201,3,0.13413685063521066,Republican,Democrat,True
T000463,I000056,3,0.07393821825583775,Republican,Republican,False
M001198,M001165,3,0.4955302079518636,Republican,Republican,False
Y000063,M001202,3,0.049555559332172074,Republican,Democrat,True
W000808,C001067,3,0.22723047683636347,Democrat,Democrat,False
K000377,G000574,3,0.3603127213815848,Democrat,Democrat,False
B001261,H000338,3,0.7248521993557612,Republican,Republican,False
Y000065,C001093,3,0.043422188299397625,Republican,Republican,False
K000389,M000087,3,0.4034403860569,Democrat,Democrat,False
G000578,G000565,5,0.6367593985050917,Republican,Republican,False
C001103,O000174,11,0.775790318169377,Republican,Democrat,True
R000608,H001076,4,0.012195493094623089,Democrat,Democrat,False
R000608,C001047,3,0.043985299145181976,Democrat,Republican,True
M000355,R000146,15,0.674969441195329,Republican,Democrat,True
M001205,B000755,3,0.5988567049304644,Republican,Republican,False
P000617,T000481,4,0.6334573153872043,Democrat,Democrat,False
G000565,G000552,4,0.21121056471019983,Republican,Republican,False
D000197,U000031,9,0.048924966301355094,Democrat,Republican,True
H001072,B001236,5,0.039324207417666915,Republican,Republican,False
P000612,D000618,4,0.1907290262170136,Republican,Republican,False
C001071,A000360,21,0.012895542507370314,Republican,Republican,False
B001299,R000601,3,0.44947555537025136,Republican,Republican,False
P000449,C000141,3,0.5493288263678551,Republican,Democrat,True
L000557,D000216,4,0.23145754355937243,Democrat,Democrat,False
G000578,N000002,4,0.8613891005516052,Republican,Democrat,True
D000622,K000367,3,0.07623383092383544,Democrat,Democrat,False
B001267,G000562,3,0.5686007837454478,Democrat,Republican,True
S000148,M000133,3,0.035953508069117866,Democrat,Democrat,False
B001302,B000825,3,0.043263159692287445,Republican,Republican,False
J000299,G000578,3,0.8304747343063354,Republican,Republican,False
C001095,O000173,3,0.9299527605374655,Republican,Democrat,True
G000559,L000557,3,0.4584450001517932,Democrat,Democrat,False
A000381,K000377,3,0.6348808563003937,Democrat,Democrat,False
S001181,T000464,3,0.4378632605075836,Democrat,Democrat,False
P000604,P000034,3,0.039612685019771256,Democrat,Democrat,False
K000389,P000197,4,0.3328597969375551,Democrat,Democrat,False
K000367,G000555,3,0.2736993581056595,Democrat,Democrat,False
W000817,M001111,4,0.2812706585973501,Democrat,Democrat,False
Q000023,C001038,3,0.08589961007237434,Democrat,Democrat,False
G000565,M001187,5,0.3881243851035833,Republican,Republican,False
C001113,M000639,6,0.3142397172438602,Democrat,Democrat,False
D000563,W000802,5,0.6839916467666626,Democrat,Democrat,False
S000770,P000595,11,0.24104100533507086,Democrat,Democrat,False
H000874,D000617,3,0.1335375631848971,Democrat,Democrat,False
B001261,L000571,7,0.14266551139631442,Republican,Republican,False
W000805,K000384,5,0.5187945526093245,Democrat,Democrat,False
S001150,L000287,3,0.11838909486929576,Democrat,Democrat,False
D000629,C001061,5,0.03117240183055401,Democrat,Democrat,False
D000563,K000383,3,0.023380298167467117,Democrat,Independent,False
W000817,S000033,6,0.03016967574755351,Democrat,Independent,False
G000559,S001145,3,0.13388021911183992,Democrat,Democrat,False
B001243,S001150,7,0.85968565089362,Republican,Democrat,True
C001113,M000355,6,0.8513454894224802,Democrat,Republican,True
C000141,U000039,3,0.047391305988033615,Democrat,Democrat,False
G000555,B001288,3,0.018557510028282802,Democrat,Democrat,False
R000611,B001309,3,0.02620091972251733,Republican,Republican,False
H000874,D000627,4,0.2218901771120727,Democrat,Democrat,False
H001075,P000618,3,0.3499552917977174,Democrat,Democrat,False
L000590,H001066,4,0.2485631974413991,Democrat,Democrat,False
K000384,W000805,21,0.09491373585270983,Democrat,Democrat,False
R000307,M000934,4,0.04503512429073453,Republican,Republican,False
M000355,T000476,3,0.059945521876215935,Republican,Republican,False
K000383,B001135,3,0.06423370819538832,Independent,Republican,False
K000385,L000581,3,0.10430750778565805,Democrat,Democrat,False
G000586,C000984,4,0.2526836274191737,Democrat,Democrat,False
J000293,B001230,3,0.45278671383857727,Republican,Democrat,True
T000463,C000266,4,0.03887747647240758,Republican,Republican,False
P000449,C000174,5,0.8181326270103455,Republican,Democrat,True
C001095,F000062,8,0.8157840259373188,Republican,Democrat,True
J000298,R000606,14,0.8445625848003796,Democrat,Democrat,False
M000133,B001277,9,0.5175971885522207,Democrat,Democrat,False
W000802,B000944,3,0.027631374696890514,Democrat,Democrat,False
C001098,C001095,7,0.3670881177697863,Republican,Republican,False
N000191,C001109,4,0.04627468856051564,Democrat,Republican,True
W000797,S001217,5,0.8323532819747925,Democrat,Republican,True
G000592,P000597,4,0.17173387855291367,Democrat,Democrat,False
W000817,H001080,4,0.2791660279035568,Democrat,Democrat,False
J000298,J000032,5,0.936204195022583,Democrat,Democrat,False
H001041,H001046,3,0.03183275212844213,Republican,Democrat,True
L000174,P000591,3,0.9502396782239279,Democrat,Republican,True
J000293,G000359,3,0.4583633343378703,Republican,Republican,False
M000639,D000563,3,0.04020418040454388,Democrat,Democrat,False
H001079,W000437,13,0.156863147392869,Republican,Republican,False
E000285,B001261,13,0.18686691800562236,Republican,Republican,False
E000296,C001070,5,0.15525481551885606,Democrat,Democrat,False
S000033,C001098,4,0.88160340487957,Independent,Republican,False
W000437,C001088,3,0.03973597722748915,Republican,Democrat,True
K000383,C001035,25,0.07312043707817793,Independent,Republican,False
W000802,M000303,8,0.47452918346971273,Democrat,Republican,True
K000389,P000617,3,0.43265972038110095,Democrat,Democrat,False
P000603,M001184,6,0.3328811534059544,Republican,Republican,False
W000802,S000148,6,0.514812512944142,Democrat,Democrat,False
B001243,O000172,10,0.653049941174686,Republican,Democrat,True
C001063,C001056,4,0.14571814984083176,Democrat,Republican,True
H001069,H001061,7,0.05787772073277405,Democrat,Republican,True
B001288,P000603,5,0.4926963418722153,Democrat,Republican,True
G000585,G000596,9,0.7918796340624491,Democrat,Republican,True
B001298,F000463,6,0.040932134725153446,Republican,Republican,False
G000578,J000289,3,0.5943640936166048,Republican,Republican,False
J000293,G000386,8,0.6010376922786236,Republican,Republican,False
P000613,M001176,4,0.024557453580200672,Democrat,Democrat,False
C001095,L000577,4,0.5096665294840932,Republican,Republican,False
L000575,R000608,3,0.28726040571928024,Republican,Democrat,True
P000616,S001203,3,0.061483214454104505,Democrat,Democrat,False
W000437,S001181,3,0.8087226351102194,Republican,Democrat,True
C001047,M001183,6,0.19530755653977394,Republican,Democrat,True
S001217,M001169,3,0.8642816742261251,Republican,Democrat,True
H001091,E000295,4,0.6561044480185956,Republican,Republican,False
S001181,M001153,3,0.3267966341227293,Democrat,Republican,True
B001261,S001184,5,0.14511214829981328,Republican,Republican,False
R000575,S001176,4,0.4409815948456526,Republican,Republican,False
O000174,W000790,11,0.05055304972285574,Democrat,Democrat,False
M000133,W000817,17,0.48192169478930097,Democrat,Democrat,False
T000475,D000624,3,0.2000698372721672,Republican,Democrat,True
A000372,I000055,3,0.019502827897667885,Republican,Republican,False
M001193,W000822,4,0.8179233819246292,Republican,Democrat,True
P000607,J000293,6,0.726810355981191,Democrat,Republican,True
A000360,B001243,3,0.02173592584828536,Republican,Republican,False
T000481,L000551,3,0.49349717299143475,Democrat,Democrat,False
H001069,P000449,4,0.17198230186477304,Democrat,Republican,True
F000062,B000711,5,0.049832293391227724,Democrat,Democrat,False
S001193,I000056,3,0.4593753094474475,Democrat,Republican,True
G000585,M001165,3,0.8765698075294495,Democrat,Republican,True
S001211,G000574,3,0.05948140347997347,Democrat,Democrat,False
T000476,H000338,3,0.2270678554972013,Republican,Republican,False
J000299,C001093,4,0.34225296415388584,Republican,Republican,False
P000197,M000087,3,0.5359524488449097,Democrat,Democrat,False
C001113,R000146,3,0.06603329752882321,Democrat,Democrat,False
B001243,T000481,6,0.9225113292535146,Republican,Democrat,True
P000607,D000216,3,0.15200874581933022,Democrat,Democrat,False
D000610,N000002,3,0.3290693983435631,Democrat,Democrat,False
B001277,M000133,7,0.5372492053679058,Democrat,Democrat,False
M000194,G000578,3,0.7265420456727346,Republican,Republican,False
J000298,O000173,5,0.40550297442823646,Democrat,Democrat,False
C001069,L000557,5,0.04817574210464955,Democrat,Democrat,False
C001095,P000197,6,0.9403100907802582,Republican,Democrat,True
H001069,G000555,3,0.03185874968767166,Democrat,Democrat,False
K000367,M001111,3,0.9498622020085653,Democrat,Democrat,False
G000578,M001187,3,0.5659314272925258,Republican,Republican,False
S000148,M000639,3,0.5212602416674296,Democrat,Democrat,False
B001277,W000802,6,0.7065552212297916,Democrat,Democrat,False
C001113,P000595,5,0.21160752028226854,Democrat,Democrat,False
M000312,L000287,3,0.4196224162975947,Democrat,Democrat,False
C001035,K000383,7,0.0423742551356554,Republican,Independent,False
K000389,S000033,66,0.39604485430049174,Democrat,Independent,False
G000586,S001145,3,0.4237242713570595,Democrat,Democrat,False
W000802,S001150,4,0.5170492008328438,Democrat,Democrat,False
W000808,M000355,4,0.46201273798942566,Democrat,Republican,True
H001080,U000039,8,0.29717163427267224,Democrat,Democrat,False
H001076,B001288,3,0.032555337995290756,Democrat,Democrat,False
L000596,B001309,6,0.15021721801410118,Republican,Republican,False
A000370,T000476,3,0.34624632572134334,Democrat,Republican,True
T000461,B001135,3,0.018302809447050095,Republican,Republican,False
D000623,C000984,3,0.554087158292532,Democrat,Democrat,False
P000607,B001230,4,0.522791963070631,Democrat,Democrat,False
C001038,C000266,4,0.5011232867836952,Democrat,Republican,True
C001088,C000174,5,0.03717386592179537,Democrat,Democrat,False
S001150,F000062,3,0.7977179884910583,Democrat,Democrat,False
P000197,R000606,3,0.01072663813829422,Democrat,Democrat,False
B001243,B001277,10,0.3691024646162987,Republican,Democrat,True
R000577,B000944,3,0.04202306208511194,Democrat,Democrat,False
P000612,C001095,4,0.40944547578692436,Republican,Republican,False
L000571,S001217,3,0.696279764175415,Republican,Republican,False
D000629,H001080,5,0.3649646397680044,Democrat,Democrat,False
L000582,P000591,3,0.933786670366923,Democrat,Republican,True
S001181,G000359,3,0.3732123573621114,Democrat,Republican,True
B001286,D000563,3,0.018010081102450688,Democrat,Democrat,False
L000577,C001098,5,0.5922244787216187,Republican,Republican,False
C001070,M000303,3,0.0177817748238643,Democrat,Republican,True
W000817,P000617,17,0.2678944450967452,Democrat,Democrat,False
K000389,M001184,28,0.6550471832576606,Democrat,Republican,True
E000295,S000148,5,0.5837077349424362,Republican,Democrat,True
S000033,O000172,6,0.3173261055101951,Independent,Democrat,False
K000210,P000603,3,0.9279691974322001,Republican,Republican,False
G000565,J000289,4,0.9594647139310837,Republican,Republican,False
E000295,G000386,18,0.1722864086429278,Republican,Republican,False
S001226,M001176,4,0.5886270753107965,Democrat,Democrat,False
P000612,L000577,3,0.3201212038596471,Republican,Republican,False
H001076,S001181,47,0.3526504233756915,Democrat,Democrat,False
M000133,M001169,3,0.4690395879248778,Democrat,Democrat,False
W000437,S001184,3,0.31599042285233736,Republican,Republican,False
F000465,S001176,3,0.2667672522366047,Republican,Republican,False
M001176,W000817,3,0.23962858940164247,Democrat,Democrat,False
U000031,D000624,12,0.13993587158620358,Republican,Democrat,True
L000575,J000293,4,0.6399431861937046,Republican,Republican,False
W000822,B001243,3,0.6981203158696493,Democrat,Republican,True
B000944,P000449,6,0.2404172501216332,Democrat,Republican,True
C001090,I000056,5,0.28613993525505066,Democrat,Republican,True
C001114,H000338,3,0.01830789012213548,Republican,Republican,False
S000148,R000146,9,0.2070253569011887,Democrat,Democrat,False
L000592,T000481,3,0.10456179951628049,Democrat,Democrat,False
S001156,D000216,3,0.3510257142285506,Democrat,Democrat,False
J000289,N000002,5,0.7518489241600037,Republican,Democrat,True
T000482,M000133,4,0.014040831010788679,Democrat,Democrat,False
M001184,G000578,3,0.7587631543477377,Republican,Republican,False
S000033,O000173,5,0.14722949117422104,Independent,Democrat,False
W000802,P000197,3,0.3620629496872425,Democrat,Democrat,False
S000148,G000555,7,0.19876527839473315,Democrat,Democrat,False
C001113,M001111,4,0.27377109276130795,Democrat,Democrat,False
B001288,M000639,4,0.22509869374334812,Democrat,Democrat,False
S000148,W000802,3,0.32031837819765013,Democrat,Democrat,False
J000288,L000287,4,0.26510385423898697,Democrat,Democrat,False
C001098,S000033,7,0.893711507320404,Republican,Independent,False
G000551,S001145,3,0.27021583914756775,Democrat,Democrat,False
K000367,S001150,4,0.07429881766438484,Democrat,Democrat,False
S001181,M000355,8,0.613592968787998,Democrat,Republican,True
O000174,B001288,3,0.30987924585739773,Democrat,Democrat,False
B001135,T000476,4,0.07812025770545006,Republican,Republican,False
J000289,C000984,4,0.44321954250335693,Republican,Democrat,True
L000174,F000062,3,0.397675688068072,Democrat,Democrat,False
N000002,R000606,3,0.46546781063079834,Democrat,Democrat,False
C000174,B001277,3,0.5038178687294325,Democrat,Democrat,False
P000449,B000944,4,0.15101745165884495,Republican,Democrat,True
C001087,C001095,3,0.5886132071415583,Republican,Republican,False
C001070,P000591,5,0.8525864005088806,Democrat,Republican,True
B001277,G000359,3,0.38268979887167615,Democrat,Republican,True
D000622,D000563,27,0.23081627693372192,Democrat,Democrat,False
B001319,C001098,3,0.2998741250485182,Republican,Republican,False
K000384,M000303,3,0.6457766418655714,Democrat,Republican,True
O000173,P000617,3,0.38029775644342106,Democrat,Democrat,False
B001288,S000148,4,0.7157895241398364,Democrat,Democrat,False
M000194,O000172,5,0.7402797877788544,Republican,Democrat,True
J000299,J000289,4,0.8736783862113953,Republican,Republican,False
L000174,G000386,3,0.5392030067741871,Democrat,Republican,True
W000779,M001176,3,0.02731953312953313,Democrat,Democrat,False
C001098,L000577,12,0.2764385440386832,Republican,Republican,False
L000557,M001169,3,0.6206933806339899,Democrat,Democrat,False
A000360,S001184,3,0.2810284545024236,Republican,Republican,False
D000563,W000817,7,0.44768597930669785,Democrat,Democrat,False
S001217,J000293,3,0.36049650112787884,Republican,Republican,False
P000595,P000449,3,0.02186923287808895,Democrat,Republican,True
J000293,R000146,3,0.8297683596611023,Republican,Democrat,True
M001188,M000133,3,0.055113065987825394,Democrat,Democrat,False
T000481,O000173,4,0.15294973272830248,Democrat,Democrat,False
B001261,P000197,13,0.8136575520038605,Republican,Democrat,True
M001176,M001111,6,0.5655533748989304,Democrat,Democrat,False
C001071,M000639,5,0.1587734542787075,Republican,Democrat,True
M000133,W000802,5,0.2053726553916931,Democrat,Democrat,False
S001185,L000287,5,0.34169922191649676,Democrat,Democrat,False
C001095,S000033,5,0.7314845979213714,Republican,Independent,False
M001176,S001150,3,0.7726528843243917,Democrat,Democrat,False
M001176,M000355,13,0.7716667818335387,Democrat,Republican,True
P000603,B001288,5,0.16126371696591377,Republican,Democrat,True
L000581,C000984,5,0.8499531626701355,Democrat,Democrat,False
S001157,F000062,3,0.7756084303061167,Democrat,Democrat,False
B001277,R000606,4,0.8365026414394379,Democrat,Democrat,False
M000934,B001277,3,0.5815364420413971,Republican,Democrat,True
C001070,B000944,5,0.3345340296626091,Democrat,Democrat,False
H000601,C001095,3,0.2939555073777835,Republican,Republican,False
W000802,G000359,7,0.7324943441365447,Democrat,Republican,True
K000385,D000563,3,0.8086837927500407,Democrat,Democrat,False
E000299,C001098,4,0.6704815477132797,Democrat,Republican,True
M000355,M000303,6,0.1624204864104589,Republican,Republican,False
O000172,P000617,5,0.05152820087969303,Democrat,Democrat,False
C001075,S000148,4,0.7577200047671795,Republican,Democrat,True
W000817,O000172,3,0.3962905978163083,Democrat,Democrat,False
M001187,J000289,6,0.6545435984929403,Republican,Republican,False
Y000066,G000386,3,0.018664608088632424,Republican,Republican,False
M001198,L000577,3,0.6358712489406267,Republican,Republican,False
P000608,M001169,3,0.2621632069349289,Democrat,Democrat,False
E000295,S001184,6,0.022696062146375578,Republican,Republican,False
K000389,W000817,5,0.3888720951974392,Democrat,Democrat,False
D000614,J000293,4,0.33433924056589603,Republican,Republican,False
C001093,R000146,3,0.6122052272160848,Republican,Democrat,True
M001199,O000173,3,0.928308347860972,Republican,Democrat,True
S001217,P000197,23,0.8678080595057943,Republican,Democrat,True
B001230,M001111,4,0.2525163551326841,Democrat,Democrat,False
P000604,M000639,5,0.0215292077511549,Democrat,Democrat,False
C000141,W000802,4,0.06676936894655228,Democrat,Democrat,False
C001101,L000287,4,0.21006104908883572,Democrat,Democrat,False
M000133,S000033,6,0.27210991519192856,Democrat,Independent,False
G000578,S001150,12,0.7626944423342744,Republican,Democrat,True
C000141,M000355,4,0.4562378069385886,Democrat,Republican,True
M000639,B001288,22,0.0379229470748793,Democrat,Democrat,False
C000141,C000984,3,0.1205927412956953,Democrat,Democrat,False
C001080,B001277,3,0.6512022241950035,Democrat,Democrat,False
H001075,B000944,4,0.027136537479236722,Democrat,Democrat,False
B001236,C001095,7,0.2620253543635564,Republican,Republican,False
C001113,G000359,4,0.6010607238858938,Democrat,Republican,True
M000133,D000563,3,0.3988484591245651,Democrat,Democrat,False
K000378,M000303,3,0.20668116956949234,Republican,Republican,False
S001217,S000148,55,0.8705116087740118,Republican,Democrat,True
B001274,O000172,12,0.9130773146947225,Republican,Democrat,True
R000307,S001184,6,0.4994847080670297,Republican,Republican,False
J000298,W000817,6,0.6395339267328382,Democrat,Democrat,False
G000560,R000146,4,0.6442059576511383,Republican,Democrat,True
B000825,O000173,4,0.8997042775154114,Republican,Democrat,True
B001299,P000197,64,0.7061331048607826,Republican,Democrat,True
K000360,M000639,3,0.3298665185769399,Republican,Democrat,True
S001198,W000802,6,0.04204467156281074,Republican,Democrat,True
A000370,L000287,4,0.382253993768245,Democrat,Democrat,False
S001217,S000033,13,0.8813690623411765,Republican,Independent,False
B001291,S001150,7,0.5947834764208112,Republican,Democrat,True
J000298,M000355,5,0.6616948425769806,Democrat,Republican,True
P000604,B001288,3,0.2951560554405053,Democrat,Democrat,False
W000797,C000984,3,0.7462371587753296,Democrat,Democrat,False
K000384,B000944,5,0.031221611052751543,Democrat,Democrat,False
H001072,C001095,3,0.039395335130393505,Republican,Republican,False
R000597,G000359,3,0.02069549945493539,Republican,Republican,False
G000535,D000563,3,0.3628679849207401,Democrat,Democrat,False
G000574,M000303,3,0.6258030732472738,Democrat,Republican,True
M000639,S000148,7,0.22980627710265772,Democrat,Democrat,False
B001299,O000172,4,0.6255472674965858,Republican,Democrat,True
B001288,S001184,3,0.02496809232980013,Democrat,Republican,True
S000033,W000817,3,0.730581929286321,Independent,Democrat,False
H001041,R000146,4,0.032541210763156414,Republican,Democrat,True
P000617,O000173,3,0.36789829283952713,Democrat,Democrat,False
G000578,P000197,14,0.8024868028504508,Republican,Democrat,True
M001176,W000802,6,0.5304528182993332,Democrat,Democrat,False
B001278,L000287,4,0.10519127896986902,Democrat,Democrat,False
O000173,S000033,8,0.234947448130697,Democrat,Independent,False
J000289,S001150,12,0.9254108369350433,Republican,Democrat,True
W000817,M000355,10,0.6813063159584999,Democrat,Republican,True
K000389,B001288,3,0.10844001298149426,Democrat,Democrat,False
W000808,C000984,3,0.533263628060619,Democrat,Democrat,False
B000711,B000944,6,0.030341969958196085,Democrat,Democrat,False
M000355,G000359,4,0.31675807293504477,Republican,Republican,False
K000360,D000563,9,0.06267115965278612,Republican,Democrat,True
B001319,S000148,3,0.8080042004585266,Republican,Democrat,True
L000557,O000172,3,0.3941914389530818,Democrat,Democrat,False
M001189,S001184,3,0.026215067754189175,Republican,Republican,False
G000586,W000817,4,0.491786178201437,Democrat,Democrat,False
T000476,R000146,3,0.9504074255625407,Republican,Democrat,True
G000586,P000197,3,0.6532842020193735,Democrat,Democrat,False
R000122,W000802,3,0.013484845403581858,Democrat,Democrat,False
G000553,L000287,3,0.013031989646454653,Democrat,Democrat,False
J000298,S000033,5,0.27995703667402266,Democrat,Independent,False
G000590,S001150,6,0.8082803698877493,Republican,Democrat,True
M000639,M000355,3,0.5346415489912033,Democrat,Republican,True
D000563,G000359,4,0.2821616299916059,Democrat,Republican,True
C001098,S000148,4,0.9526921510696411,Republican,Democrat,True
B000825,O000172,3,0.43105053280790645,Republican,Democrat,True
T000250,S001184,3,0.6007043334345022,Republican,Republican,False
B000944,W000817,3,0.4084036548932393,Democrat,Democrat,False
H001066,R000146,6,0.05428773940851291,Democrat,Democrat,False
C001075,P000197,16,0.8777991384267807,Republican,Democrat,True
E000215,W000802,3,0.2938552921017011,Democrat,Democrat,False
T000469,L000287,3,0.10976479668170214,Democrat,Democrat,False
B001261,S000033,3,0.594107856353124,Republican,Independent,False
D000563,S001150,3,0.532557855049769,Democrat,Democrat,False
P000197,M000355,19,0.8599496640657124,Democrat,Republican,True
W000779,S000148,3,0.6865230699380239,Democrat,Democrat,False
O000173,O000172,3,0.7637087007363638,Democrat,Democrat,False
B001230,W000817,4,0.3713309532031417,Democrat,Democrat,False
M001180,R000146,3,0.27087442576885223,Republican,Democrat,True
M000194,P000197,3,0.839696486790975,Republican,Democrat,True
P000607,S000033,3,0.6818534731864929,Democrat,Independent,False
B001299,S001150,6,0.8830421765645345,Republican,Democrat,True
C001070,M000355,11,0.4507641186091033,Democrat,Republican,True
G000555,S000148,4,0.1466691291425377,Democrat,Democrat,False
S000148,O000172,3,0.09053688744703929,Democrat,Democrat,False
S001145,W000817,4,0.07966616563498974,Democrat,Democrat,False
D000615,R000146,3,0.4626675248146057,Republican,Democrat,True
J000289,P000197,6,0.7957994242509207,Republican,Democrat,True
L000577,S000033,3,0.35462528467178345,Republican,Independent,False
C001075,S001150,3,0.9869823058446249,Republican,Democrat,True
R000614,M000355,3,0.9735018809636434,Republican,Republican,False
B000711,S000148,4,0.016055993270128965,Democrat,Democrat,False
C001098,O000172,8,0.6978482203558087,Republican,Democrat,True
W000802,W000817,8,0.5487810336053371,Democrat,Democrat,False
F000458,R000146,7,0.4703900452171053,Republican,Democrat,True
T000250,P000197,3,0.6225201437870661,Republican,Democrat,True
C001096,S000033,3,0.6846438050270081,Republican,Independent,False
P000607,M000355,10,0.8222184747457504,Democrat,Republican,True
P000612,S000148,3,0.6594442427158356,Republican,Democrat,True
C001075,W000817,3,0.855425238609314,Republican,Democrat,True
M001184,P000197,18,0.6526817261344857,Republican,Democrat,True
T000481,S000033,6,0.6120496671646833,Democrat,Independent,False
D000563,M000355,4,0.4313689172267914,Democrat,Republican,True
T000469,S000148,3,0.03769665273527304,Democrat,Democrat,False
P000617,W000817,10,0.27312859874218703,Democrat,Democrat,False
B000825,P000197,3,0.957713782787323,Republican,Democrat,True
P000603,S000033,15,0.6233169011771679,Republican,Independent,False
B000944,M000355,4,0.7364058941602707,Democrat,Republican,True
T000278,S000148,4,0.587928369641304,Republican,Democrat,True
T000266,W000817,3,0.33271345496177673,Democrat,Democrat,False
K000385,P000197,4,0.41326407715678215,Democrat,Democrat,False
G000585,M000355,3,0.8566842476526896,Democrat,Republican,True
C001095,S000148,8,0.7320142015814781,Republican,Democrat,True
F000454,P000197,6,0.4541518722350399,Democrat,Democrat,False
B001230,M000355,5,0.5881355687975883,Democrat,Republican,True
P000622,S000148,9,0.6467526108026505,Republican,Democrat,True
E000299,P000197,3,0.03178621673335632,Democrat,Democrat,False
S000033,M000355,3,0.6343439519405365,Independent,Republican,False
K000367,S000148,3,0.34278869613384205,Democrat,Democrat,False
C001101,P000197,3,0.49957027782996494,Democrat,Democrat,False
L000557,M000355,20,0.6314445521682501,Democrat,Republican,True
B001243,S000148,5,0.626328419148922,Republican,Democrat,True
C001096,P000197,8,0.7892390787601471,Republican,Democrat,True
G000587,M000355,15,0.6898364250858625,Democrat,Republican,True
J000293,S000148,3,0.982820192972819,Republican,Democrat,True
B001274,P000197,7,0.7375165133603981,Republican,Democrat,True
J000288,M000355,7,0.44779752886721064,Democrat,Republican,True
H001089,S000148,4,0.9416104853153229,Republican,Democrat,True
L000582,P000197,3,0.5144766420125961,Democrat,Democrat,False
T000481,M000355,7,0.8902041145733425,Democrat,Republican,True
M001176,S000148,3,0.11826863884925842,Democrat,Democrat,False
W000797,P000197,4,0.16374874976463616,Democrat,Democrat,False
B000711,M000355,3,0.5101274897654852,Democrat,Republican,True
B001291,S000148,5,0.9628015875816345,Republican,Democrat,True
B001298,P000197,4,0.6960848718881607,Republican,Democrat,True
L000577,M000355,3,0.6767827024062475,Republican,Republican,False
F000463,S000148,3,0.976185937722524,Republican,Democrat,True
D000615,P000197,6,0.6644460471967856,Republican,Democrat,True
B001281,M000355,13,0.7195780460651104,Democrat,Republican,True
G000590,S000148,3,0.9067243536313375,Republican,Democrat,True
B001291,P000197,8,0.8354123272001743,Republican,Democrat,True
C001117,M000355,3,0.7236886421839396,Democrat,Republican,True
T000486,S000148,3,0.05425344780087471,Democrat,Democrat,False
F000463,P000197,3,0.4006147136290868,Republican,Democrat,True
M001111,M000355,5,0.6813742890954018,Democrat,Republican,True
B001261,S000148,6,0.872250551978747,Republican,Democrat,True
G000590,P000197,60,0.8135913450270891,Republican,Democrat,True
C001047,M000355,4,0.04159656306728721,Republican,Republican,False
W000437,S000148,7,0.8410500032561166,Republican,Democrat,True
R000614,P000197,15,0.7089887897173563,Republican,Democrat,True
M000087,M000355,4,0.6080367378890514,Democrat,Republican,True
H000601,S000148,5,0.9108110427856445,Republican,Democrat,True
H001080,P000197,3,0.33765326254069805,Democrat,Democrat,False
L000590,M000355,6,0.5511421449482441,Democrat,Republican,True
A000375,P000197,4,0.9393835961818695,Republican,Democrat,True
B001287,M000355,3,0.683656652768453,Democrat,Republican,True
A000377,P000197,7,0.835577130317688,Republican,Democrat,True
R000577,M000355,7,0.6296536400914192,Democrat,Republican,True
K000395,P000197,11,0.909266320141879,Republican,Democrat,True
W000779,M000355,5,0.41329032778739927,Democrat,Republican,True
W000823,P000197,11,0.7373070711777969,Republican,Democrat,True
E000299,M000355,4,0.602877838537097,Democrat,Republican,True
M000317,P000197,4,0.9811900854110718,Republican,Democrat,True
L000570,M000355,4,0.7718775980174541,Democrat,Republican,True
N000026,P000197,4,0.5071566421538591,Republican,Democrat,True
B001300,M000355,5,0.4302029892802238,Democrat,Republican,True
R000515,P000197,3,0.42013273139794666,Democrat,Democrat,False
M001160,M000355,3,0.6748739431301752,Democrat,Republican,True
F000459,P000197,3,0.5343903129299482,Republican,Democrat,True
U000039,M000355,5,0.6307825833559036,Democrat,Republican,True
W000816,P000197,7,0.9140581403459821,Republican,Democrat,True
S001145,M000355,3,0.6031199793020884,Democrat,Republican,True
B001304,P000197,4,0.44700455106794834,Democrat,Democrat,False
T000482,M000355,3,0.8558398882548014,Democrat,Republican,True
M001136,P000197,13,0.7921078640681046,Republican,Democrat,True
H001068,M000355,5,0.6450107611715794,Democrat,Republican,True
C001087,P000197,12,0.6270725348343452,Republican,Democrat,True
W000802,M000355,11,0.6474419571459293,Democrat,Republican,True
E000297,P000197,4,0.14431172842159867,Democrat,Democrat,False
M001207,M000355,5,0.4130558356642723,Democrat,Republican,True
G000587,P000197,5,0.24102104641497135,Democrat,Democrat,False
G000555,M000355,3,0.45703125,Democrat,Republican,True
R000611,P000197,4,0.9157115072011948,Republican,Democrat,True
M000312,M000355,3,0.19122872253259024,Democrat,Republican,True
W000804,P000197,3,0.4100467960039775,Republican,Democrat,True
R000616,M000355,3,0.6559017499287924,Democrat,Republican,True
M001198,P000197,3,0.6458993802467982,Republican,Democrat,True
S001168,M000355,5,0.4343963783234358,Democrat,Republican,True
B000755,P000197,3,0.6309235990047455,Republican,Democrat,True
E000179,M000355,4,0.5957888588309288,Democrat,Republican,True
B001282,P000197,3,0.7831072211265564,Republican,Democrat,True
H001076,M000355,21,0.40472320147923063,Democrat,Republican,True
C001093,P000197,10,0.6688553109765053,Republican,Democrat,True
M001185,M000355,4,0.5000264160335064,Democrat,Republican,True
K000392,P000197,4,0.9699456095695496,Republican,Democrat,True
T000483,M000355,3,0.27222801248232525,Democrat,Republican,True
R000609,P000197,11,0.6804791390895844,Republican,Democrat,True
W000822,M000355,4,0.8149320334196091,Democrat,Republican,True
P000615,P000197,9,0.9401783545811971,Republican,Democrat,True
D000482,M000355,3,0.661492183804512,Democrat,Republican,True
M001210,P000197,3,0.4778994893034299,Republican,Democrat,True
S001203,M000355,4,0.6936087301000953,Democrat,Republican,True
H001088,P000197,16,0.804510772228241,Republican,Democrat,True
B001267,M000355,8,0.505766032030806,Democrat,Republican,True
S000168,P000197,7,0.31405390213642803,Republican,Democrat,True
K000385,M000355,4,0.9229638129472733,Democrat,Republican,True
J000298,P000197,6,0.2768047557522853,Democrat,Democrat,False
J000292,P000197,5,0.82833890914917,Republican,Democrat,True
B001311,P000197,7,0.586463063955307,Republican,Democrat,True
E000295,P000197,4,0.9451945722103119,Republican,Democrat,True
M001190,P000197,3,0.8713189760843912,Republican,Democrat,True
S001195,P000197,9,0.7114920301569833,Republican,Democrat,True
K000388,P000197,3,0.9480421741803488,Republican,Democrat,True
S001199,P000197,3,0.9732677141825358,Republican,Democrat,True
C001068,P000197,4,0.9170420616865158,Democrat,Democrat,False
P000048,P000197,10,0.8491212904453278,Republican,Democrat,True
W000810,P000197,4,0.31199893169105053,Republican,Democrat,True
C001108,P000197,3,0.4953310415148735,Republican,Democrat,True
M001199,P000197,8,0.7466419283300638,Republican,Democrat,True
Z000017,P000197,3,0.962570329507192,Republican,Democrat,True
L000583,P000197,3,0.7412842810153961,Republican,Democrat,True
S001192,P000197,4,0.8893857151269913,Republican,Democrat,True
B001281,P000197,5,0.09163638651371002,Democrat,Democrat,False
