wk,n,anger,anger_dem,anger_rep,baseline,disgust,fear,sadness,joy
2011-01-03,571,0.1614,0.2131,0.1378,0.1712,0.1732,0.086,0.1457,0.4548
2011-01-17,780,0.2151,0.2553,0.2054,0.1778,0.2271,0.0749,0.1061,0.3964
2011-01-24,970,0.1339,0.1388,0.1346,0.1843,0.1429,0.0621,0.0774,0.4917
2011-01-31,937,0.1712,0.1658,0.1695,0.1971,0.1787,0.0904,0.0873,0.4831
2011-02-07,907,0.1843,0.2137,0.1677,0.1843,0.1925,0.0904,0.0848,0.4558
2011-02-14,1202,0.2763,0.2984,0.2671,0.1935,0.2866,0.0864,0.1326,0.3605
2011-02-21,768,0.1579,0.1872,0.1376,0.2027,0.1666,0.0852,0.0832,0.5083
2011-02-28,1175,0.2106,0.2169,0.2107,0.2098,0.2187,0.0973,0.1028,0.4049
2011-03-07,1363,0.2209,0.2324,0.1999,0.2027,0.2341,0.1022,0.1428,0.3739
2011-03-14,1229,0.2098,0.2253,0.1878,0.2027,0.2166,0.0876,0.1036,0.411
2011-03-21,1255,0.1574,0.1316,0.1718,0.2027,0.177,0.0786,0.113,0.4901
2011-03-28,1416,0.2027,0.2284,0.1815,0.2027,0.2135,0.0843,0.0958,0.4061
2011-04-04,1810,0.3038,0.3918,0.2531,0.1913,0.31,0.0948,0.1374,0.3171
2011-04-11,1495,0.2499,0.3007,0.2076,0.2027,0.2593,0.0752,0.1197,0.3773
2011-04-18,789,0.1495,0.1767,0.1227,0.1933,0.166,0.0818,0.0912,0.516
2011-04-25,907,0.1294,0.1357,0.1207,0.1913,0.145,0.1021,0.1056,0.4722
2011-05-02,1569,0.1685,0.1919,0.1511,0.1816,0.1779,0.1261,0.1045,0.4433
2011-05-09,1426,0.1913,0.2527,0.1499,0.1816,0.2001,0.085,0.0836,0.4251
2011-05-16,1637,0.154,0.1989,0.1327,0.1816,0.1661,0.0723,0.0886,0.5168
2011-05-23,1592,0.2046,0.2316,0.1912,0.1816,0.2048,0.0808,0.1014,0.4462
2011-05-30,1210,0.1933,0.1938,0.1936,0.1816,0.2101,0.0896,0.1195,0.4222
2011-06-06,1072,0.145,0.1648,0.133,0.1845,0.1633,0.0919,0.1069,0.4891
2011-06-13,1451,0.1816,0.2121,0.1636,0.1913,0.1947,0.0822,0.1082,0.4404
2011-06-20,1588,0.1736,0.1661,0.1699,0.1933,0.1899,0.1005,0.1185,0.4091
2011-06-27,1252,0.1845,0.1832,0.1889,0.1933,0.2002,0.1008,0.1166,0.4333
2011-07-04,1376,0.2232,0.1852,0.2373,0.1933,0.2477,0.0994,0.1501,0.3973
2011-07-11,1519,0.2535,0.249,0.2547,0.1845,0.2663,0.0992,0.1294,0.3693
2011-07-18,1825,0.2555,0.2638,0.2551,0.1816,0.2682,0.0871,0.1365,0.3451
2011-07-25,2131,0.2755,0.3126,0.2614,0.1816,0.2859,0.0928,0.1336,0.3101
2011-08-01,1507,0.2164,0.2037,0.2232,0.1777,0.2347,0.0886,0.1481,0.3846
2011-08-08,901,0.1737,0.1366,0.1958,0.1845,0.1821,0.0731,0.1124,0.4786
2011-08-15,817,0.1544,0.1243,0.1768,0.1777,0.1636,0.0753,0.0775,0.5072
2011-08-22,1044,0.1517,0.1692,0.1411,0.1777,0.1699,0.128,0.1148,0.4495
2011-08-29,999,0.16,0.1672,0.1571,0.1777,0.1787,0.0934,0.1194,0.4796
2011-09-05,1494,0.1621,0.1148,0.1953,0.1737,0.1783,0.1082,0.1562,0.4072
2011-09-12,1333,0.1777,0.1339,0.2079,0.1737,0.1914,0.0993,0.1091,0.4235
2011-09-19,1441,0.2086,0.1892,0.2261,0.1737,0.2161,0.0774,0.1108,0.4265
2011-09-26,1244,0.1701,0.147,0.1717,0.1726,0.177,0.0753,0.0871,0.4993
2011-10-03,1605,0.205,0.1731,0.2375,0.1777,0.2103,0.0874,0.1137,0.4414
2011-10-10,1569,0.214,0.2064,0.2063,0.1781,0.2144,0.0808,0.0931,0.4403
2011-10-17,1345,0.1726,0.1495,0.1816,0.1781,0.1843,0.0835,0.0938,0.4841
2011-10-24,1434,0.1861,0.1763,0.184,0.1861,0.2014,0.0849,0.1145,0.4306
2011-10-31,1438,0.2025,0.2017,0.1926,0.1977,0.2118,0.0766,0.1165,0.4357
2011-11-07,1370,0.1425,0.1232,0.151,0.1977,0.1508,0.068,0.0948,0.5435
2011-11-14,1837,0.1977,0.206,0.1887,0.1977,0.2081,0.0825,0.1176,0.4289
2011-11-21,831,0.1781,0.1563,0.1871,0.1861,0.1925,0.0704,0.1241,0.5339
2011-11-28,1595,0.1716,0.1814,0.1628,0.1861,0.1874,0.1015,0.1348,0.4087
2011-12-05,1699,0.219,0.2234,0.2053,0.1861,0.224,0.102,0.1156,0.4112
2011-12-12,1726,0.2441,0.2882,0.216,0.1977,0.2481,0.099,0.1185,0.3838
2011-12-19,1024,0.3057,0.3689,0.2669,0.1967,0.3049,0.0801,0.1315,0.3901
2012-01-02,753,0.1817,0.136,0.2056,0.1977,0.1921,0.0834,0.1166,0.4827
2012-01-09,1209,0.1496,0.1119,0.1756,0.1967,0.1586,0.076,0.0836,0.5141
2012-01-16,1625,0.2932,0.2398,0.3278,0.2026,0.284,0.0861,0.1213,0.3916
2012-01-23,2062,0.174,0.1199,0.2013,0.2026,0.186,0.0649,0.1266,0.4826
2012-01-30,1777,0.2387,0.206,0.2627,0.1967,0.2436,0.0815,0.1131,0.4238
2012-02-06,1683,0.1967,0.179,0.211,0.1967,0.1975,0.0696,0.0877,0.4866
2012-02-13,1766,0.2715,0.2057,0.3167,0.1967,0.2847,0.0846,0.1412,0.3957
2012-02-20,1129,0.1285,0.1111,0.1353,0.1967,0.1376,0.0647,0.0874,0.5657
2012-02-27,1795,0.2026,0.1971,0.2059,0.1967,0.2104,0.098,0.1196,0.4384
2012-03-05,1795,0.1713,0.172,0.1686,0.1959,0.1758,0.0861,0.1033,0.5012
2012-03-12,1028,0.1815,0.1607,0.2037,0.1967,0.1956,0.0972,0.0968,0.5107
2012-03-19,1641,0.2126,0.1815,0.2439,0.1959,0.2249,0.0944,0.1172,0.4497
2012-03-26,1562,0.2474,0.2582,0.2378,0.1959,0.2551,0.0977,0.1119,0.3973
2012-04-02,1041,0.1666,0.1299,0.1928,0.1959,0.1788,0.0961,0.1189,0.5021
2012-04-09,1057,0.1559,0.1238,0.1756,0.1959,0.1673,0.0847,0.102,0.5251
2012-04-16,1623,0.1959,0.2076,0.1788,0.1959,0.2027,0.086,0.0985,0.4535
2012-04-23,2054,0.2269,0.232,0.2157,0.1968,0.2294,0.1015,0.1041,0.457
2012-04-30,1091,0.1296,0.1147,0.1298,0.1968,0.1437,0.0887,0.0849,0.5414
2012-05-07,1566,0.2027,0.2254,0.1675,0.1968,0.21,0.0888,0.1034,0.4869
2012-05-14,1578,0.2143,0.2201,0.2063,0.1968,0.2178,0.0968,0.1095,0.4612
2012-05-21,1557,0.1684,0.1394,0.1695,0.1968,0.1761,0.0861,0.1002,0.4986
2012-05-28,1519,0.1968,0.1733,0.2112,0.2027,0.2074,0.0945,0.1372,0.4801
2012-06-04,1864,0.2136,0.197,0.2265,0.2126,0.2227,0.0948,0.1173,0.447
2012-06-11,1633,0.1671,0.1376,0.1817,0.2126,0.1747,0.0843,0.0897,0.5334
2012-06-18,1900,0.2126,0.1781,0.2373,0.2136,0.2116,0.0869,0.0895,0.4697
2012-06-25,2155,0.2737,0.2094,0.3199,0.2136,0.273,0.0934,0.1193,0.3885
2012-07-02,973,0.1558,0.1069,0.1776,0.2126,0.1797,0.0805,0.1295,0.5375
2012-07-09,1802,0.2605,0.2587,0.2626,0.2126,0.2663,0.0913,0.1176,0.4017
2012-07-16,2011,0.2361,0.2225,0.2388,0.2126,0.2485,0.1366,0.1639,0.3867
2012-07-23,2065,0.2223,0.1765,0.2628,0.1915,0.2281,0.1059,0.1231,0.44
2012-07-30,1861,0.2555,0.223,0.2939,0.1915,0.2555,0.0996,0.1235,0.4609
2012-08-06,1175,0.14,0.1111,0.1571,0.1915,0.1535,0.0881,0.1018,0.5512
2012-08-13,1022,0.1572,0.132,0.174,0.1831,0.1718,0.0924,0.1164,0.5281
2012-08-20,1143,0.1479,0.126,0.1474,0.1853,0.1588,0.0898,0.1145,0.5482
2012-08-27,957,0.1233,0.1065,0.1376,0.1831,0.1366,0.0834,0.0997,0.5226
2012-09-03,1072,0.1915,0.086,0.2391,0.1681,0.2184,0.0915,0.1746,0.459
2012-09-10,1948,0.1831,0.1658,0.1986,0.1665,0.2002,0.1407,0.2061,0.4223
2012-09-17,1776,0.2064,0.1961,0.2116,0.1572,0.2144,0.0923,0.1259,0.4726
2012-09-24,1244,0.1665,0.1269,0.1975,0.1572,0.1787,0.0995,0.1043,0.5241
2012-10-01,1227,0.1853,0.135,0.2199,0.1479,0.1989,0.1054,0.1288,0.4977
2012-10-08,1076,0.1681,0.1364,0.1777,0.1464,0.1787,0.1009,0.1094,0.4986
2012-10-15,1088,0.1442,0.1146,0.1615,0.1665,0.1591,0.0907,0.0992,0.5379
2012-10-22,1104,0.1266,0.0876,0.1578,0.1665,0.1409,0.1127,0.0929,0.5326
2012-10-29,1393,0.1146,0.1085,0.1186,0.1665,0.1435,0.1365,0.1502,0.4054
2012-11-05,946,0.105,0.0734,0.1073,0.1665,0.1128,0.0649,0.0948,0.5687
2012-11-12,1214,0.1464,0.1186,0.1565,0.1681,0.1539,0.0983,0.107,0.5059
2012-11-19,702,0.113,0.1172,0.0839,0.1589,0.1175,0.0632,0.0793,0.6381
2012-11-26,1572,0.1747,0.1754,0.1601,0.1589,0.1827,0.09,0.0973,0.4422
2012-12-03,1410,0.1778,0.1878,0.1571,0.1747,0.1827,0.0915,0.1221,0.4656
2012-12-10,1547,0.207,0.2041,0.2101,0.1747,0.2201,0.1393,0.1933,0.4027
2012-12-17,1340,0.2328,0.2634,0.1732,0.1778,0.2403,0.1358,0.1771,0.3931
2012-12-31,1499,0.1827,0.1823,0.182,0.1827,0.1886,0.0662,0.1053,0.5025
2013-01-07,1392,0.1589,0.1172,0.1741,0.1827,0.1718,0.0908,0.0991,0.5157
2013-01-14,1796,0.1903,0.1432,0.227,0.1832,0.1974,0.1243,0.1131,0.4623
2013-01-21,2256,0.1873,0.1358,0.227,0.1873,0.1871,0.0828,0.0966,0.515
2013-01-28,2218,0.1399,0.1208,0.1569,0.1886,0.1503,0.0879,0.1054,0.5359
2013-02-04,2460,0.1886,0.1468,0.2153,0.1873,0.2002,0.1057,0.1126,0.4644
2013-02-11,4064,0.1832,0.1572,0.2049,0.1871,0.1909,0.0945,0.108,0.4695
2013-02-18,2407,0.1691,0.1668,0.1674,0.1871,0.1736,0.1006,0.0977,0.5112
2013-02-25,4037,0.2665,0.2667,0.2666,0.1871,0.2762,0.1417,0.1369,0.3839
2013-03-04,3680,0.2233,0.1988,0.251,0.1832,0.2262,0.1001,0.1063,0.4597
2013-03-11,3529,0.2008,0.2111,0.1921,0.1832,0.2067,0.0845,0.1059,0.4794
2013-03-18,3711,0.1871,0.1735,0.1931,0.1832,0.1963,0.0881,0.1084,0.4899
2013-03-25,2342,0.1267,0.1047,0.1456,0.1832,0.1336,0.0761,0.0718,0.6064
2013-04-01,2271,0.1249,0.0898,0.1348,0.1871,0.1419,0.084,0.1042,0.5686
2013-04-08,3557,0.1829,0.1615,0.1993,0.1871,0.1917,0.0909,0.1168,0.4683
2013-04-15,3486,0.1513,0.1475,0.1511,0.1829,0.1639,0.1491,0.1716,0.4443
2013-04-22,3438,0.1932,0.1502,0.2398,0.1829,0.203,0.0992,0.1054,0.4827
2013-04-29,3139,0.1245,0.0826,0.1545,0.1829,0.1344,0.0778,0.0812,0.5953
2013-05-06,4310,0.1892,0.1514,0.2171,0.1829,0.1977,0.1148,0.0933,0.5007
2013-05-13,5269,0.2933,0.1997,0.355,0.1843,0.2993,0.1261,0.1166,0.3907
2013-05-20,4279,0.1704,0.1422,0.1895,0.1843,0.1788,0.1195,0.1314,0.4659
2013-05-27,3231,0.1348,0.0972,0.1585,0.1892,0.1453,0.09,0.1011,0.5733
2013-06-03,4155,0.1975,0.176,0.2086,0.1932,0.2061,0.1141,0.1256,0.4733
2013-06-10,4714,0.1843,0.1621,0.1989,0.1975,0.1886,0.1042,0.0962,0.4947
2013-06-17,4303,0.2095,0.1889,0.2233,0.1975,0.214,0.0965,0.101,0.4715
2013-06-24,5086,0.2299,0.1905,0.2691,0.1975,0.2295,0.1077,0.1056,0.4478
2013-07-01,2601,0.1777,0.1308,0.2063,0.1843,0.1895,0.0945,0.1536,0.5183
2013-07-08,4408,0.2583,0.2395,0.2775,0.1843,0.2627,0.0998,0.1254,0.4186
2013-07-15,4805,0.218,0.1769,0.2622,0.1843,0.2222,0.0917,0.106,0.465
2013-07-22,2968,0.2387,0.1951,0.2728,0.1843,0.2477,0.1087,0.1242,0.4158
2013-08-05,2647,0.1421,0.119,0.16,0.1871,0.1477,0.0872,0.0903,0.5475
2013-08-12,2538,0.1637,0.1123,0.2036,0.1871,0.1724,0.0824,0.0923,0.5662
2013-08-19,2638,0.146,0.0954,0.1883,0.1871,0.1548,0.0828,0.0838,0.5766
2013-08-26,3182,0.1401,0.1201,0.1529,0.218,0.1437,0.0801,0.0807,0.5535
2013-09-02,2471,0.1404,0.1082,0.1657,0.218,0.1497,0.0974,0.0826,0.5161
2013-09-09,3774,0.1871,0.1183,0.2398,0.2324,0.1921,0.1366,0.1449,0.4276
2013-09-16,4732,0.256,0.2503,0.2617,0.2167,0.2599,0.1387,0.1724,0.3941
2013-09-23,4461,0.3392,0.2787,0.3917,0.2167,0.343,0.1172,0.1488,0.3651
2013-09-30,5220,0.4382,0.4715,0.3856,0.2167,0.437,0.1288,0.2115,0.2617
2013-10-07,3467,0.357,0.3857,0.311,0.2167,0.3628,0.1092,0.1792,0.3131
2013-10-14,2814,0.2907,0.2655,0.3073,0.2167,0.2991,0.1035,0.1731,0.3687
2013-10-21,3277,0.2324,0.1391,0.307,0.2167,0.2513,0.1062,0.1429,0.4418
2013-10-28,4273,0.2167,0.1496,0.2878,0.2167,0.2355,0.1187,0.1408,0.4344
2013-11-04,3717,0.1778,0.1519,0.2064,0.1842,0.18,0.0868,0.1064,0.5344
2013-11-11,3806,0.1842,0.1318,0.2304,0.1842,0.1992,0.0953,0.1332,0.49
2013-11-18,4481,0.1756,0.1306,0.2262,0.1826,0.187,0.1029,0.124,0.505
2013-11-25,2265,0.1201,0.1003,0.1506,0.1826,0.1278,0.0735,0.0978,0.6442
2013-12-02,3742,0.1583,0.1262,0.1913,0.1826,0.1717,0.0945,0.1563,0.5211
2013-12-09,3920,0.1752,0.1501,0.2129,0.1778,0.1863,0.092,0.1261,0.4932
2013-12-16,2862,0.1826,0.1436,0.2193,0.1756,0.1911,0.0856,0.1049,0.5234
2013-12-23,966,0.1845,0.1894,0.166,0.1756,0.1911,0.0743,0.1323,0.5719
2013-12-30,1417,0.1367,0.1082,0.1769,0.1756,0.1469,0.096,0.1017,0.5983
2014-01-06,3997,0.1883,0.1706,0.2104,0.1752,0.2064,0.1053,0.1613,0.4301
2014-01-13,4119,0.1976,0.1733,0.2206,0.179,0.2068,0.0971,0.1227,0.4618
2014-01-20,1731,0.1256,0.1136,0.1269,0.1826,0.1326,0.0714,0.1199,0.5883
2014-01-27,2535,0.1645,0.1385,0.2008,0.1826,0.1682,0.0773,0.0968,0.5404
2014-02-03,4393,0.1861,0.1461,0.2306,0.179,0.2047,0.1122,0.1397,0.4658
2014-02-10,3752,0.179,0.1291,0.2504,0.1771,0.1879,0.0908,0.1117,0.5206
2014-02-17,2968,0.1272,0.1155,0.1453,0.179,0.1333,0.0757,0.0866,0.5931
2014-02-24,4663,0.2058,0.1515,0.2654,0.179,0.2065,0.0966,0.1029,0.4968
2014-03-03,4060,0.1951,0.1642,0.2273,0.1771,0.1986,0.0839,0.1113,0.4969
2014-03-10,4920,0.1771,0.1502,0.207,0.1771,0.1815,0.0842,0.1049,0.5147
2014-03-17,3639,0.1277,0.0871,0.1739,0.1771,0.1354,0.0788,0.0862,0.605
2014-03-24,5129,0.1682,0.1347,0.2083,0.1682,0.1742,0.0934,0.1024,0.5113
2014-03-31,5025,0.1842,0.1755,0.1935,0.1679,0.1917,0.0969,0.1323,0.4865
2014-04-07,5115,0.2032,0.2012,0.2063,0.1682,0.2031,0.0905,0.1122,0.4819
2014-04-14,3151,0.1334,0.1087,0.1583,0.1679,0.1426,0.0945,0.1137,0.5669
2014-04-21,3757,0.1309,0.1017,0.1668,0.1582,0.1377,0.0825,0.0902,0.6082
2014-04-28,5114,0.1679,0.1514,0.187,0.1582,0.1727,0.1099,0.119,0.5088
2014-05-05,5695,0.1575,0.1428,0.1751,0.1583,0.1618,0.1036,0.1065,0.5398
2014-05-12,4585,0.1431,0.1299,0.1583,0.1583,0.15,0.0926,0.0978,0.5593
2014-05-19,4724,0.1775,0.1691,0.1874,0.1582,0.1795,0.1097,0.0959,0.5012
2014-05-26,3834,0.1582,0.1483,0.1686,0.1582,0.1718,0.0987,0.1386,0.5002
2014-06-02,4051,0.1468,0.1161,0.1841,0.1583,0.1561,0.1099,0.1233,0.5164
2014-06-09,4446,0.1583,0.1439,0.1784,0.1679,0.1687,0.1113,0.1144,0.5057
2014-06-16,4416,0.1826,0.1564,0.2101,0.1775,0.1878,0.1157,0.101,0.5029
2014-06-23,5076,0.1902,0.1561,0.2328,0.1775,0.1936,0.1082,0.1042,0.5079
2014-06-30,3491,0.157,0.1514,0.1645,0.1775,0.1604,0.0971,0.1065,0.5682
2014-07-07,2851,0.2075,0.1853,0.234,0.1583,0.2148,0.1218,0.1207,0.4601
2014-07-14,3421,0.2148,0.1606,0.2729,0.1583,0.2173,0.1278,0.1355,0.4437
2014-07-21,5326,0.2176,0.165,0.2736,0.1583,0.2204,0.1246,0.1237,0.4532
2014-07-28,4757,0.2326,0.2476,0.2187,0.1817,0.2278,0.1195,0.1052,0.4422
2014-08-04,3299,0.126,0.1104,0.1484,0.1629,0.1314,0.0944,0.091,0.5784
2014-08-11,2813,0.1239,0.1118,0.1377,0.157,0.1305,0.0916,0.1,0.5918
2014-08-18,3160,0.1257,0.1168,0.1348,0.1422,0.1348,0.1099,0.0939,0.5642
2014-08-25,3298,0.1293,0.1265,0.1313,0.1314,0.1362,0.0981,0.0968,0.5721
2014-09-01,2732,0.1282,0.1064,0.1545,0.1314,0.137,0.1135,0.0982,0.5547
2014-09-08,4393,0.1817,0.1704,0.1946,0.1314,0.183,0.1622,0.1447,0.4382
2014-09-15,4895,0.1629,0.1639,0.1606,0.1293,0.1646,0.1167,0.1048,0.4975
2014-09-22,3624,0.1314,0.1133,0.1562,0.1293,0.1391,0.1035,0.0942,0.5669
2014-09-29,3589,0.1422,0.1294,0.1602,0.1314,0.1509,0.1197,0.1008,0.5433
2014-10-06,3553,0.126,0.1127,0.1434,0.1382,0.1346,0.1036,0.0996,0.5635
2014-10-13,3037,0.1425,0.1188,0.1677,0.1422,0.1517,0.1231,0.0945,0.5275
2014-10-20,3123,0.1382,0.1199,0.1631,0.1425,0.1479,0.1192,0.1062,0.5346
2014-10-27,2660,0.1282,0.1242,0.1344,0.1422,0.1376,0.1113,0.1015,0.5871
2014-11-03,1435,0.1095,0.0914,0.151,0.1382,0.1097,0.0666,0.0786,0.6255
2014-11-17,3953,0.2222,0.1595,0.3006,0.1382,0.2236,0.1166,0.1174,0.4517
2014-11-24,1883,0.1485,0.1379,0.1626,0.1382,0.1496,0.0976,0.0976,0.5829
2014-12-01,3722,0.1678,0.1466,0.1961,0.1425,0.1722,0.1099,0.1235,0.5063
2014-12-08,3731,0.1978,0.1867,0.2143,0.1485,0.2023,0.1203,0.1157,0.4778
2014-12-15,2698,0.1338,0.1024,0.1809,0.155,0.1386,0.0963,0.1031,0.5917
2014-12-22,1324,0.1129,0.113,0.1134,0.1656,0.115,0.0782,0.1012,0.6612
2014-12-29,919,0.1081,0.0803,0.1243,0.1656,0.111,0.0728,0.1048,0.6187
2015-01-05,3940,0.155,0.151,0.1595,0.1656,0.1536,0.1098,0.1052,0.5677
2015-01-12,4230,0.1864,0.1832,0.1923,0.1656,0.1823,0.1213,0.0918,0.5138
2015-01-19,5947,0.1656,0.1498,0.1804,0.1613,0.1627,0.0803,0.0897,0.5344
2015-01-26,4143,0.1763,0.1801,0.1741,0.1602,0.181,0.1478,0.1058,0.469
2015-02-09,1973,0.1682,0.1849,0.1409,0.1613,0.1667,0.1233,0.0956,0.524
2015-02-16,3372,0.1577,0.1398,0.1758,0.1613,0.1598,0.1044,0.0827,0.5601
2015-02-23,6123,0.2377,0.2442,0.2344,0.1613,0.2389,0.1394,0.1172,0.4454
2015-03-02,5050,0.1613,0.1411,0.1804,0.1656,0.1573,0.1058,0.0844,0.5405
2015-03-09,4384,0.1531,0.1603,0.145,0.1613,0.1514,0.0932,0.0866,0.5554
2015-03-16,5574,0.1602,0.1544,0.1639,0.1602,0.1605,0.0912,0.0804,0.5483
2015-03-23,5635,0.1718,0.1698,0.1721,0.1577,0.1727,0.0941,0.0982,0.5252
2015-03-30,3566,0.1223,0.1099,0.1342,0.1577,0.1261,0.0933,0.0879,0.5949
2015-04-06,4014,0.1077,0.0951,0.1182,0.1602,0.1128,0.0856,0.077,0.5884
2015-04-13,5870,0.1833,0.1796,0.1892,0.1531,0.1818,0.0997,0.1078,0.5094
2015-04-20,5503,0.1473,0.1493,0.1396,0.1531,0.148,0.0998,0.0867,0.5528
2015-04-27,5733,0.1405,0.1553,0.1235,0.1602,0.1397,0.087,0.0905,0.562
2015-05-04,5408,0.1019,0.113,0.0882,0.1582,0.1064,0.0744,0.0749,0.6499
2015-05-11,5641,0.1608,0.1765,0.1438,0.1582,0.1639,0.1044,0.1169,0.5237
2015-05-18,5316,0.1604,0.1681,0.151,0.1582,0.1623,0.0985,0.0953,0.5402
2015-05-25,3709,0.1313,0.0977,0.1641,0.1604,0.1335,0.0908,0.1228,0.5827
2015-06-01,2543,0.175,0.1848,0.1648,0.1604,0.1838,0.1493,0.1098,0.4686
2015-06-08,2838,0.1783,0.2052,0.1496,0.1608,0.1759,0.0852,0.0866,0.522
2015-06-15,5379,0.1582,0.1569,0.158,0.1697,0.1626,0.1264,0.1227,0.5173
2015-06-22,5714,0.1791,0.1646,0.1958,0.1714,0.178,0.1009,0.1053,0.5196
2015-06-29,3895,0.139,0.1415,0.1325,0.1714,0.1404,0.0867,0.097,0.6132
2015-07-06,5924,0.1697,0.1888,0.1447,0.1714,0.1691,0.0938,0.0867,0.5311
2015-07-13,6598,0.1714,0.1352,0.2123,0.1714,0.1731,0.1189,0.1111,0.5032
2015-07-20,5740,0.2007,0.1846,0.2148,0.1697,0.1974,0.1215,0.11,0.4857
2015-07-27,5202,0.1987,0.1721,0.2247,0.1697,0.1956,0.1036,0.1001,0.4972
2015-08-03,4619,0.1775,0.1528,0.2083,0.1714,0.1738,0.1037,0.0888,0.5192
2015-08-10,3494,0.1212,0.0998,0.1393,0.1697,0.127,0.0857,0.0908,0.6001
2015-08-17,3571,0.1258,0.1053,0.1411,0.1714,0.1309,0.0939,0.098,0.5948
2015-08-24,4033,0.1223,0.1263,0.1127,0.1775,0.1255,0.0905,0.1077,0.6064
2015-08-31,2042,0.1457,0.1279,0.1477,0.1775,0.149,0.0998,0.0965,0.5775
2015-09-07,2672,0.2375,0.1691,0.2922,0.1775,0.2307,0.1448,0.1622,0.4482
2015-09-14,3103,0.2085,0.2094,0.2013,0.1775,0.2036,0.0985,0.1124,0.5245
2015-09-21,2814,0.1375,0.1353,0.1261,0.1832,0.1398,0.0861,0.1041,0.5862
2015-09-28,3105,0.2057,0.2115,0.1902,0.1832,0.2079,0.1483,0.1326,0.477
2015-10-05,2968,0.1832,0.218,0.1412,0.1919,0.1805,0.1393,0.1079,0.4835
2015-10-12,2152,0.1353,0.1498,0.115,0.1919,0.1386,0.106,0.091,0.5835
2015-10-19,3026,0.2346,0.2147,0.2414,0.1999,0.2333,0.1308,0.1199,0.4497
2015-10-26,3109,0.1919,0.1591,0.2166,0.1999,0.1926,0.1128,0.1138,0.5118
2015-11-02,2749,0.2136,0.19,0.222,0.1999,0.2099,0.1022,0.1149,0.4993
2015-11-09,2795,0.1392,0.1291,0.1371,0.1999,0.1408,0.1262,0.1243,0.5836
2015-11-16,3206,0.2282,0.2121,0.2312,0.1919,0.2293,0.2101,0.1116,0.4156
2015-11-23,1437,0.1221,0.1311,0.0893,0.1999,0.1291,0.1277,0.1034,0.6176
2015-11-30,2837,0.1999,0.1694,0.2091,0.1999,0.1973,0.1516,0.1279,0.488
2015-12-07,3015,0.1999,0.208,0.1747,0.1999,0.1992,0.1756,0.1176,0.4849
2015-12-14,2435,0.2175,0.1842,0.2322,0.1999,0.2149,0.1405,0.0972,0.4928
2015-12-21,1061,0.152,0.1115,0.1437,0.1658,0.149,0.085,0.1083,0.6393
2015-12-28,735,0.1552,0.1166,0.1156,0.1707,0.1559,0.1168,0.1125,0.5584
2016-01-04,2491,0.2772,0.2615,0.2645,0.1658,0.2679,0.1855,0.1243,0.4269
2016-01-11,4005,0.2039,0.1428,0.2477,0.1707,0.2035,0.1287,0.1161,0.4786
2016-01-18,2577,0.1655,0.1605,0.1549,0.1658,0.1637,0.1187,0.1039,0.5498
2016-01-25,3651,0.1542,0.1604,0.1335,0.1655,0.1573,0.1098,0.1262,0.5301
2016-02-01,1123,0.1658,0.136,0.1533,0.1655,0.1657,0.0938,0.1037,0.5677
2016-02-08,5181,0.1707,0.1364,0.1964,0.1658,0.176,0.1118,0.1322,0.5042
2016-02-15,3818,0.1274,0.1192,0.1248,0.1658,0.1343,0.0923,0.1095,0.5723
2016-02-22,5746,0.1811,0.1648,0.1889,0.1655,0.1848,0.1307,0.0989,0.5103
2016-02-29,5646,0.1458,0.1579,0.1212,0.1655,0.1508,0.0984,0.1136,0.5476
2016-03-07,4787,0.1484,0.1336,0.1551,0.1583,0.1521,0.1087,0.1053,0.5606
2016-03-14,6189,0.1838,0.1826,0.1759,0.1658,0.181,0.0983,0.0908,0.5279
2016-03-21,4956,0.1704,0.1646,0.1669,0.1583,0.1776,0.1618,0.1354,0.504
2016-03-28,4258,0.1341,0.1452,0.1055,0.1552,0.1361,0.1086,0.0981,0.5871
2016-04-04,4538,0.1552,0.1622,0.1349,0.1583,0.1557,0.1017,0.0968,0.5595
2016-04-11,6069,0.1769,0.1951,0.143,0.1583,0.177,0.1148,0.1109,0.5177
2016-04-18,5934,0.1583,0.1492,0.1618,0.1583,0.1593,0.1125,0.0987,0.5543
2016-04-25,5535,0.1695,0.1737,0.1581,0.1695,0.1701,0.115,0.0932,0.5224
2016-05-02,4844,0.1163,0.1376,0.0813,0.1695,0.1211,0.0944,0.1117,0.6261
2016-05-09,5467,0.151,0.1598,0.1336,0.1695,0.153,0.1107,0.1081,0.5385
2016-05-16,5877,0.1982,0.2292,0.1547,0.1769,0.1981,0.1141,0.106,0.5123
2016-05-23,5691,0.2001,0.2068,0.1839,0.1845,0.2035,0.1212,0.1208,0.494
2016-05-30,3777,0.1428,0.1454,0.1319,0.1982,0.1498,0.1288,0.1476,0.5649
2016-06-06,5744,0.1845,0.2163,0.1453,0.1982,0.1899,0.1458,0.1597,0.5019
2016-06-13,5895,0.2107,0.2547,0.1542,0.1982,0.2053,0.2045,0.1165,0.4866
2016-06-20,7976,0.3082,0.3644,0.2083,0.1982,0.2901,0.1996,0.1261,0.3999
2016-06-27,5218,0.2575,0.3065,0.1882,0.1982,0.2477,0.2082,0.1384,0.4355
2016-07-04,5564,0.259,0.3082,0.2031,0.1845,0.2571,0.1975,0.1656,0.4194
2016-07-11,6774,0.2458,0.2982,0.1911,0.1598,0.2381,0.1753,0.1448,0.4333
2016-07-18,3676,0.1471,0.1612,0.1062,0.1845,0.1511,0.121,0.1332,0.5541
2016-07-25,2216,0.1216,0.1179,0.1095,0.194,0.1255,0.108,0.0905,0.5976
2016-08-08,3599,0.1549,0.1856,0.1123,0.194,0.1589,0.1127,0.0997,0.5655
2016-08-15,3711,0.1598,0.1466,0.1649,0.194,0.168,0.1287,0.1048,0.5471
2016-08-22,4001,0.1368,0.1485,0.1084,0.1692,0.1398,0.0986,0.097,0.5994
2016-08-29,3549,0.1296,0.1296,0.1162,0.1598,0.1367,0.1171,0.1056,0.559
2016-09-05,4877,0.194,0.1815,0.1971,0.1569,0.1954,0.1502,0.1629,0.4537
2016-09-12,6417,0.2064,0.2282,0.1738,0.1598,0.2069,0.1581,0.1286,0.4697
2016-09-19,5944,0.1988,0.2112,0.1772,0.1598,0.1993,0.1394,0.1142,0.4857
2016-09-26,5049,0.2171,0.2341,0.1928,0.1598,0.2174,0.1315,0.1467,0.4695
2016-10-03,3298,0.1692,0.185,0.1353,0.1692,0.1719,0.1438,0.1059,0.5453
2016-10-10,2273,0.1337,0.1207,0.1303,0.1692,0.1363,0.1165,0.0999,0.5988
2016-10-17,2063,0.1569,0.1741,0.1297,0.1781,0.1596,0.119,0.1087,0.5642
2016-10-24,2256,0.1781,0.1516,0.1858,0.1781,0.1772,0.0991,0.1005,0.5708
2016-10-31,2155,0.1461,0.1343,0.1322,0.1781,0.1523,0.1084,0.1218,0.5874
2016-11-07,1743,0.1139,0.1111,0.0999,0.1781,0.1108,0.0723,0.1002,0.6609
2016-11-14,2497,0.2164,0.289,0.114,0.1781,0.206,0.1166,0.1232,0.5253
2016-11-21,1480,0.1554,0.1661,0.1175,0.1785,0.1485,0.1029,0.1237,0.6168
2016-11-28,4279,0.1785,0.2144,0.1257,0.1819,0.1727,0.12,0.1144,0.5339
2016-12-05,4263,0.1819,0.2342,0.108,0.2029,0.1771,0.1104,0.1461,0.5169
2016-12-12,3802,0.2029,0.2493,0.1314,0.2164,0.2012,0.145,0.1165,0.5026
2016-12-19,2652,0.2274,0.2381,0.2045,0.2216,0.2222,0.1198,0.1217,0.5284
2016-12-26,889,0.2285,0.2841,0.159,0.2274,0.2159,0.1188,0.1111,0.5335
2017-01-02,4187,0.2973,0.393,0.184,0.2285,0.2841,0.1302,0.1308,0.4556
2017-01-09,5224,0.297,0.3746,0.1847,0.2487,0.2861,0.1353,0.1264,0.4182
2017-01-16,4462,0.2216,0.2983,0.1176,0.2857,0.2207,0.099,0.1116,0.5249
2017-01-23,5571,0.3521,0.4616,0.1852,0.297,0.3372,0.1633,0.1449,0.3798
2017-01-30,5497,0.3651,0.4685,0.1905,0.2973,0.3432,0.1548,0.1152,0.379
2017-02-06,4596,0.3257,0.4118,0.156,0.3257,0.3084,0.1367,0.1182,0.4065
2017-02-13,5321,0.3275,0.4207,0.1547,0.3257,0.32,0.1512,0.1257,0.3852
2017-02-20,3549,0.2487,0.3281,0.1053,0.3257,0.2408,0.1333,0.1152,0.497
2017-02-27,6517,0.2857,0.3844,0.1325,0.3257,0.2729,0.1207,0.1094,0.4492
2017-03-06,6082,0.3401,0.4416,0.1461,0.3257,0.3378,0.1356,0.1525,0.3855
2017-03-13,5506,0.3653,0.4772,0.1368,0.3063,0.369,0.1486,0.1818,0.3777
2017-03-20,6072,0.3832,0.4933,0.1507,0.3063,0.3776,0.1445,0.1764,0.3575
2017-03-27,5086,0.3063,0.3939,0.14,0.3063,0.2952,0.1307,0.1246,0.43
2017-04-03,5443,0.2905,0.3638,0.1782,0.2925,0.2787,0.1448,0.1232,0.413
2017-04-10,3882,0.222,0.2965,0.0855,0.3063,0.2222,0.159,0.1291,0.5218
2017-04-17,3728,0.1877,0.2513,0.0878,0.3063,0.1859,0.1092,0.1071,0.5459
2017-04-24,5318,0.2925,0.3973,0.1262,0.2939,0.2865,0.1357,0.1352,0.4454
2017-05-01,6176,0.3496,0.4406,0.1655,0.2925,0.3431,0.1307,0.1666,0.3912
2017-05-08,4456,0.3097,0.386,0.127,0.2925,0.2986,0.1331,0.1189,0.432
2017-05-15,5803,0.2899,0.3832,0.1093,0.2925,0.2785,0.1561,0.1226,0.4344
2017-05-22,5311,0.3498,0.4503,0.1531,0.2925,0.3555,0.1776,0.2035,0.3608
2017-05-29,3436,0.2543,0.3311,0.1046,0.2939,0.255,0.1527,0.1765,0.4751
2017-06-05,4741,0.2939,0.3912,0.1315,0.2939,0.2856,0.1358,0.1312,0.4333
2017-06-12,6255,0.2322,0.2994,0.1306,0.3025,0.2305,0.163,0.1722,0.4657
2017-06-19,6568,0.3033,0.3989,0.1156,0.2939,0.3076,0.1459,0.1702,0.3969
2017-06-26,6274,0.3416,0.4297,0.1789,0.2899,0.34,0.1626,0.1664,0.3737
2017-07-03,3269,0.2496,0.3201,0.1087,0.2939,0.2498,0.1337,0.1382,0.4927
2017-07-10,6635,0.3025,0.3962,0.1378,0.2826,0.2976,0.1495,0.1505,0.3973
2017-07-17,6455,0.2826,0.3715,0.1314,0.2826,0.2763,0.1186,0.143,0.4392
2017-07-24,6846,0.341,0.423,0.1717,0.2765,0.3288,0.1339,0.1493,0.3819
2017-07-31,5028,0.2014,0.2556,0.1195,0.2765,0.1955,0.1055,0.0977,0.5251
2017-08-07,4556,0.2765,0.3347,0.1859,0.2765,0.2639,0.1575,0.1271,0.4403
2017-08-14,5271,0.3198,0.3947,0.1722,0.2496,0.3002,0.1583,0.1468,0.4273
2017-08-21,5815,0.2295,0.3216,0.1,0.2707,0.224,0.1397,0.1308,0.4783
2017-08-28,5140,0.1863,0.2595,0.0918,0.2538,0.183,0.1354,0.1256,0.4948
2017-09-04,5292,0.2251,0.2824,0.1399,0.2462,0.226,0.1767,0.1356,0.4096
2017-09-11,7069,0.1833,0.2264,0.1253,0.2462,0.1842,0.1501,0.1569,0.4652
2017-09-18,6703,0.3094,0.413,0.1095,0.2538,0.3061,0.143,0.1559,0.4194
2017-09-25,7855,0.2462,0.327,0.1039,0.2538,0.2423,0.1137,0.1351,0.449
2017-10-02,7093,0.2707,0.3539,0.1242,0.2538,0.2731,0.1886,0.1834,0.3789
2017-10-09,8013,0.2538,0.2959,0.1278,0.2538,0.2683,0.1755,0.1506,0.3303
2017-10-16,6000,0.2298,0.2775,0.1182,0.267,0.2295,0.1252,0.1177,0.4466
2017-10-23,5266,0.2883,0.3753,0.1401,0.2707,0.288,0.1458,0.1376,0.4011
2017-10-30,5514,0.2822,0.3708,0.143,0.2822,0.2792,0.1601,0.1491,0.4039
2017-11-06,5613,0.267,0.3655,0.1028,0.2822,0.2664,0.1256,0.1428,0.4715
2017-11-13,5406,0.3309,0.4598,0.1348,0.2822,0.326,0.1197,0.1396,0.4208
2017-11-20,2880,0.2358,0.3096,0.096,0.2822,0.2351,0.1249,0.1399,0.519
2017-11-27,4875,0.3768,0.5006,0.1514,0.2854,0.3675,0.1407,0.1524,0.3698
2017-12-04,4925,0.3013,0.406,0.1261,0.2883,0.2934,0.1563,0.1406,0.4092
2017-12-11,5124,0.305,0.393,0.1213,0.2941,0.2901,0.1387,0.1347,0.4435
2017-12-18,4794,0.3652,0.5282,0.146,0.2973,0.3545,0.1226,0.1632,0.433
2017-12-25,1721,0.1841,0.2466,0.0991,0.2973,0.1783,0.1102,0.116,0.607
2018-01-01,2933,0.2773,0.3624,0.1349,0.2973,0.2669,0.1505,0.126,0.4817
2018-01-08,5234,0.2854,0.384,0.1411,0.2973,0.273,0.1543,0.1334,0.4659
2018-01-15,6143,0.4113,0.4763,0.3329,0.2941,0.3937,0.1324,0.1821,0.3559
2018-01-22,4876,0.2941,0.3675,0.2085,0.2854,0.2856,0.1479,0.1513,0.4575
2018-01-29,6416,0.2973,0.4115,0.1465,0.2833,0.2871,0.1437,0.1521,0.4456
2018-02-05,4804,0.2833,0.3567,0.1772,0.2798,0.2756,0.1361,0.1404,0.4571
2018-02-12,5444,0.2991,0.3945,0.1357,0.2798,0.2989,0.1894,0.1793,0.4258
2018-02-19,3864,0.2328,0.3189,0.0885,0.2798,0.2232,0.1827,0.1177,0.5108
2018-02-26,5594,0.2455,0.3131,0.1343,0.2798,0.2322,0.1657,0.1114,0.4925
2018-03-05,6061,0.2457,0.3173,0.1388,0.27,0.2371,0.1656,0.1123,0.496
2018-03-12,2201,0.2798,0.3398,0.1662,0.2682,0.2712,0.1618,0.2027,0.4493
2018-03-19,6664,0.2682,0.3241,0.1776,0.2582,0.2582,0.1803,0.1328,0.4616
2018-03-26,4897,0.2238,0.2964,0.1042,0.2582,0.2163,0.1378,0.115,0.5532
2018-04-02,4537,0.2478,0.3127,0.1275,0.2582,0.241,0.149,0.1445,0.4976
2018-04-09,6262,0.3068,0.3879,0.182,0.2682,0.2966,0.1805,0.1469,0.4154
2018-04-16,6596,0.27,0.3591,0.1514,0.2682,0.2637,0.1464,0.1673,0.4818
2018-04-23,6051,0.2582,0.3453,0.1241,0.2693,0.2545,0.1487,0.138,0.4656
2018-04-30,5085,0.2073,0.2814,0.0914,0.2693,0.2042,0.1255,0.1131,0.5634
2018-05-07,6111,0.2741,0.3449,0.1622,0.27,0.2633,0.1524,0.1237,0.492
2018-05-14,6280,0.2752,0.3678,0.1252,0.2741,0.266,0.1614,0.164,0.4594
2018-05-21,5884,0.2693,0.3639,0.1363,0.2752,0.2586,0.1483,0.1274,0.4739
2018-05-28,4121,0.2417,0.3302,0.1055,0.2752,0.238,0.1645,0.1572,0.5136
2018-06-04,2176,0.3436,0.44,0.1794,0.2762,0.3295,0.1661,0.1566,0.4201
2018-06-11,5892,0.3094,0.4317,0.1268,0.3094,0.3031,0.1758,0.1642,0.4436
2018-06-18,6777,0.3943,0.5062,0.1852,0.3094,0.3947,0.2152,0.218,0.3328
2018-06-25,6704,0.3328,0.4358,0.1592,0.3094,0.3138,0.172,0.1584,0.3999
2018-07-02,3784,0.2762,0.3709,0.1127,0.3094,0.2695,0.152,0.1439,0.4975
2018-07-09,6377,0.3539,0.4797,0.1609,0.3094,0.3394,0.1808,0.1453,0.3918
2018-07-16,6478,0.3884,0.4867,0.216,0.3094,0.3712,0.1973,0.1504,0.3643
2018-07-23,5918,0.3147,0.414,0.1655,0.3089,0.2996,0.1603,0.144,0.4371
2018-07-30,5055,0.2829,0.3806,0.1256,0.2829,0.2722,0.1595,0.1283,0.4725
2018-08-06,4596,0.2727,0.3641,0.1235,0.2813,0.2633,0.1534,0.1341,0.4957
2018-08-13,4399,0.2446,0.3352,0.1193,0.2813,0.2374,0.1443,0.1379,0.5187
2018-08-20,5371,0.2813,0.3705,0.12,0.2829,0.2673,0.1589,0.178,0.4455
2018-08-27,4057,0.2709,0.371,0.1091,0.2813,0.2613,0.1507,0.1633,0.4777
2018-09-03,5252,0.3089,0.4461,0.123,0.2813,0.298,0.1612,0.131,0.4326
2018-09-10,6053,0.2235,0.3307,0.1086,0.2813,0.2249,0.2136,0.1809,0.4288
2018-09-17,5454,0.2479,0.3617,0.0987,0.2727,0.2391,0.1638,0.1521,0.4719
2018-09-24,5986,0.289,0.3848,0.1445,0.2709,0.2689,0.1548,0.1203,0.4435
2018-10-01,5586,0.2847,0.3959,0.1353,0.2709,0.2727,0.1574,0.1434,0.4507
2018-10-08,5131,0.2455,0.3199,0.1289,0.263,0.239,0.1765,0.1371,0.502
2018-10-15,4822,0.2999,0.4047,0.1275,0.263,0.2894,0.1568,0.1404,0.471
2018-10-22,5267,0.3043,0.3879,0.1882,0.2578,0.291,0.2171,0.1645,0.4403
2018-10-29,4872,0.2578,0.3406,0.1214,0.263,0.2445,0.15,0.1288,0.51
2018-11-05,4201,0.2322,0.2975,0.0927,0.2701,0.2176,0.1488,0.1336,0.5259
2018-11-12,4065,0.2476,0.3133,0.1175,0.2701,0.2357,0.1674,0.1379,0.4861
2018-11-19,3132,0.263,0.3161,0.1402,0.2701,0.2519,0.1518,0.1335,0.5284
2018-11-26,5475,0.2701,0.3313,0.1296,0.2999,0.26,0.1718,0.1828,0.4631
2018-12-03,4250,0.2429,0.3085,0.1142,0.3017,0.2386,0.1587,0.1757,0.4864
2018-12-10,5855,0.3076,0.3734,0.163,0.3017,0.2951,0.1805,0.162,0.4369
2018-12-17,5529,0.3893,0.4711,0.2337,0.3017,0.3751,0.1793,0.1799,0.3615
2018-12-24,2065,0.3528,0.4357,0.2007,0.3017,0.349,0.141,0.2119,0.4514
2018-12-31,4940,0.3017,0.3396,0.2109,0.3017,0.2814,0.1065,0.1325,0.5108
2019-01-07,9066,0.4411,0.5109,0.2771,0.3017,0.433,0.212,0.2221,0.3101
2019-01-14,9076,0.3915,0.4417,0.2723,0.3049,0.3812,0.1736,0.2045,0.3541
2019-01-21,8051,0.3846,0.4348,0.2686,0.3049,0.3704,0.1713,0.2076,0.3714
2019-01-28,7854,0.2856,0.3161,0.216,0.304,0.2727,0.1711,0.1377,0.445
2019-02-04,10958,0.2533,0.2945,0.1755,0.3017,0.2419,0.1469,0.1413,0.481
2019-02-11,9110,0.2984,0.3191,0.2459,0.3017,0.2879,0.1906,0.1699,0.4294
2019-02-18,5389,0.2611,0.2998,0.1725,0.2984,0.2475,0.1508,0.1097,0.5288
2019-02-25,9333,0.3049,0.3309,0.255,0.2964,0.2888,0.1739,0.1259,0.4477
2019-03-04,9018,0.2828,0.2846,0.2764,0.2961,0.2637,0.148,0.1207,0.4731
2019-03-11,9078,0.304,0.3527,0.1973,0.2856,0.2907,0.1722,0.1546,0.4589
2019-03-18,6795,0.2429,0.2735,0.1711,0.2961,0.2239,0.1396,0.113,0.5139
2019-03-25,8979,0.3027,0.3353,0.2326,0.2961,0.2815,0.1405,0.1321,0.4596
2019-04-01,8225,0.2961,0.3188,0.2453,0.2961,0.2814,0.1805,0.1474,0.4365
2019-04-08,8115,0.2964,0.3181,0.2499,0.2964,0.2821,0.1628,0.1308,0.4604
2019-04-15,6701,0.2649,0.2994,0.1897,0.2961,0.2541,0.154,0.1454,0.4819
2019-04-22,6302,0.2287,0.2605,0.1619,0.2961,0.2199,0.1643,0.1324,0.5314
2019-04-29,4885,0.3118,0.3425,0.2385,0.2742,0.2992,0.194,0.168,0.4461
2019-05-06,9498,0.2693,0.2986,0.2048,0.2961,0.2593,0.1641,0.1421,0.5026
2019-05-13,9368,0.297,0.339,0.202,0.2961,0.2756,0.1673,0.1342,0.4667
2019-05-20,8876,0.2964,0.3341,0.2104,0.2742,0.2789,0.1721,0.1427,0.4631
2019-05-27,6781,0.2423,0.2762,0.1618,0.2742,0.2346,0.1605,0.158,0.5065
2019-06-03,8937,0.2479,0.2663,0.1965,0.2964,0.2369,0.176,0.1437,0.5105
2019-06-10,9685,0.2742,0.2965,0.222,0.297,0.2606,0.1659,0.1418,0.4757
2019-06-17,9311,0.3065,0.3324,0.2379,0.297,0.2918,0.1939,0.1516,0.4277
2019-06-24,9675,0.3174,0.3463,0.2455,0.297,0.2967,0.1818,0.1467,0.4356
2019-07-01,5762,0.2693,0.3097,0.1741,0.3034,0.2572,0.1458,0.1264,0.5389
2019-07-08,9456,0.3391,0.3856,0.2296,0.3034,0.3287,0.2104,0.1611,0.3924
2019-07-15,8586,0.3295,0.3441,0.2874,0.3034,0.3109,0.1657,0.1455,0.4294
2019-07-22,8630,0.3326,0.3616,0.266,0.3034,0.3096,0.1727,0.1306,0.424
2019-07-29,6936,0.306,0.3453,0.2131,0.3034,0.2949,0.2141,0.1829,0.4303
2019-08-05,6165,0.2889,0.3287,0.1797,0.2978,0.2741,0.2237,0.1526,0.4528
2019-08-12,5977,0.3034,0.3446,0.1819,0.2978,0.2891,0.1978,0.1433,0.4627
2019-08-19,5692,0.2924,0.3423,0.1689,0.2978,0.2822,0.1793,0.1438,0.4831
2019-08-26,6489,0.2434,0.2928,0.1372,0.2978,0.2396,0.1863,0.1471,0.4956
2019-09-02,6118,0.2594,0.3117,0.1419,0.2978,0.2571,0.1953,0.1502,0.4593
2019-09-09,9056,0.2844,0.3209,0.2083,0.2978,0.2735,0.2163,0.1923,0.4189
2019-09-16,8971,0.2978,0.3324,0.2205,0.2978,0.2844,0.1787,0.1613,0.4501
2019-09-23,9105,0.3709,0.3921,0.3193,0.2978,0.3476,0.1773,0.1389,0.3814
2019-09-30,6948,0.2925,0.3043,0.2659,0.2978,0.2782,0.1607,0.1371,0.4779
2019-10-07,7475,0.3267,0.3218,0.3243,0.3062,0.3104,0.1828,0.1416,0.4395
2019-10-14,9331,0.32,0.3239,0.3062,0.3062,0.3052,0.1682,0.177,0.4134
2019-10-21,11927,0.3458,0.3363,0.3573,0.32,0.3279,0.1926,0.1506,0.3797
2019-10-28,12050,0.3062,0.2827,0.3463,0.3267,0.2913,0.1697,0.1394,0.4033
2019-11-04,9548,0.2801,0.2918,0.2488,0.3325,0.2676,0.1607,0.1296,0.4773
2019-11-11,12635,0.3325,0.3269,0.3399,0.3267,0.3179,0.1653,0.1484,0.4158
2019-11-18,13474,0.3548,0.34,0.3783,0.3325,0.3399,0.1725,0.1457,0.3595
2019-11-25,6294,0.2401,0.2543,0.1959,0.3458,0.2259,0.1495,0.1266,0.5285
2019-12-02,12399,0.3678,0.366,0.3662,0.3492,0.3467,0.1812,0.1646,0.3763
2019-12-09,14605,0.3738,0.3517,0.4067,0.3548,0.3479,0.1541,0.1417,0.3815
2019-12-16,13095,0.3745,0.3419,0.418,0.3553,0.3474,0.1379,0.1343,0.399
2019-12-23,3995,0.2374,0.2365,0.2252,0.3553,0.2258,0.1471,0.1432,0.562
2019-12-30,4892,0.3553,0.3488,0.359,0.3553,0.3292,0.2586,0.1379,0.4135
2020-01-06,8534,0.3571,0.3598,0.3466,0.3553,0.3292,0.2584,0.1413,0.3567
2020-01-13,8718,0.3492,0.3666,0.3066,0.3553,0.3267,0.1687,0.1404,0.4099
2020-01-20,9510,0.385,0.3916,0.3709,0.3492,0.3592,0.1405,0.136,0.3835
2020-01-27,11038,0.3829,0.3912,0.3634,0.328,0.363,0.1835,0.158,0.3459
2020-02-03,12410,0.328,0.3613,0.269,0.3209,0.3077,0.1473,0.1502,0.431
2020-02-10,9813,0.3209,0.351,0.2442,0.3209,0.3094,0.169,0.1531,0.4396
2020-02-17,6262,0.266,0.2822,0.2232,0.2869,0.2552,0.1426,0.1221,0.5131
2020-02-24,9794,0.2869,0.3084,0.2378,0.266,0.2779,0.2028,0.141,0.4367
2020-03-02,10065,0.2237,0.2349,0.1968,0.2459,0.2175,0.2113,0.1138,0.4527
2020-03-09,12019,0.2102,0.2287,0.1717,0.2337,0.2165,0.2591,0.134,0.3411
2020-03-16,13917,0.1742,0.1884,0.1477,0.2237,0.1888,0.2585,0.1501,0.3139
2020-03-23,13633,0.2108,0.1933,0.2326,0.2237,0.2168,0.2231,0.1548,0.3516
2020-03-30,12247,0.1991,0.2131,0.1683,0.2237,0.2094,0.2147,0.151,0.3715
2020-04-06,11235,0.1973,0.208,0.1751,0.2237,0.2075,0.2089,0.1565,0.3982
2020-04-13,11749,0.2459,0.2332,0.2648,0.2237,0.2558,0.2125,0.171,0.3367
2020-04-20,11585,0.2337,0.2347,0.2274,0.2337,0.2412,0.1998,0.1703,0.3882
2020-04-27,10638,0.2166,0.2232,0.1971,0.2358,0.2263,0.203,0.1645,0.3744
2020-05-04,11506,0.2358,0.2424,0.2193,0.2459,0.2419,0.2016,0.1718,0.4163
2020-05-11,11183,0.2763,0.2392,0.3374,0.2552,0.28,0.2056,0.1747,0.3533
2020-05-18,9404,0.2552,0.2395,0.2766,0.2763,0.2592,0.2093,0.1685,0.388
2020-05-25,9093,0.312,0.3185,0.2967,0.295,0.3081,0.217,0.2157,0.3602
2020-06-01,9774,0.3895,0.4184,0.3182,0.3038,0.3699,0.2484,0.2073,0.3056
2020-06-08,9187,0.316,0.3398,0.2604,0.3045,0.3023,0.2204,0.1685,0.3668
2020-06-15,10626,0.295,0.3111,0.2552,0.312,0.2785,0.1799,0.1533,0.3988
2020-06-22,10283,0.3624,0.3566,0.3699,0.312,0.3489,0.2133,0.1673,0.3202
2020-06-29,9990,0.3045,0.3028,0.3017,0.316,0.2927,0.2073,0.1498,0.3975
2020-07-06,8927,0.3326,0.3445,0.3014,0.3326,0.3289,0.2272,0.1753,0.3332
2020-07-13,9998,0.3038,0.3186,0.268,0.3326,0.2993,0.2125,0.1873,0.3674
2020-07-20,11569,0.3486,0.3539,0.333,0.316,0.3381,0.2156,0.1647,0.3516
2020-07-27,11493,0.3384,0.3443,0.3217,0.3142,0.3369,0.2058,0.1903,0.3392
2020-08-03,10330,0.31,0.3278,0.2665,0.3142,0.3108,0.2177,0.1939,0.3468
2020-08-10,9538,0.3439,0.3733,0.2694,0.31,0.3403,0.2101,0.182,0.3432
2020-08-17,10217,0.3388,0.361,0.2819,0.31,0.3289,0.1895,0.1532,0.3537
2020-08-24,9747,0.3142,0.3348,0.2623,0.31,0.3103,0.2224,0.1783,0.3741
2020-08-31,7683,0.3054,0.3309,0.2486,0.3142,0.304,0.2185,0.1849,0.3748
2020-09-07,9202,0.2752,0.2926,0.2343,0.3142,0.2754,0.2298,0.2181,0.3722
2020-09-14,11984,0.2722,0.2921,0.2334,0.31,0.2636,0.1913,0.1848,0.425
2020-09-21,12575,0.3005,0.3194,0.2567,0.3064,0.2907,0.1832,0.1603,0.4028
2020-09-28,10895,0.3064,0.3289,0.2569,0.3054,0.2986,0.2023,0.164,0.3839
2020-10-05,10514,0.3194,0.3296,0.2914,0.3005,0.3137,0.2038,0.17,0.3818
2020-10-12,9940,0.3142,0.3152,0.3047,0.2823,0.3092,0.1795,0.1507,0.3782
2020-10-19,11265,0.3303,0.3294,0.3278,0.2817,0.3238,0.1975,0.1677,0.3666
2020-10-26,11653,0.2823,0.3015,0.2391,0.2817,0.278,0.1889,0.1502,0.4148
2020-11-02,7872,0.2133,0.1967,0.2474,0.2817,0.1987,0.1368,0.1025,0.4827
2020-11-09,8910,0.2532,0.2652,0.2252,0.28,0.2465,0.1796,0.1455,0.4641
2020-11-16,10364,0.2817,0.2848,0.2701,0.28,0.2767,0.2096,0.1643,0.3985
2020-11-23,6634,0.2218,0.2024,0.2612,0.28,0.2182,0.1757,0.1526,0.4972
2020-11-30,10597,0.2769,0.2501,0.3275,0.28,0.2687,0.1853,0.1653,0.4086
2020-12-07,12392,0.261,0.2502,0.2784,0.2774,0.2548,0.1808,0.166,0.4408
2020-12-14,6668,0.28,0.2709,0.3003,0.2774,0.2754,0.2025,0.171,0.4152
2020-12-21,8590,0.2774,0.2717,0.2846,0.28,0.2672,0.1306,0.1547,0.4652
2020-12-28,6593,0.2961,0.2911,0.2971,0.2817,0.2777,0.128,0.1645,0.444
2021-01-04,11770,0.4371,0.4539,0.4062,0.28,0.4102,0.2657,0.1818,0.2807
2021-01-11,9536,0.4055,0.4263,0.3589,0.2961,0.3783,0.2343,0.1496,0.3258
2021-01-18,10335,0.2512,0.2036,0.3399,0.298,0.2333,0.1445,0.1286,0.5081
2021-01-25,11000,0.3127,0.2805,0.36,0.3007,0.2927,0.1959,0.1468,0.4058
2021-02-01,11598,0.298,0.2477,0.3728,0.3037,0.2876,0.1873,0.1688,0.4016
2021-02-08,12456,0.345,0.3117,0.3937,0.3127,0.3358,0.2031,0.1783,0.3611
2021-02-15,10651,0.2321,0.2034,0.2709,0.3127,0.2341,0.1764,0.161,0.4357
2021-02-22,13182,0.3007,0.2226,0.4081,0.3037,0.2919,0.1694,0.1599,0.3916
2021-03-01,12711,0.3272,0.2416,0.4423,0.3007,0.309,0.1667,0.1407,0.3969
2021-03-08,8140,0.3037,0.191,0.4501,0.3037,0.2915,0.1715,0.1395,0.4186
2021-03-15,7630,0.3277,0.258,0.4187,0.3007,0.317,0.2112,0.1477,0.3989
2021-03-22,12468,0.3173,0.2738,0.3793,0.3007,0.3105,0.2138,0.1617,0.3926
2021-03-29,10319,0.2257,0.176,0.2946,0.3007,0.2222,0.1652,0.1669,0.4915
2021-04-05,9919,0.2707,0.1973,0.3724,0.3037,0.2655,0.1987,0.169,0.4241
2021-04-12,11894,0.2938,0.2313,0.3804,0.3092,0.2879,0.1974,0.18,0.3946
2021-04-19,11676,0.3092,0.2442,0.405,0.3037,0.2908,0.1786,0.1437,0.4117
2021-04-26,12437,0.2654,0.1646,0.4127,0.3056,0.2582,0.1535,0.1365,0.4386
2021-05-03,10480,0.2481,0.189,0.3318,0.2938,0.2416,0.1532,0.1364,0.4959
2021-05-10,12093,0.3101,0.2366,0.3913,0.2938,0.2972,0.2043,0.1476,0.4185
2021-05-17,7679,0.3751,0.3308,0.4238,0.2938,0.3489,0.2289,0.143,0.3466
2021-05-24,9933,0.3357,0.2744,0.4112,0.2938,0.3276,0.2026,0.1802,0.375
2021-05-31,8996,0.2563,0.2013,0.3196,0.2961,0.2511,0.1871,0.1623,0.4805
2021-06-07,10569,0.3056,0.2155,0.4136,0.2961,0.2999,0.1817,0.152,0.4149
2021-06-14,12155,0.2895,0.2184,0.3773,0.3056,0.2755,0.1676,0.1379,0.4647
2021-06-21,11536,0.3204,0.2388,0.4221,0.3056,0.3074,0.1832,0.1444,0.3944
2021-06-28,11042,0.2877,0.2302,0.368,0.3056,0.2746,0.1772,0.1336,0.4524
2021-07-05,7305,0.2903,0.2079,0.3938,0.2961,0.2827,0.195,0.1431,0.4265
2021-07-12,11733,0.2961,0.1873,0.4484,0.2961,0.2876,0.1755,0.1414,0.432
2021-07-19,11392,0.3162,0.2137,0.4438,0.3056,0.3078,0.2052,0.1474,0.3995
2021-07-26,12767,0.3206,0.2122,0.4507,0.2961,0.3127,0.1895,0.1556,0.4001
2021-08-02,10694,0.2831,0.1898,0.4038,0.3022,0.28,0.1937,0.1775,0.4225
2021-08-09,10359,0.3154,0.1644,0.4766,0.3022,0.3148,0.1955,0.1653,0.4032
2021-08-16,10707,0.2858,0.1504,0.4292,0.3086,0.2929,0.2401,0.194,0.359
2021-08-23,11060,0.3086,0.187,0.4395,0.3099,0.3101,0.2517,0.2161,0.3642
2021-08-30,10510,0.3099,0.2193,0.4083,0.3099,0.3136,0.2262,0.2091,0.3545
2021-09-06,10343,0.2602,0.1578,0.3876,0.3099,0.2581,0.1968,0.1992,0.4265
2021-09-13,11594,0.3022,0.1824,0.4497,0.3099,0.2988,0.1802,0.166,0.4403
2021-09-20,12717,0.3486,0.254,0.4783,0.3103,0.338,0.2003,0.1745,0.3727
2021-09-27,12273,0.3393,0.2297,0.489,0.3099,0.3338,0.1788,0.1741,0.3666
2021-10-04,10884,0.3218,0.2273,0.4519,0.3099,0.3168,0.1957,0.1727,0.392
2021-10-11,9943,0.2696,0.1686,0.4078,0.3099,0.2681,0.1633,0.1541,0.4664
2021-10-18,12910,0.3305,0.2281,0.4647,0.3022,0.3207,0.1853,0.175,0.386
2021-10-25,13367,0.3235,0.2016,0.4818,0.3065,0.32,0.2077,0.1625,0.3899
2021-11-01,15148,0.3103,0.168,0.4896,0.3065,0.2975,0.1481,0.1389,0.4505
2021-11-08,11413,0.2326,0.1385,0.362,0.2956,0.2302,0.1313,0.1406,0.541
2021-11-15,17440,0.2926,0.1705,0.4806,0.2926,0.2824,0.1445,0.1375,0.4778
2021-11-22,9261,0.216,0.1278,0.3455,0.2926,0.2119,0.1244,0.1312,0.5619
2021-11-29,13720,0.2879,0.2033,0.4043,0.2956,0.279,0.1776,0.1679,0.4322
2021-12-06,14357,0.3065,0.2303,0.4119,0.2956,0.293,0.182,0.1727,0.419
2021-12-13,13196,0.2956,0.2192,0.4045,0.2956,0.2876,0.1834,0.1676,0.4353
2021-12-20,8120,0.2249,0.1585,0.3361,0.2956,0.2182,0.1525,0.1385,0.5275
2021-12-27,5488,0.2306,0.1448,0.3532,0.2991,0.2261,0.1532,0.1561,0.5117
2022-01-03,8447,0.3358,0.2685,0.4397,0.3065,0.3279,0.2509,0.1756,0.357
2022-01-10,10781,0.3522,0.2276,0.5083,0.3193,0.3367,0.1946,0.1557,0.3697
2022-01-17,10068,0.3202,0.2362,0.4268,0.3202,0.3027,0.1729,0.149,0.3995
2022-01-24,9715,0.2991,0.2011,0.4317,0.3242,0.2886,0.2032,0.1582,0.424
2022-01-31,11527,0.3193,0.2,0.469,0.3358,0.31,0.2013,0.1553,0.414
2022-02-07,10680,0.3626,0.2566,0.4914,0.3358,0.3504,0.2022,0.1603,0.3812
2022-02-14,9656,0.3242,0.2174,0.4402,0.3358,0.3134,0.193,0.1695,0.411
2022-02-21,10050,0.3963,0.3311,0.4682,0.3326,0.3604,0.2269,0.1345,0.3595
2022-02-28,15334,0.3558,0.2715,0.4589,0.3242,0.3298,0.1846,0.1452,0.3877
2022-03-07,12157,0.3662,0.2667,0.4833,0.3242,0.3405,0.1714,0.14,0.4015
2022-03-14,11160,0.3374,0.2729,0.421,0.3284,0.3134,0.1845,0.1497,0.4204
2022-03-21,9790,0.2759,0.2011,0.3731,0.3284,0.2612,0.1596,0.1352,0.4702
2022-03-28,11339,0.3326,0.246,0.4458,0.3284,0.3182,0.1815,0.1519,0.4268
2022-04-04,10699,0.3208,0.2284,0.4385,0.3326,0.3105,0.187,0.1433,0.4287
2022-04-11,8381,0.2986,0.2002,0.4197,0.3326,0.2909,0.1876,0.1525,0.4722
2022-04-18,8277,0.2797,0.1959,0.3881,0.3284,0.2717,0.1799,0.1421,0.4721
2022-04-25,9926,0.3284,0.2478,0.42,0.3284,0.32,0.209,0.1686,0.4008
2022-05-02,10279,0.2919,0.2263,0.3803,0.3208,0.2797,0.1624,0.1388,0.481
2022-05-09,11074,0.3544,0.2748,0.451,0.3284,0.3438,0.204,0.1917,0.3706
2022-05-16,10730,0.3425,0.2702,0.4394,0.3284,0.3304,0.2059,0.1681,0.3959
2022-05-23,8035,0.3486,0.3189,0.3943,0.3284,0.3475,0.2706,0.2284,0.3325
2022-05-30,7680,0.2921,0.2336,0.3777,0.3425,0.2876,0.229,0.1901,0.4341
2022-06-06,10782,0.3563,0.2809,0.4565,0.3486,0.3478,0.2636,0.1701,0.3469
2022-06-13,10950,0.2973,0.2216,0.393,0.3504,0.29,0.1839,0.1518,0.4469
2022-06-20,10648,0.3504,0.3186,0.394,0.3504,0.3343,0.2148,0.1585,0.3646
2022-06-27,8804,0.3621,0.318,0.421,0.3504,0.3473,0.2097,0.1665,0.3857
2022-07-04,7294,0.3101,0.2442,0.4069,0.3504,0.305,0.2025,0.1827,0.424
2022-07-11,10974,0.365,0.2842,0.4724,0.3504,0.3574,0.2153,0.185,0.3474
2022-07-18,10218,0.3635,0.2978,0.4525,0.3536,0.3485,0.2145,0.1562,0.366
2022-07-25,10857,0.3536,0.2812,0.4544,0.3504,0.3453,0.1948,0.1688,0.3783
2022-08-01,10686,0.3368,0.2633,0.4351,0.3536,0.3235,0.1876,0.1908,0.3824
2022-08-08,5055,0.3967,0.2453,0.5433,0.3536,0.3794,0.1778,0.153,0.3744
2022-08-15,3286,0.3483,0.2348,0.4625,0.3498,0.3383,0.1772,0.1644,0.4238
2022-08-22,3678,0.3498,0.2465,0.4494,0.3498,0.34,0.1552,0.1834,0.4098
2022-08-29,3494,0.3668,0.253,0.4886,0.3483,0.3554,0.186,0.1699,0.3855
2022-09-05,3522,0.2887,0.1967,0.3955,0.3368,0.2803,0.2018,0.2172,0.4355
2022-09-12,4770,0.3649,0.2868,0.4447,0.3354,0.3533,0.1862,0.1737,0.4089
2022-09-19,5047,0.3354,0.2504,0.4454,0.3236,0.3213,0.1944,0.1605,0.4152
2022-09-26,4615,0.3114,0.245,0.3857,0.318,0.3014,0.2026,0.1626,0.3955
2022-10-03,4724,0.3144,0.2287,0.4273,0.3144,0.2992,0.1731,0.1456,0.4493
2022-10-10,4643,0.3056,0.229,0.4056,0.3114,0.2933,0.1544,0.1482,0.4765
2022-10-17,5265,0.318,0.23,0.4321,0.3101,0.3073,0.1812,0.1467,0.4353
2022-10-24,5641,0.3236,0.2603,0.4056,0.3101,0.3119,0.2033,0.1671,0.4407
2022-10-31,5926,0.2947,0.2148,0.406,0.3056,0.2813,0.1605,0.1318,0.4851
2022-11-07,4968,0.1919,0.1468,0.2601,0.3043,0.1806,0.1017,0.1015,0.6037
2022-11-14,5477,0.2765,0.2266,0.3702,0.2998,0.2634,0.1729,0.1517,0.4841
2022-11-21,3400,0.255,0.2091,0.3214,0.2998,0.2493,0.1607,0.1484,0.5165
2022-11-28,5441,0.3101,0.2171,0.4484,0.2998,0.2977,0.1707,0.1631,0.4392
2022-12-05,5700,0.2998,0.231,0.3978,0.2998,0.2824,0.1716,0.1502,0.4576
2022-12-12,5570,0.2977,0.2196,0.3976,0.2998,0.2895,0.1929,0.1521,0.4541
2022-12-19,5860,0.3043,0.2083,0.4307,0.3043,0.2918,0.1593,0.1298,0.4716
2022-12-26,2672,0.2726,0.1944,0.3813,0.3101,0.2651,0.1422,0.1365,0.5064
2023-01-02,3431,0.331,0.3244,0.3372,0.331,0.3149,0.1618,0.1476,0.4189
2023-01-09,3895,0.4244,0.3811,0.45,0.3449,0.3968,0.1912,0.1312,0.3679
2023-01-16,3172,0.3449,0.3004,0.3764,0.3566,0.3307,0.1726,0.153,0.438
2023-01-23,3890,0.4251,0.388,0.4503,0.3658,0.4076,0.2393,0.1937,0.3344
2023-01-30,4392,0.4263,0.3499,0.4773,0.3789,0.4057,0.2056,0.1576,0.3375
2023-02-06,5155,0.3974,0.2664,0.4849,0.3789,0.3862,0.1864,0.169,0.3541
2023-02-13,3750,0.3566,0.2573,0.4284,0.3799,0.3527,0.2097,0.1774,0.39
2023-02-20,3094,0.3658,0.3018,0.4122,0.3799,0.348,0.1944,0.1529,0.4225
2023-02-27,4103,0.3789,0.2901,0.4378,0.3789,0.3608,0.1843,0.1493,0.3944
2023-03-06,4612,0.3799,0.2886,0.4539,0.3799,0.3608,0.1958,0.1442,0.3765
2023-03-13,3888,0.3819,0.2873,0.4533,0.3789,0.3702,0.1923,0.157,0.3747
2023-03-20,4482,0.3722,0.2939,0.4291,0.3722,0.3559,0.1975,0.1362,0.3939
2023-03-27,4816,0.3933,0.3558,0.4224,0.3722,0.375,0.2193,0.1738,0.3608
2023-04-03,3890,0.3317,0.2949,0.3663,0.3755,0.3144,0.1667,0.1394,0.4691
2023-04-10,3413,0.3487,0.305,0.3892,0.3789,0.3328,0.1939,0.1484,0.4137
2023-04-17,4928,0.4014,0.3534,0.44,0.3755,0.3821,0.1975,0.1545,0.3638
2023-04-24,4788,0.3612,0.3418,0.3782,0.3722,0.345,0.1795,0.1533,0.4058
2023-05-01,4578,0.3537,0.2966,0.4013,0.3612,0.3397,0.1914,0.1552,0.4142
2023-05-08,5395,0.391,0.3249,0.4432,0.3612,0.3825,0.2443,0.1656,0.3682
2023-05-15,5610,0.3755,0.3317,0.4128,0.3537,0.3591,0.1972,0.1572,0.3973
2023-05-22,5178,0.408,0.3819,0.431,0.3537,0.3945,0.2059,0.1858,0.3496
2023-05-29,4640,0.3162,0.2598,0.3646,0.3537,0.3022,0.156,0.1692,0.4409
2023-06-05,5504,0.342,0.297,0.3869,0.3534,0.3249,0.1889,0.1398,0.4212
2023-06-12,5809,0.3213,0.265,0.3697,0.3503,0.3034,0.1646,0.1318,0.4608
2023-06-19,5462,0.3687,0.3215,0.4185,0.3448,0.3457,0.1839,0.1367,0.3967
2023-06-26,5066,0.3448,0.3026,0.3945,0.342,0.3244,0.1588,0.1482,0.4346
2023-07-03,3353,0.2761,0.2065,0.3452,0.3213,0.2671,0.1612,0.134,0.5021
2023-07-10,5618,0.3534,0.3047,0.4007,0.3162,0.3359,0.1808,0.141,0.3959
2023-07-17,5711,0.3503,0.2858,0.4142,0.3157,0.3301,0.1755,0.1316,0.4153
2023-07-24,5902,0.3157,0.2623,0.3717,0.3156,0.3008,0.1663,0.1305,0.4365
2023-07-31,4686,0.3156,0.2568,0.3808,0.3126,0.3033,0.1781,0.1378,0.4466
2023-08-07,5010,0.2701,0.2012,0.3566,0.3126,0.2629,0.1548,0.1398,0.4734
2023-08-14,4805,0.2916,0.2173,0.3857,0.3126,0.2808,0.1724,0.1429,0.4683
2023-08-21,4753,0.276,0.2106,0.3417,0.3156,0.2669,0.1759,0.147,0.4772
2023-08-28,5048,0.2497,0.1937,0.311,0.3156,0.2422,0.1855,0.1575,0.4583
2023-09-04,4612,0.2785,0.1936,0.3836,0.3156,0.2668,0.1649,0.1393,0.4854
2023-09-11,7124,0.3126,0.2565,0.3741,0.3156,0.3027,0.1949,0.2079,0.4087
2023-09-18,7194,0.3409,0.2774,0.4129,0.3398,0.3269,0.1839,0.1606,0.4161
2023-09-25,7910,0.4179,0.38,0.4617,0.3398,0.4055,0.196,0.2086,0.3195
2023-10-02,6820,0.3975,0.3274,0.4762,0.3398,0.377,0.2281,0.1687,0.3442
2023-10-09,6705,0.3475,0.2673,0.4349,0.3398,0.3289,0.257,0.1499,0.3845
2023-10-16,7527,0.3738,0.3255,0.4297,0.3409,0.3497,0.2257,0.1453,0.3538
2023-10-23,8033,0.3398,0.3091,0.3761,0.3461,0.3243,0.2418,0.1615,0.3933
2023-10-30,8196,0.3461,0.278,0.4242,0.3475,0.3294,0.2112,0.1378,0.4185
2023-11-06,8081,0.3086,0.2517,0.3721,0.3475,0.2947,0.1819,0.1362,0.4779
2023-11-13,7851,0.337,0.2572,0.4277,0.3461,0.3201,0.1974,0.1551,0.4189
2023-11-20,4958,0.2599,0.2017,0.3332,0.3461,0.2498,0.1714,0.1438,0.5387
2023-11-27,7764,0.3522,0.268,0.4349,0.3461,0.3397,0.2037,0.1674,0.3953
2023-12-04,8620,0.3619,0.289,0.4347,0.3426,0.3476,0.21,0.1646,0.3929
2023-12-11,8217,0.3651,0.3115,0.4203,0.3461,0.3482,0.1911,0.1473,0.3982
2023-12-18,6145,0.3331,0.2543,0.4167,0.352,0.3224,0.1823,0.1409,0.445
2023-12-25,3738,0.2532,0.1683,0.3396,0.3522,0.2452,0.143,0.1303,0.5467
2024-01-01,5128,0.3591,0.2755,0.453,0.3591,0.3477,0.2218,0.1565,0.4246
2024-01-08,7920,0.3644,0.269,0.4516,0.3591,0.3567,0.23,0.1557,0.3798
2024-01-15,7280,0.3426,0.2793,0.4047,0.3593,0.3269,0.1965,0.1437,0.4217
2024-01-22,8087,0.352,0.2824,0.4196,0.3593,0.3377,0.2307,0.1868,0.3931
2024-01-29,8838,0.3593,0.2435,0.472,0.3591,0.3456,0.2027,0.1528,0.4022
2024-02-05,8883,0.3852,0.2845,0.4782,0.3591,0.3707,0.1792,0.156,0.3793
2024-02-12,8631,0.3713,0.283,0.4596,0.3591,0.3587,0.2062,0.1644,0.3933
2024-02-19,6913,0.3333,0.2827,0.3879,0.352,0.3189,0.1875,0.1425,0.4496
2024-02-26,8798,0.3621,0.2855,0.4387,0.352,0.3478,0.1929,0.1499,0.4106
2024-03-04,12252,0.3665,0.2371,0.486,0.3593,0.3497,0.1755,0.1491,0.4197
2024-03-11,8890,0.3412,0.2257,0.4537,0.3593,0.3285,0.184,0.1407,0.4318
2024-03-18,8331,0.3431,0.2423,0.439,0.3431,0.3273,0.1714,0.1344,0.4426
2024-03-25,6557,0.2607,0.1874,0.346,0.3412,0.2496,0.1545,0.134,0.5391
2024-04-01,6378,0.2774,0.197,0.3784,0.3338,0.2709,0.1787,0.1499,0.4816
2024-04-08,8162,0.3597,0.2567,0.4682,0.3412,0.3387,0.2173,0.133,0.4133
2024-04-15,8143,0.3987,0.2801,0.5099,0.3338,0.3729,0.2106,0.1441,0.3656
2024-04-22,6854,0.3061,0.202,0.4273,0.3338,0.2898,0.1826,0.1465,0.4898
2024-04-29,7685,0.3338,0.2299,0.4311,0.3338,0.3159,0.1902,0.1343,0.4578
2024-05-06,8002,0.3278,0.2357,0.4097,0.3338,0.3106,0.2003,0.1425,0.4621
2024-05-13,8212,0.3279,0.2495,0.402,0.3361,0.3083,0.1739,0.1376,0.4659
2024-05-20,7985,0.3613,0.2696,0.447,0.3361,0.3469,0.1918,0.1533,0.4052
2024-05-27,6813,0.3154,0.2218,0.4082,0.3361,0.3006,0.16,0.1583,0.4873
2024-06-03,8212,0.3463,0.2665,0.4182,0.3338,0.329,0.1948,0.1424,0.4374
2024-06-10,8845,0.3361,0.2944,0.3763,0.3361,0.3182,0.1819,0.136,0.4678
2024-06-17,6946,0.3414,0.2305,0.4518,0.3414,0.3257,0.204,0.1367,0.4391
2024-06-24,8797,0.3931,0.3535,0.4308,0.3414,0.3731,0.2119,0.1577,0.3795
2024-07-01,5658,0.3167,0.2439,0.3867,0.3414,0.302,0.1668,0.1303,0.4859
2024-07-08,8872,0.3915,0.3354,0.4332,0.3361,0.369,0.2133,0.158,0.3567
2024-07-15,6629,0.3169,0.2318,0.3971,0.3361,0.302,0.1702,0.1691,0.4483
2024-07-22,7815,0.3795,0.2582,0.4771,0.3224,0.3642,0.1923,0.1554,0.4077
2024-07-29,6849,0.3557,0.2677,0.4457,0.3224,0.3416,0.201,0.1434,0.4291
2024-08-05,6109,0.2805,0.1935,0.3729,0.3224,0.2693,0.1686,0.1298,0.4997
2024-08-12,5933,0.3138,0.215,0.4092,0.3224,0.2983,0.1503,0.1375,0.493
2024-08-19,5631,0.3024,0.193,0.3919,0.3224,0.2933,0.1539,0.1564,0.4803
2024-08-26,5700,0.3224,0.2066,0.432,0.3169,0.3176,0.1882,0.187,0.4466
2024-09-02,5258,0.2885,0.2074,0.3799,0.3138,0.282,0.1863,0.1648,0.4803
2024-09-09,7877,0.3446,0.2851,0.4024,0.3041,0.3306,0.2205,0.1939,0.3891
2024-09-16,7559,0.3415,0.2868,0.3935,0.3024,0.3236,0.1835,0.1483,0.4479
2024-09-23,7173,0.333,0.2721,0.3878,0.3024,0.3216,0.2187,0.1554,0.4028
2024-09-30,7600,0.2994,0.2274,0.369,0.2994,0.2872,0.1954,0.1405,0.4538
2024-10-07,7584,0.2681,0.1984,0.3386,0.2994,0.2648,0.2272,0.1542,0.4616
2024-10-14,6724,0.2833,0.2017,0.3721,0.2974,0.2701,0.1668,0.1267,0.4914
2024-10-21,7055,0.3041,0.2318,0.3783,0.2994,0.2886,0.1761,0.1264,0.4883
2024-10-28,8074,0.2974,0.2057,0.3965,0.2994,0.2824,0.147,0.1199,0.517
2024-11-04,6194,0.2283,0.1631,0.2776,0.2994,0.21,0.1128,0.0965,0.5667
2024-11-11,6098,0.2473,0.2152,0.2689,0.2974,0.2258,0.1223,0.1034,0.5635
2024-11-18,6452,0.3554,0.2747,0.4144,0.2833,0.3318,0.1816,0.1451,0.4252
2024-11-25,4201,0.2617,0.181,0.3199,0.2974,0.2452,0.1348,0.1153,0.5492
2024-12-02,5309,0.3393,0.26,0.3906,0.3041,0.3216,0.1727,0.1566,0.4139
2024-12-09,4978,0.3078,0.2662,0.333,0.3078,0.2884,0.1614,0.1264,0.4695
2024-12-16,5782,0.4007,0.4042,0.3952,0.3165,0.3813,0.15,0.166,0.3776
2024-12-23,3177,0.2352,0.1485,0.3011,0.3371,0.2263,0.1111,0.1584,0.578
2024-12-30,3668,0.2461,0.1865,0.2861,0.3393,0.2322,0.1451,0.1198,0.5365
2025-01-06,5366,0.3165,0.2684,0.3496,0.3393,0.2938,0.1896,0.1354,0.4538
2025-01-13,6081,0.3371,0.3011,0.3611,0.3788,0.3108,0.1591,0.1225,0.4465
2025-01-20,7818,0.3788,0.4735,0.3088,0.4007,0.3532,0.1692,0.1329,0.4285
2025-01-27,7313,0.4332,0.5235,0.3413,0.4332,0.4164,0.2256,0.2094,0.3439
2025-02-03,8323,0.4694,0.5782,0.3703,0.4332,0.4393,0.1956,0.141,0.3403
2025-02-10,7262,0.4575,0.5479,0.3697,0.456,0.4315,0.1855,0.1497,0.357
2025-02-17,6476,0.456,0.5645,0.3551,0.4575,0.4354,0.1904,0.1681,0.3489
2025-02-24,8338,0.4822,0.5826,0.3793,0.4575,0.4573,0.1776,0.1721,0.3309
2025-03-03,9784,0.4672,0.5779,0.373,0.4575,0.4409,0.1644,0.1773,0.352
2025-03-10,7165,0.4873,0.569,0.409,0.4575,0.462,0.1734,0.1857,0.3211
2025-03-17,6609,0.4259,0.5003,0.3605,0.4575,0.4067,0.1772,0.1577,0.3993
2025-03-24,7360,0.4585,0.5572,0.361,0.456,0.4397,0.2023,0.1632,0.3509
2025-03-31,7614,0.468,0.5689,0.3601,0.4398,0.4431,0.1801,0.1713,0.3399
2025-04-07,7448,0.4398,0.555,0.3295,0.4398,0.4176,0.1692,0.1644,0.3676
2025-04-14,6171,0.4175,0.4798,0.3494,0.4313,0.4013,0.1941,0.1711,0.3943
2025-04-21,6124,0.3952,0.4386,0.3485,0.4313,0.3798,0.1992,0.1978,0.3945
2025-04-28,7417,0.4313,0.5326,0.3337,0.4313,0.4078,0.1792,0.1656,0.3867
2025-05-05,7423,0.3781,0.4491,0.309,0.4313,0.3578,0.1654,0.1413,0.4461
2025-05-12,7759,0.4312,0.527,0.3328,0.4313,0.4099,0.1704,0.1823,0.3751
2025-05-19,7697,0.4618,0.5829,0.3382,0.4313,0.4405,0.1875,0.2041,0.3486
2025-05-26,5266,0.3525,0.3956,0.3072,0.4313,0.3355,0.1712,0.1751,0.465
2025-06-02,7524,0.4486,0.5168,0.3781,0.4334,0.4279,0.2168,0.1703,0.3478
2025-06-09,9201,0.4558,0.5372,0.3831,0.4334,0.4325,0.2327,0.1596,0.3562
2025-06-16,6513,0.408,0.4719,0.3478,0.4364,0.3774,0.2187,0.1361,0.3902
2025-06-23,8635,0.4513,0.5639,0.3469,0.4364,0.4191,0.1948,0.1531,0.3575
2025-06-30,9193,0.4652,0.6445,0.278,0.4364,0.4409,0.1421,0.192,0.3757
2025-07-07,6578,0.4334,0.5093,0.3652,0.4334,0.4159,0.2088,0.1913,0.3537
2025-07-14,8144,0.454,0.5454,0.3667,0.4334,0.4336,0.1936,0.1706,0.3428
2025-07-21,7441,0.4297,0.5234,0.3389,0.4297,0.4113,0.1818,0.1639,0.3645
2025-07-28,6949,0.4364,0.5091,0.3582,0.4106,0.4156,0.1857,0.1736,0.3697
2025-08-04,5986,0.3739,0.442,0.2934,0.4106,0.3555,0.1756,0.1548,0.433
2025-08-11,5881,0.4023,0.4853,0.3165,0.4106,0.3798,0.1841,0.1495,0.4166
2025-08-18,5803,0.3741,0.4561,0.2902,0.4106,0.354,0.1728,0.1429,0.4429
2025-08-25,5950,0.3743,0.4533,0.2886,0.4106,0.3638,0.2165,0.2013,0.4054
2025-09-01,6719,0.4106,0.505,0.316,0.4106,0.3905,0.187,0.1576,0.395
2025-09-08,8539,0.3946,0.4753,0.3322,0.4106,0.3812,0.2473,0.2422,0.3341
2025-09-15,8905,0.4041,0.501,0.3185,0.4106,0.387,0.1836,0.1722,0.386
2025-09-22,7419,0.4434,0.5059,0.3794,0.4434,0.4257,0.2041,0.1874,0.3626
2025-09-29,9700,0.5852,0.6033,0.5661,0.4434,0.5711,0.1872,0.2387,0.2021
2025-10-06,9549,0.5499,0.5627,0.537,0.4509,0.5335,0.2192,0.2319,0.24
2025-10-13,8367,0.4811,0.518,0.4467,0.4509,0.4611,0.1722,0.1919,0.3196
2025-10-20,8807,0.5273,0.5417,0.5133,0.4509,0.5128,0.1877,0.2132,0.2681
2025-10-27,9176,0.5087,0.5407,0.4777,0.4509,0.4986,0.1864,0.2341,0.2751
2025-11-03,9293,0.4915,0.5095,0.4716,0.4509,0.4765,0.1669,0.2254,0.3035
2025-11-10,8063,0.4162,0.4848,0.3507,0.4509,0.3972,0.1373,0.1715,0.3976
2025-11-17,8984,0.4509,0.5183,0.3829,0.418,0.4263,0.1944,0.1647,0.3284
2025-11-24,5849,0.3569,0.4027,0.313,0.418,0.349,0.1937,0.2045,0.4138
2025-12-01,8608,0.418,0.4965,0.3414,0.418,0.4035,0.2,0.1796,0.3468
2025-12-08,9652,0.4022,0.4831,0.3241,0.418,0.387,0.1984,0.1855,0.3712
2025-12-15,9550,0.416,0.5055,0.3321,0.418,0.3969,0.178,0.1723,0.3602
2025-12-22,4520,0.3198,0.3687,0.2742,0.4162,0.3069,0.1376,0.1439,0.4964
2025-12-29,5283,0.4089,0.4656,0.3674,0.416,0.3879,0.179,0.1413,0.3953
2026-01-05,9891,0.4466,0.5345,0.3592,0.4089,0.4273,0.2409,0.1885,0.3277
2026-01-12,9637,0.4514,0.5471,0.3623,0.416,0.4277,0.1999,0.1505,0.3413
2026-01-19,10385,0.4295,0.5434,0.3197,0.4097,0.411,0.2187,0.1567,0.3495
2026-01-26,9168,0.4446,0.5371,0.354,0.416,0.4263,0.2426,0.1781,0.3319
2026-02-02,10007,0.406,0.495,0.3291,0.4161,0.3865,0.1803,0.1418,0.3832
2026-02-09,10831,0.406,0.5003,0.3293,0.4219,0.3889,0.1715,0.1436,0.3804
2026-02-16,9361,0.3318,0.3991,0.2691,0.4219,0.3159,0.1491,0.1377,0.4649
2026-02-23,13932,0.4251,0.5484,0.334,0.4171,0.4041,0.1947,0.1612,0.3494
2026-03-02,11525,0.4097,0.4947,0.3377,0.4161,0.3957,0.2094,0.1612,0.3375
2026-03-09,9925,0.4219,0.4913,0.358,0.4097,0.4075,0.218,0.1728,0.343
2026-03-16,11032,0.4161,0.4736,0.3646,0.4097,0.3993,0.1755,0.1603,0.3633
2026-03-23,11321,0.4425,0.5168,0.3798,0.4097,0.4255,0.177,0.1619,0.3495
2026-03-30,9644,0.3606,0.4482,0.2675,0.4097,0.3469,0.15,0.1419,0.4508
2026-04-06,9044,0.4171,0.499,0.335,0.4097,0.3999,0.1881,0.1549,0.3766
2026-04-13,11436,0.4019,0.4835,0.3372,0.4087,0.3852,0.171,0.1606,0.3739
2026-04-20,11253,0.4087,0.4834,0.3528,0.4019,0.3901,0.1768,0.1578,0.3673
2026-04-27,11656,0.4136,0.4946,0.3512,0.3977,0.3954,0.1653,0.1492,0.356
2026-05-04,10245,0.3277,0.3753,0.2906,0.3831,0.3132,0.1356,0.1319,0.4724
2026-05-11,11932,0.373,0.4723,0.3034,0.3826,0.3579,0.1622,0.1476,0.397
2026-05-18,11500,0.3977,0.4918,0.3229,0.3826,0.3828,0.1684,0.1579,0.3647
2026-05-25,8477,0.3276,0.3964,0.2757,0.373,0.3171,0.1431,0.1543,0.4531
2026-06-01,11641,0.3831,0.4686,0.3153,0.373,0.3632,0.1619,0.1325,0.3944
2026-06-08,11311,0.3677,0.4578,0.299,0.373,0.3547,0.1589,0.1446,0.4125
2026-06-15,9796,0.3304,0.389,0.2837,0.373,0.3176,0.1444,0.1393,0.4414
2026-06-22,11328,0.3826,0.4637,0.321,0.3738,0.3655,0.156,0.148,0.3817
2026-06-29,11013,0.3229,0.3992,0.2693,0.3738,0.3081,0.1245,0.1322,0.461
2026-07-06,8128,0.3641,0.4137,0.3251,0.3734,0.3502,0.1515,0.1736,0.4047
2026-07-13,10823,0.408,0.5127,0.3232,0.3736,0.3936,0.1928,0.1689,0.337
2026-07-20,10982,0.4017,0.4972,0.3319,0.3734,0.3855,0.1675,0.1537,0.3426
2026-07-27,9435,0.3949,0.4524,0.3535,0.3736,0.381,0.1633,0.1566,0.3671
2026-08-03,8855,0.3738,0.4386,0.3274,0.3738,0.3562,0.1483,0.1438,0.4006
2026-08-10,7465,0.3645,0.4123,0.3268,0.3736,0.3544,0.16,0.1537,0.3979
2026-08-17,6541,0.3734,0.435,0.3266,0.3738,0.3632,0.1696,0.1529,0.3932
