year,season,n,anger,share_angry,negative,disgust,joy,optimism,fear,sadness,anger_se,anger_dev
2011,Fall,18191,0.18485186283430982,0.15089879610796547,0.12959642647445405,0.1951694367731455,0.45203585008574587,0.4654271487603241,0.08449103151975962,0.1127880847499667,0.002050738165308631,-0.014557131347767649
2011,Spring,17856,0.20196178260457634,0.16929883512544802,0.13137550052397598,0.21197486505661148,0.42611235997792,0.43005946858945754,0.08882497322279491,0.10799245640824717,0.0021760256660574725,0.0025527884224988695
2011,Summer,17890,0.20565612810989764,0.16998323085522637,0.1498653709469454,0.22057856243728963,0.40602059972203347,0.43232004984603156,0.09387665668186457,0.12285831447809419,0.0021622705678799696,0.00624713392782017
2011,Winter,12205,0.20821398888149562,0.17369930356411306,0.1397572289066611,0.21599639030135268,0.4253129525074643,0.4362352661207007,0.09053526497005329,0.1135275445002887,0.0026270498500249877,0.008804994699418145
2012,Fall,16307,0.16086710068214352,0.1281658183602134,0.12423818799164091,0.17455763889413492,0.488662796618058,0.4817844066566023,0.10221662718102842,0.12601127188770175,0.0020494377339895934,-0.033909571169636527
2012,Spring,19496,0.19345934525916608,0.16208453016003282,0.1313551877076428,0.20119616304272783,0.4779874270584322,0.47306330265259183,0.092061850124946,0.10599004468651967,0.0020633142090482888,-0.0013173265926139655
2012,Summer,20942,0.21008649327607315,0.17925699551141247,0.1443495735004384,0.21770579620567676,0.46321299052258263,0.46137370515529186,0.09672146167997198,0.1180729007066202,0.0020651864118874596,0.015309821424293102
2012,Winter,18051,0.2090710431356601,0.18264916071131793,0.15168083678089772,0.21612429709328676,0.4472905809773051,0.4453137351323578,0.08942666368967989,0.12707788328203215,0.002217368466896764,0.014294371283880059
2013,Fall,48770,0.25090045132203553,0.22925979085503384,0.1703268128398217,0.2588830440741904,0.42529953927692904,0.4512461990170828,0.11168003221508783,0.1472095713768993,0.0014898709324377675,0.04386301326342146
2013,Spring,46791,0.186204045497222,0.15778675386292235,0.12685611608776892,0.19480533129373898,0.49053313872401716,0.4801014366833502,0.10252968688384423,0.11045423680110919,0.0013159798654560283,-0.020833392561392078
2013,Summer,44626,0.19858183916940528,0.16974409537041188,0.13349739480068562,0.20404831109627453,0.48704754116034576,0.4892445346460015,0.0974976026152463,0.10738948721581854,0.0013886595443846617,-0.008455598889208799
2013,Winter,33073,0.18324025215206988,0.14966891422005865,0.12610947596573396,0.1921794796584276,0.4907048601838204,0.48914366134184756,0.09887674868645986,0.11800788495725618,0.0015276216294750468,-0.0237971859065442
2014,Fall,39176,0.15235598713162485,0.11895037778231571,0.11548605886188314,0.15788483005177747,0.5269535795059122,0.5317394894294509,0.11672862511028721,0.1063323860362868,0.0012924127829283514,-0.014396957825040801
2014,Spring,59012,0.16555145949261868,0.13646377008066157,0.11703454351542054,0.1711027067478049,0.5258054400359637,0.5159415507053446,0.094486081190085,0.10864715108664261,0.0011151218679718341,-0.0012014854640469697
2014,Summer,50515,0.174368715708558,0.14668910224685736,0.12886587536571514,0.17926897634039982,0.510218476404318,0.5148647151745087,0.11099130161206881,0.1094610467703581,0.0012465220064134257,0.007615770751892348
2014,Winter,40852,0.1728776541612651,0.1435425438167042,0.12628742422537134,0.18084594266157034,0.5129690909101517,0.5110638844589354,0.09749600398846543,0.11748015022440907,0.0013582941637965602,0.0061247092045994544
2015,Fall,35058,0.1889614424051422,0.16506931370871128,0.14654190958911545,0.18872053674040196,0.5111095829583522,0.5396005301949613,0.12774140393525543,0.11639175879269283,0.0015836580104103242,0.020989904662206404
2015,Spring,65605,0.14842943421356458,0.11803978355308284,0.10355290653258034,0.14941414330167008,0.5566290558847131,0.5461859673348095,0.09390667278711617,0.09321626951018978,0.0010012474314458864,-0.01954210352937122
2015,Summer,59940,0.16547041482018732,0.13682015348682014,0.12207188452211175,0.16625844981154836,0.5330058988810329,0.5392780813555555,0.1051950434233616,0.10178585449706926,0.0011108846175020112,-0.0025011229227484832
2015,Winter,39802,0.1854609335618974,0.1579820109542234,0.1327841430111467,0.18468468253109344,0.5111754804896925,0.5260558278127138,0.1239712054883432,0.10327913554869053,0.0014388786125501785,0.01748939581896161
2016,Fall,43569,0.18319359421001127,0.16121554316142211,0.14395952835891443,0.18339300909308953,0.519773708194809,0.5441341029314694,0.13045928520952288,0.12382549114390266,0.0014179622204426557,-0.0009736705346517771
2016,Spring,70047,0.16308619752504147,0.13540908247319658,0.1229012059205879,0.16507933771290303,0.5420497836405931,0.5456442161236669,0.11154688333285037,0.10740182766874357,0.0010381496512701096,-0.02108106721962158
2016,Summer,59405,0.20997732941830005,0.19000084167999326,0.1578780753351352,0.20755628621549496,0.4886001079062985,0.514079922314521,0.16229119206971224,0.12960497692264833,0.0012816942531426096,0.025810064673637
2016,Winter,43479,0.18384160120869564,0.157754318176591,0.1381871611465394,0.183661143362426,0.5162944410439463,0.5350435770486414,0.12171190426779464,0.11837478915854734,0.001389320241466529,-0.00032566353596741315
2017,Fall,77278,0.26275251745446043,0.2434198607624421,0.2080270204162303,0.2628162332926145,0.41977057652001115,0.4873558467200907,0.14688850195493544,0.14594919300607553,0.0012460444722533737,-0.026065692659657247
2017,Spring,67954,0.309763413569242,0.30148335638814494,0.23200544308552046,0.30471254279343624,0.4230530688469258,0.4667641134012553,0.1407558449598621,0.1461547845294376,0.0014156412281598738,0.020945203455124295
2017,Summer,73385,0.27944394008749474,0.266457722967909,0.21505673489308547,0.273635678062241,0.4352636359143986,0.4904419916516773,0.14340326132462783,0.1456107755599764,0.0013192721292326244,-0.009374270026622944
2017,Winter,59750,0.31022281342235525,0.3,0.21899973110796953,0.29839701737581154,0.4303465281234602,0.4899281470264351,0.13730442838018925,0.12958845693835497,0.00150247466545939,0.02140460330823757
2018,Fall,64732,0.27045371773678156,0.25849657047519004,0.217238809787654,0.2595297856184602,0.46734339026864297,0.5579151355667804,0.17103576479255703,0.1437049568636582,0.0014072399592838817,-0.016853128900160164
2018,Spring,71722,0.2589968119303863,0.24614483700956472,0.19801943681431203,0.25118609157205385,0.4862635505644732,0.5587665151680885,0.15542844486593163,0.13809863948201417,0.0012988775549294502,-0.02831003470655541
2018,Summer,68526,0.31800721000181476,0.31183784257070307,0.24144288552052393,0.3068750211799405,0.4301819230105321,0.5156117188478003,0.17196477574085,0.1570425549374052,0.0014375537764177348,0.03070036336487303
2018,Winter,61946,0.3037343149036167,0.2943047170115907,0.23435690463019002,0.2937191603291389,0.4432607748440781,0.5249993889182561,0.15797243646017575,0.15929515661280982,0.001486303256557092,0.01642746826667496
2019,Fall,122975,0.3144780277578729,0.30756657857288067,0.24021278134560475,0.3000188248011095,0.42226390178216133,0.5238636271582137,0.17672561259284988,0.1496053760622017,0.0010654130640323437,0.004957325297073434
2019,Spring,103685,0.2808413345155342,0.27073347157255145,0.21057558417443287,0.2658223904112881,0.4767825719906402,0.5696859923797445,0.16154835720392677,0.13840041690707108,0.0011152936890174937,-0.028679367945265266
2019,Summer,101924,0.29800219612600526,0.29007888230446216,0.23551683368363502,0.2838476415040942,0.4555061987986861,0.5549503850141954,0.18457473586917228,0.14758818952921643,0.0011530190390299214,-0.011518506334794232
2019,Winter,117424,0.3396508753953342,0.3344972067039106,0.25007564311231617,0.32285458846059517,0.41410521515098264,0.5175245446196726,0.16576334023229575,0.15844082479898913,0.00110428295122494,0.030130172934534682
2020,Fall,130282,0.2859757920195717,0.27405167252575185,0.2452400746424964,0.2797970539375916,0.4075341331271628,0.5310463308862688,0.19266434202022423,0.1635196648582798,0.0010047715468536292,-0.0020408045576961187
2020,Spring,148813,0.22704378048289559,0.20122569936766277,0.20549715836459614,0.23346824115848291,0.37094083989564447,0.5386420677611419,0.21835948706065483,0.16020516731243456,0.000838634988061397,-0.06097281609437222
2020,Summer,132280,0.3306848278020201,0.32317810704566075,0.27192965876758224,0.32210626589944136,0.3539317612815286,0.5007183644532425,0.21259382832053134,0.17460091093057045,0.0010300994054843263,0.04266823122475227
2020,Winter,119915,0.31883237570771306,0.31118709085602303,0.2508276182580937,0.30328973332201054,0.4156916005446706,0.5325842799660702,0.17726817069620934,0.1516759422611176,0.0010753390914741252,0.030815779130445253
2021,Fall,158280,0.29917270625463205,0.2916161233257518,0.2518233573595796,0.2931645235807342,0.43349888086625554,0.5442839372259809,0.17389868594148725,0.16107487163907974,0.0009262654082866164,-0.0020117954178071606
2021,Spring,138348,0.2975090595042458,0.28980541822071876,0.23827362768918642,0.2869105211865199,0.4189415206624313,0.5450368170721863,0.1861286612629656,0.15407595696244886,0.0009712003739919202,-0.0036754421681934324
2021,Summer,143007,0.30062261230226817,0.29216052361073236,0.25337267847288364,0.294735190952394,0.4120308699806381,0.5290552239019367,0.19685081256590306,0.16076065582186982,0.0009599253177927659,-0.0005618893701710426
2021,Winter,142706,0.3075421261940135,0.2982635628494948,0.25240307007264856,0.2947041859341952,0.4114323331863835,0.5337794448566265,0.1873581292031417,0.16138871952517087,0.0009755912559164157,0.00635762452157429
2022,Fall,62544,0.30265060879057915,0.2990214888718342,0.2492740523839057,0.2908035705643673,0.45841557530845783,0.564372066048503,0.17448469369758038,0.15446169998827164,0.0014838615791445144,-0.0262174877924517
2022,Spring,137012,0.32560920924987347,0.32252649402972,0.2586430120050225,0.311689186639595,0.4209390839692,0.5360642501343063,0.18912861636616432,0.15767069772057696,0.0010066513018418919,-0.0032588873331573787
2022,Summer,110566,0.3460512967982297,0.34221189153989473,0.286795023603642,0.3353290648506291,0.3843323674440721,0.5081954382134972,0.20733606584368602,0.16976203109170934,0.0011289142073326137,0.01718320021519887
2022,Winter,106361,0.33062038842673275,0.3269149406267335,0.263369394806491,0.31579140433313974,0.4060962805394723,0.5256154062821401,0.19692789912977202,0.15357832981941827,0.0011487999856265936,0.001752291843701903
2023,Fall,91689,0.3427428569622282,0.3436181003173772,0.28008654088746243,0.32742357905195363,0.4070699524684949,0.5175694304409088,0.2063964853251783,0.16043700947320205,0.0012578348169340996,-0.00520856063901276
2023,Spring,60462,0.3739191924636567,0.3766167179385399,0.3014193985559266,0.35842411972639393,0.39130100046239225,0.5061294144549948,0.19558330419795697,0.15750738074516124,0.0015830319353699882,0.025967774862415693
2023,Summer,67652,0.3174324424630708,0.312141547921717,0.24944437706309533,0.30243545945894496,0.4420615521689929,0.5473738788984023,0.1738469860643098,0.13940222914504008,0.001439618233519306,-0.0305189751381702
2023,Winter,61746,0.3636961430692316,0.36719787516600266,0.29270603147535046,0.3490103122430827,0.40293316802480716,0.50001609938461,0.19155175209252004,0.15644172029037914,0.0015584099122291865,0.015744725467990606
2024,Fall,88014,0.29945238240700284,0.29707773763264933,0.24275242123209573,0.28522402997673973,0.47427681432572605,0.5601896431664317,0.1785515686340856,0.14057909935619867,0.0012611524357278299,-0.03372101396254479
2024,Spring,105799,0.33631461376536065,0.33961568634864225,0.2646323658173873,0.31996349654327594,0.4463042591849417,0.5379824598607564,0.18430717343271563,0.1430213086990697,0.0011826907566647152,0.003141217395813023
2024,Summer,92521,0.3416757163799834,0.3442677878535684,0.2714167273821622,0.3260316827486894,0.4408836889092249,0.526317622087733,0.18588357284252893,0.14733217140261415,0.0012668436670282602,0.008502320010435771
2024,Winter,88421,0.35408404558132167,0.35562818787392136,0.28498205139938815,0.3400161303157494,0.41183852598640996,0.5092961904491118,0.1930806447502303,0.15605424674037358,0.0012991221972125354,0.020910649211774046
2025,Fall,109378,0.4694101298876621,0.481970780230028,0.36667195433899497,0.45318969962024636,0.3186078380756307,0.4081972471303339,0.1898703159253062,0.20449081152718934,0.0012352770607930402,0.03287002052569776
2025,Spring,94403,0.434971415887573,0.44544135249939093,0.31988147765569597,0.4136476110881888,0.37712185622241695,0.458072649310866,0.17752307599570719,0.17323513928113873,0.0013298921189802604,-0.0015686934743913694
2025,Summer,94342,0.42824137944206947,0.4375357740984927,0.32318086705646437,0.4063821147248147,0.37752120865243305,0.46128634622093717,0.19495341350133166,0.16684125499725494,0.0013203063228994084,-0.008298729919894887
2025,Winter,93299,0.4079840802845457,0.41203013965851726,0.30283021029239066,0.3869917342199533,0.3833981341000011,0.4689904370439761,0.1843832053853418,0.16028020111824978,0.0013102306288702078,-0.028556029077418665
2026,Spring,139948,0.39500438705887997,0.3980907194100666,0.30233997986341654,0.3794533313431358,0.3819796298122876,0.45173000441214495,0.1733811350254063,0.155864420431824,0.001073814832711917,0.001392314783240367
2026,Summer,117710,0.37307956977494394,0.37255968057089456,0.28618627342404496,0.3582817832892923,0.3938118431003514,0.45887983067943605,0.15820175031596917,0.14923908291131394,0.0011509630566338008,-0.02053250250069566
2026,Winter,85182,0.41969773826225615,0.4256650466060905,0.313464344153215,0.4002552306349918,0.36598578264886794,0.44494428618809695,0.19881361797731756,0.15504073597714943,0.0013840709219887562,0.026085665986616546
