year,month,n,anger,share_angry,negative,disgust,joy,optimism,fear,sadness,anger_se,anger_dev
2011,1,2989,0.16088301921652817,0.12211441953830712,0.10353288642630416,0.17061129969215366,0.45653555132467366,0.4530936993294613,0.07862861547587946,0.10868021195371784,0.0045083351994948204,-0.0385259749655493
2011,2,3815,0.20325248798448226,0.16775884665792923,0.13678704118856558,0.21295872725861276,0.44133999119543255,0.4329970314716713,0.09007289287228952,0.10429867526716498,0.004670967237240267,0.003843493802404785
2011,3,5940,0.20014985481148542,0.16936026936026935,0.134700759992992,0.21145319674400806,0.41882700795560185,0.4161327412758832,0.0890433494886697,0.10966301881590614,0.003762101072010801,0.0007408606294079523
2011,4,5305,0.2311447942378412,0.19641847313854854,0.1512470503442576,0.24201539150578769,0.39255575503518453,0.41153558789946415,0.08813064693636546,0.11889495395359204,0.004224633261937182,0.031735800055763735
2011,5,6611,0.18017188310018817,0.14748147027681138,0.11244181227067863,0.18833755102907926,0.45958578007076245,0.4574371644453109,0.08918592405174845,0.09774273773035447,0.003384194144351617,-0.019237111081889302
2011,6,5982,0.17617690798842708,0.1354062186559679,0.12687423019193936,0.19218655013798763,0.43085668566460034,0.44729673621709926,0.0960195802087313,0.11264414726767412,0.003421463206207618,-0.023232086193650386
2011,7,7103,0.25087829529692346,0.21793608334506548,0.18092430442479268,0.26516924698964417,0.3559298252529977,0.4088501548092992,0.0930218806389801,0.1356875300379875,0.0037066534737231994,0.05146930111484599
2011,8,4805,0.17550662576592102,0.14214360041623308,0.13257533962609155,0.19000902761919394,0.4491476142787715,0.4483691916928959,0.09247239147788776,0.11660966310053134,0.003950676840263891,-0.02390236841615645
2011,9,5868,0.17886073219475776,0.1440013633265167,0.13106258599206314,0.19109940080000082,0.43882720365613415,0.4631094253146177,0.09169390494459079,0.11915637099615158,0.0035303431040818677,-0.02054826198731971
2011,10,6234,0.1952951332821039,0.164260506897658,0.1291877148288585,0.20312489519677973,0.45149128579701614,0.46537739693814334,0.08402641198394971,0.1044337338048464,0.0036368010293987537,-0.004113860899973565
2011,11,6089,0.1799335850582125,0.1438659878469371,0.1286019256285537,0.1909468457528593,0.4653226214808688,0.4677116871145498,0.0780252698067246,0.11520423191686884,0.003474592775128742,-0.019475409123864973
2011,12,5401,0.23791226591365514,0.20644325124976856,0.16190235496078462,0.24325888249519617,0.39671315608842384,0.4291928681064555,0.0974511925558808,0.12272895407371348,0.0042119989109324985,0.038503271731577665
2012,1,6192,0.20527684101009155,0.1816860465116279,0.14724083454976097,0.21121668559431403,0.45912305225182903,0.4488313729392433,0.07606369682566025,0.11487083650661575,0.0037615776770093213,0.010500169158311506
2012,2,6783,0.2154249173646237,0.19106590004422822,0.14498786888325482,0.2222224148343213,0.455924406319392,0.4378687458313778,0.07967276353302936,0.11164022197031923,0.003691823731011349,0.020648245512843666
2012,3,6841,0.20300651041307824,0.1702967402426546,0.13663759031371148,0.21140507134938244,0.4625251554634747,0.45990000127985836,0.09295717355653076,0.1077446219584981,0.0035731669898939554,0.008229838561298192
2012,4,5998,0.19216449794915536,0.1597199066355452,0.1365842688154146,0.19941692691322424,0.4796089728020638,0.4744319616473476,0.09306274097179605,0.10382548383790807,0.003709491457132863,-0.0026121739026246926
2012,5,6657,0.18481496150485205,0.15577587501877724,0.12121534322626512,0.19230818295844634,0.4924160538589132,0.4853572681085516,0.09023997076564332,0.10613725406797797,0.003440753252670355,-0.009961710346927999
2012,6,7956,0.2205923454192888,0.18753142282554047,0.14026236686327004,0.22492774946610652,0.4532587269887709,0.45061781839450027,0.09133453477381706,0.1083852912447649,0.0034023778295434438,0.025815673567508746
2012,7,7561,0.22587655518838815,0.1944187276815236,0.16451582097020037,0.23554484738484607,0.4353726388430025,0.452497582359151,0.10561591742775576,0.13203029851243786,0.0035304826536668565,0.031099883336608097
2012,8,5425,0.17267207525387268,0.14599078341013824,0.12223728205093444,0.18225161627836284,0.516613362821995,0.48951862672773033,0.09222513182861258,0.11282732210177843,0.0037550662045712268,-0.022104596597907367
2012,9,6125,0.1872912496625997,0.1580408163265306,0.15784831342982053,0.20259588699293685,0.46462385175141446,0.4632438943196772,0.10882746936658359,0.15558693618137315,0.003663590955511493,-0.007485422189180357
2012,10,5290,0.14892889566760023,0.11379962192816635,0.11364295985793962,0.1653334871660707,0.4964498112304752,0.47830027014224846,0.11179509081601365,0.11741326950897159,0.003427892198474516,-0.04584777618417982
2012,11,4892,0.1406923647912277,0.10629599345870809,0.09361405440996258,0.1494271182556022,0.5103400717628872,0.5087655432519822,0.08358181912387445,0.0982787471094404,0.003406217869415146,-0.05408430706055234
2012,12,5076,0.2052088230147894,0.17257683215130024,0.16604074518612041,0.21396204290971735,0.4213193635960547,0.45097136892438144,0.11876161159838163,0.1625979168341848,0.004095674792726253,0.010432151163009357
2013,1,8443,0.17351966083908404,0.13964230723676418,0.11127329626643952,0.1793883385184266,0.5074551543218672,0.5021912023179338,0.09093637971177607,0.10098804202974046,0.002946685722294231,-0.03351777721953003
2013,2,12720,0.2013251822163225,0.16470125786163523,0.13857826120665834,0.21034152150906787,0.4537683525701667,0.4689794895177672,0.1124150789715496,0.11697265367274781,0.0025368812492448612,-0.005712255842291569
2013,3,14039,0.1928335969056284,0.16568131633307215,0.12421986163274394,0.19906338997293627,0.4974116897598889,0.4922717197469354,0.08833664967489258,0.10098290678353976,0.0024386813734528527,-0.014203841152985675
2013,4,13865,0.16211931864427737,0.1289578074287775,0.12220821801588236,0.1735908847319663,0.49217554865871127,0.48492298559959085,0.1054397217185783,0.12236499285840607,0.0022286757010916004,-0.04491811941433671
2013,5,18887,0.19895686307510413,0.1730820140837613,0.13222771999843783,0.20721383533258722,0.4842145072983203,0.46751556387912774,0.11094332676274954,0.10875070365038306,0.0021526751678174806,-0.008080574983509947
2013,6,18491,0.20539664084414228,0.1747336542101563,0.1370122083088994,0.20948745157528045,0.4720523222508238,0.48616510449292344,0.10577483942229458,0.10676232260181415,0.002153388354121561,-0.0016407972144718008
2013,7,14813,0.2273211172914356,0.2013096604334031,0.15854953417498244,0.23381113373163742,0.45049109779008967,0.4719044544951221,0.09776318724552498,0.12351717142261097,0.002576352037711539,0.02028367923282151
2013,8,11322,0.149851277025862,0.12029676735559089,0.09498036979345725,0.15622532590859314,0.5593657878040108,0.5169605168254349,0.08363181115371583,0.08731330939585195,0.0024325997040679933,-0.057186161032752064
2013,9,16777,0.2656333034603114,0.2463491685045002,0.1866941859575474,0.26955610061434737,0.3976756164740068,0.4332562492595922,0.1250489438071572,0.14956549422115104,0.0026042767771069686,0.05859586540169731
2013,10,16771,0.3088318575808622,0.29062071432830483,0.20324429338984026,0.31925465445757284,0.3579848495368094,0.411662419165728,0.11601612264475428,0.17115389891437488,0.0027064564965159597,0.1017944195222481
2013,11,15222,0.17083602649674093,0.14281960320588621,0.1160202509491079,0.1806046215729474,0.5299100513315981,0.5146857574830196,0.0921680888189452,0.11823206285705869,0.00223079143807745,-0.03620141156187315
2013,12,11910,0.17081629262547424,0.14072208228379512,0.12331005673286956,0.18184987699720886,0.5182791375505834,0.5014297971219657,0.09004660376848451,0.13117889048000697,0.0024987689899364104,-0.03622114543313984
2014,1,13155,0.17623409080256805,0.143747624477385,0.12898026083618883,0.18686476512346595,0.4913198252986226,0.501794938864813,0.09304777273302244,0.12821363714102021,0.002378046568509511,0.0094811458459024
2014,2,15718,0.1783417123482155,0.14881028120626033,0.12958378626527767,0.1870555890281036,0.5131608325849583,0.5026875914693131,0.09513372630159982,0.1123429389263371,0.002228352044916076,0.011588767391549848
2014,3,18970,0.16588075826129628,0.1379019504480759,0.11215118114999692,0.17159561996201408,0.5303934698657102,0.513622177434797,0.08592198031200131,0.10065729782691261,0.0019645688335486267,-0.0008721866953693702
2014,4,19344,0.17123433752353262,0.14428246484698098,0.12709593378742218,0.17647998633544515,0.517658098183349,0.5117001627593113,0.0958924256168271,0.11806812225632517,0.001987932652263545,0.004481392566866971
2014,5,20698,0.15993853117723486,0.12783843849647308,0.11210700706989378,0.16562543068166993,0.5292148155759524,0.5220312173093816,0.10102085107443852,0.10716528085912008,0.0018470764684758317,-0.006814413779430789
2014,6,18884,0.174313440055067,0.14461978394407965,0.13027716004381912,0.18111693644199287,0.5044449533911308,0.5131400870865996,0.11167784019999845,0.11213182339197081,0.0020212593886105327,0.007560495098401343
2014,7,17962,0.20393989806375556,0.1785992651152433,0.14806115400057285,0.2057031804292906,0.4742721211255901,0.49861160552337275,0.1176917219711116,0.1163037003879132,0.002255153189772623,0.037186953107089915
2014,8,13669,0.1355865259343584,0.10761577291681908,0.10169224929938772,0.14197963166243227,0.5654306822787448,0.538605020417451,0.10123802447521975,0.09677960043185059,0.0021091045265646544,-0.03116641902230724
2014,9,16853,0.1545652911832768,0.12009731205126684,0.11570239472992574,0.158803791334394,0.5079806787174749,0.5275527917545839,0.12635525014419852,0.11089446257843741,0.001963610438312988,-0.012187653773388846
2014,10,14429,0.13510259543084047,0.10167024741839352,0.10701487453705996,0.14467812862958002,0.549915976326056,0.532956141814267,0.11466460562876464,0.10134210897995184,0.0019891499557748815,-0.03165034952582518
2014,11,7894,0.1791758234209747,0.14808715480111478,0.1305082035589634,0.1800627170957286,0.5254873866087342,0.5384538723346981,0.09994932759348737,0.10571419901842422,0.003191531458247287,0.012422878464309062
2014,12,11979,0.1620221578261097,0.13640537607479755,0.11900497292237847,0.1660883810057221,0.5364921139901299,0.5322335607676056,0.10548054049798264,0.1124336243704209,0.0024647608992100795,-0.004730787130555941
2015,1,18562,0.16834871310825453,0.13770067880616313,0.11497024865956786,0.1673535285557963,0.5251775680738986,0.5370919558981196,0.11062318773296428,0.09747663686976063,0.0019759313505000597,0.0003771753653187271
2015,2,11677,0.20246083065030374,0.18061145842254003,0.1398916311985601,0.20305352567186152,0.4928315761389042,0.4951727831970055,0.1254944965566196,0.10316341436363025,0.0028012298584601477,0.034489292907367936
2015,3,22199,0.15947754995494157,0.12887967926483174,0.10581802966183251,0.15876192692419722,0.544482759373629,0.5361089027402457,0.09529141489744185,0.08720458944623606,0.0017791554414094276,-0.008493987787994234
2015,4,22068,0.1469211031026373,0.11654884901214428,0.10202885945401381,0.1478011081139872,0.552180960719031,0.5428497963536216,0.09509654727224912,0.09263291819003297,0.0017116123984578285,-0.021050434640298488
2015,5,21338,0.13849545397235713,0.10830443340519261,0.10277257110205909,0.1413573906484367,0.5738657322539055,0.5601199526261949,0.0912354739753703,0.10007383266854247,0.0017048854397285688,-0.02947608377057867
2015,6,18009,0.17002519444707606,0.13954134044089067,0.12680595725969354,0.1719013566002169,0.5177833890041069,0.5280843525573938,0.11293084709389238,0.1079780211807368,0.002026651993095466,0.002053656704140261
2015,7,25518,0.179495826704397,0.15146171330041538,0.12971225675181522,0.17859139423354983,0.5155888128032275,0.5349198360480866,0.10705631260265927,0.10102701809302014,0.001772069401912302,0.01152428896146121
2015,8,16413,0.1386668148225085,0.11107049290196795,0.10499865388245516,0.14089226543832195,0.5767877415001149,0.5583362404783293,0.09381321467664214,0.09617135730291564,0.0019646483185037054,-0.029304722920427295
2015,9,12001,0.19144736054486428,0.17098575118740106,0.14423158195177707,0.18960582075327662,0.5239687815156312,0.5496605155202936,0.10936372183974075,0.1199543813199119,0.002766510455020538,0.023475822801928475
2015,10,12475,0.19132829332317344,0.16496993987975953,0.148501082299056,0.19145830084209542,0.4964268564981948,0.5272017136469618,0.13021830014563454,0.11423733884360425,0.0026409383129188135,0.023356755580237643
2015,11,10582,0.18335191974427992,0.15847665847665848,0.1468523955482148,0.18448902090151195,0.5138353220156721,0.5428083692184903,0.1456634680633779,0.11489122542619537,0.0028262275975435972,0.015380382001344117
2015,12,9563,0.19791824170361014,0.16971661612464709,0.15868264425443648,0.1958953798786534,0.5063961247818732,0.5423445136284955,0.14801998053498966,0.11468321970180627,0.00305693683908019,0.029946703960674337
2016,1,12969,0.19543942956666657,0.16978949803377286,0.14859337732594408,0.19390777172499213,0.5001647862496346,0.5342664160306545,0.13177452428619071,0.1180234753967813,0.00260159704430206,0.011272164822003522
2016,2,16690,0.16193376920390215,0.13223487118034752,0.12426381019658898,0.16684516988825243,0.5278294393266683,0.5243278417825853,0.11237980860679976,0.11284857768810384,0.0020845114319445646,-0.0222334955407609
2016,3,23915,0.1609132407771117,0.13384904871419612,0.12354878250344187,0.16360442688970583,0.5402107912002039,0.5371699362131626,0.11543281251711048,0.10847149258773496,0.0017591876385388643,-0.023254023967551357
2016,4,23026,0.16382308446236837,0.13450013028750107,0.11912857645357204,0.1643808106923966,0.5403320023864504,0.5476514323977182,0.11083759491900837,0.10032406713482529,0.001791006596090849,-0.020344180282294677
2016,5,23106,0.16460089942099276,0.1379295421102744,0.12599052350600093,0.1673019974337955,0.5456649976702734,0.5524149355096882,0.1082317304970305,0.11334796622653477,0.001845009176785549,-0.019566365323670287
2016,6,26493,0.24111354093897358,0.2238327105273091,0.17137157662159144,0.234361694670742,0.45555468719242825,0.5003029121719398,0.18814459948517553,0.1351688610861343,0.002008697065958675,0.05694627619431053
2016,7,19250,0.21163315263972315,0.1925194805194805,0.16883315057540918,0.20956000262651253,0.47709826413508166,0.5080965864790676,0.1622914718796995,0.1419707499508105,0.0022764431150988254,0.027465887895060104
2016,8,13662,0.14726570236299347,0.12084614258527301,0.11627592865402274,0.15275265372267188,0.568887241822891,0.549226573210428,0.11215653323497918,0.10139204221796705,0.0022744390336442823,-0.036901562381669584
2016,9,23420,0.20080640124288102,0.17818104184457728,0.1576841919609253,0.20175925617453816,0.47338776823996553,0.5091261662377194,0.14478338759633683,0.13492814212976648,0.0019812819650394265,0.016639136498217966
2016,10,10679,0.15915460335704285,0.13643599587976402,0.1256501518296097,0.1611850287970035,0.5705885515035359,0.5723559251245677,0.12156521317142038,0.10380172769936129,0.0027346994443863183,-0.025012661387620205
2016,11,9470,0.16674379934296168,0.14720168954593452,0.13066430242410457,0.16301513316218938,0.5771873303752248,0.5988864828858017,0.10506428176662054,0.11894794982767526,0.0029771179458702376,-0.017423465401701366
2016,12,13820,0.19941536967363613,0.1772793053545586,0.14523654679950412,0.19435362339497567,0.5175004013687509,0.5487139549670746,0.12353900684112502,0.1253783099702728,0.002596066079996885,0.015248104928973077
2017,1,21803,0.30388950473498316,0.2932623950832454,0.20947583269063408,0.2918785605348738,0.43191126451775647,0.4933287056641322,0.137424959374251,0.126764345563283,0.0024515853550577536,0.015071294620865483
2017,2,19841,0.30999275470373067,0.29958167431077065,0.2103125690323198,0.2972155134475,0.4207808498795553,0.4756130129257312,0.13840861151449363,0.11815450467949604,0.0025716334576627985,0.021174544589612987
2017,3,25673,0.34404033698789727,0.33926693413313597,0.25657272946339504,0.3395007605236843,0.3932099900571014,0.43879981901395365,0.1381006199254896,0.15418461474512699,0.002367710353548056,0.05522212687377959
2017,4,18887,0.2546947389170855,0.24064171122994651,0.1887333197476499,0.24910301399421808,0.47451770851693953,0.5064853632855375,0.1371068838637271,0.12435756195194567,0.002515517797624573,-0.034123471197032185
2017,5,23394,0.3166066470149179,0.30913909549457125,0.23998033623347237,0.31143132780849037,0.4142537490351626,0.4653839340065711,0.14661570306579294,0.15494055488481487,0.002423233531467208,0.02778843690080024
2017,6,25230,0.29307288039622226,0.28069758224336105,0.23291732211000146,0.2917476624041114,0.4151447926903032,0.4688224012610029,0.15593682355207755,0.1637926889177422,0.002259039438502753,0.004254670282104578
2017,7,24316,0.3002204677277876,0.2910018095081428,0.22434077629234697,0.293603909379023,0.4183771455524437,0.4820018251586462,0.1327938196583251,0.14578777626716766,0.0023332222491414716,0.01140225761366992
2017,8,23839,0.2438275044110588,0.22635177650069213,0.18668417873941986,0.2340990835052435,0.4737807848797589,0.5219321277312637,0.14096009712140037,0.12618740951221874,0.00224358248010071,-0.04499070570305888
2017,9,27891,0.2387629843601785,0.21874439783442687,0.19144683670685642,0.23716266722595375,0.44075767924573006,0.5208414058704692,0.14268415513583352,0.1448201822697783,0.0020046196556983667,-0.05005522575393917
2017,10,28357,0.26006545816110144,0.23659061254716648,0.20856448484305207,0.2643823641746863,0.3848708094908053,0.45047473349302813,0.1633519405753156,0.14985385732419168,0.0020171410505308227,-0.028752751953016242
2017,11,21030,0.29819184260493115,0.2853542558250119,0.22929173867998506,0.2947274476407991,0.43899556042510696,0.49267643623585894,0.13026509292847094,0.14218146463599687,0.002530424792121413,0.009373632490813466
2017,12,18106,0.3181014019757079,0.30857174417320227,0.2399878864120749,0.30754117588374236,0.43894459917352524,0.5015201163026063,0.13594929556061217,0.1455188196401508,0.002814527415997695,0.02928319186159023
2018,1,23333,0.32072042253157435,0.31221874598208543,0.23674836147592676,0.3083183365701043,0.43093805666561896,0.5202265466249756,0.14569015000817975,0.1541192891633891,0.00245318349546783,0.03341357589463262
2018,2,19597,0.2761580497301249,0.26162167678726334,0.21642746596455265,0.2684198722897283,0.463203544865849,0.5364958265532523,0.1657858907130496,0.14126012064009466,0.002543857258250524,-0.011148796906816805
2018,3,21826,0.25133503555585784,0.23659855218546688,0.1910360130953873,0.2425034352328004,0.49132503290032314,0.566153241167618,0.16438773717140212,0.1288647977883179,0.0023128557634771022,-0.03597181108108388
2018,4,24598,0.2673001996421656,0.254288966582649,0.20458796915162908,0.2608228305972277,0.4712006705506146,0.5442205479999381,0.15436927053637206,0.14702861484428512,0.0022416618756358865,-0.02000664699477611
2018,5,25298,0.257533423528778,0.24646217092260259,0.19765764725213025,0.24930701617950585,0.49654281410778217,0.566537051128893,0.14872862892393257,0.13738230992416275,0.0021962188827899997,-0.02977342310816372
2018,6,22688,0.3433715446704124,0.34106135401974613,0.2652692948734438,0.33452026204981716,0.3962937402708283,0.49152832788051803,0.18675609618102396,0.17737731221008832,0.002551076397972396,0.056064698033470695
2018,7,24664,0.3362268704518934,0.33254946480700615,0.2495926503015765,0.32246721374704945,0.4164403178510012,0.4977442766858639,0.1746210377675495,0.14485994492286072,0.00242663321077265,0.048920023814951696
2018,8,21174,0.2696065426597025,0.2563993577028431,0.2064197734982831,0.2590908961997319,0.48249976752045315,0.5622295788528868,0.1530217548296767,0.1494444119505388,0.00245404174826323,-0.017700303977239207
2018,9,23192,0.2659851496911359,0.2515091410831321,0.21162818645690332,0.25662551449148613,0.4454357121269673,0.5410101824400828,0.17334738014130846,0.14728945290348783,0.0023191332820893065,-0.021321696945805824
2018,10,23317,0.282992453265635,0.2731912338637046,0.2293673707349841,0.2719364092695587,0.46755312092538504,0.5541950594545846,0.17596100451708385,0.14589633485406578,0.0023954868022293685,-0.004314393371306735
2018,11,18223,0.26009698908553525,0.24858695055698843,0.2088603825626019,0.24735125367004976,0.49495643870954104,0.5841896615845842,0.16179179849584213,0.13633910092566429,0.0026199818584687826,-0.02720985755140648
2018,12,19016,0.3113108409512492,0.3060054690786706,0.24989978152064643,0.301877951267185,0.4378289026912248,0.5190080679725312,0.1649908591984411,0.18423211050188393,0.0027289101103706876,0.024003994314307497
2019,1,36444,0.3763083432281192,0.3763308089123038,0.27609549446332793,0.3638623273281608,0.37727229252288624,0.4863566551482471,0.17525488819151822,0.19073203731225621,0.0020178840128404667,0.06678764076731969
2019,2,34866,0.2805268654894093,0.26811220099810706,0.209725606008703,0.267852532603188,0.46423935093603896,0.5545585623467172,0.16680542383729255,0.1405800730346203,0.0019033806946689798,-0.028993836971390186
2019,3,36044,0.2832062151991388,0.27175119298635003,0.20561649018528166,0.2655136508999386,0.4776790250903647,0.5687619259863462,0.14963159995104092,0.1299963815011342,0.0018848629225976478,-0.02631448726166069
2019,4,29748,0.27700727428689687,0.26596745999731075,0.20984898825891646,0.26437796992811124,0.4715709909614273,0.5649407396412155,0.1667901986110772,0.14002418009642797,0.0020611381362228135,-0.032513428173902625
2019,5,37893,0.28160178801147434,0.2735069801810361,0.2158631137719772,0.2672500110135266,0.4800212270702211,0.574290241912624,0.16876851132851728,0.1451196353594132,0.0018654940925347827,-0.02791891444932515
2019,6,38719,0.286195284734927,0.2761951496681216,0.22184046529137788,0.27131737789452615,0.46275577846697064,0.5713846152467328,0.17962993241654568,0.1465032833281194,0.001826404156926287,-0.023325417725872488
2019,7,35958,0.320351542598987,0.31442238166750097,0.24256183697005393,0.30399291992735133,0.43841715320708885,0.5354562122625747,0.17731065299632137,0.14295429306023089,0.0019940434888769095,0.010830840138187525
2019,8,27247,0.28528571363896754,0.27768194663632695,0.24565413612451853,0.2750677888654692,0.46775677413565325,0.5573232885789607,0.20118793133378204,0.15524525755256058,0.002214748641115295,-0.02423498882183195
2019,9,34779,0.3051371409355731,0.2977083872451767,0.24473658102147067,0.29207428534798224,0.4249867211639414,0.5336315771768223,0.19220798275091494,0.16140883581649593,0.001991545088401946,-0.004383561525226398
2019,10,43889,0.32565761755418937,0.31857640866731984,0.24764805711974328,0.30967975699020095,0.4092389856878664,0.5128237002162693,0.1789979699076567,0.15197377518088176,0.0018051604746098778,0.01613691509338988
2019,11,44307,0.31073608373598555,0.30439885345430745,0.22929667221210198,0.2966851412927085,0.433028647921227,0.5271320005497276,0.16232172964169317,0.13799413639997346,0.001760270441305559,0.001215381275186056
2019,12,46114,0.3553830385492996,0.3516285726677365,0.26002006196598976,0.33203218407656415,0.4053088030847245,0.5141558171578496,0.15747424666423138,0.14642521180039822,0.0017908463587233375,0.0458623360885001
2020,1,40034,0.3758319214503784,0.3761802467902283,0.27803387007610963,0.35127567617893024,0.3674266084274813,0.48300984958763443,0.1966217947008594,0.14418461675815558,0.001921170752384118,0.08781532487311061
2020,2,38810,0.3055863888462474,0.29971656789487244,0.2353119170420861,0.2919542597124559,0.4494509729227861,0.5447444774604603,0.165069839007536,0.14431373869258257,0.0018906623629510843,0.01756979226897959
2020,3,54272,0.20107880896325095,0.16920327240566038,0.18117104316531651,0.20736341723977603,0.36378927934512556,0.5539289809972392,0.23760666897748947,0.14061849160255424,0.0012962985792349122,-0.08693778761401685
2020,4,50263,0.22188731367071984,0.19515349262877266,0.20384366901176737,0.23166139330896526,0.3690042036109435,0.5326895379551899,0.20755792995025146,0.16387889135140032,0.0014236724591398064,-0.06612928290654796
2020,5,44278,0.26472277288757834,0.2473688965174579,0.2371909173292408,0.2675162694609439,0.3819049901231995,0.5266618665435413,0.2070296078441084,0.18004246061285664,0.0016602893810268651,-0.023293823689689463
2020,6,43766,0.3417744148819604,0.33665402367134306,0.26537814338353866,0.32613711906579784,0.3467038453591166,0.5090665447567909,0.2160418410270796,0.1725452755979855,0.001795109927616487,0.05375781830469262
2020,7,46897,0.32443620969730447,0.31611830181035033,0.2726848351940363,0.3184838400149062,0.36028413813153437,0.50157644695818,0.21176211752425847,0.17458187938252445,0.001727070225560691,0.036419613120036665
2020,8,41617,0.32606398956563054,0.31696181848763727,0.27796849177877087,0.321949276857182,0.3543745983703519,0.49097215606726663,0.209904999647105,0.1767841403434216,0.0018342006640391945,0.03804739298836274
2020,9,46462,0.29370548176448846,0.28279023718307433,0.251503595755217,0.2875323198528711,0.39245858608922257,0.526081941461564,0.20139516734248086,0.18116354345973254,0.0016978823894542125,0.00568888518722066
2020,10,47832,0.3077735480778962,0.2978549924736578,0.26056824126022393,0.3023762055125773,0.3881857461760213,0.5039296476406113,0.19531344855440794,0.1616138290695725,0.0016956306630893183,0.019756951500628395
2020,11,35988,0.24702483301351127,0.23113259975547404,0.2167807942268475,0.23980033550115618,0.45271341819784683,0.573496610269867,0.17787153136484568,0.1432737509387719,0.001812488844512756,-0.04099176356375653
2020,12,41071,0.2757887910818607,0.2586740035548197,0.23896984218521508,0.2672268299218716,0.4308370669911874,0.5694162412285916,0.16993000677118328,0.16593502642464966,0.0017414603676608245,-0.012227805495407085
2021,1,44954,0.34915015543525124,0.34479690350135694,0.2722733671476983,0.3263228809666285,0.38548389904134694,0.5092990919141931,0.20643564397026642,0.1510583826586089,0.0018135464527092443,0.04796565376281203
2021,2,47895,0.2963628513235517,0.28324459755715625,0.2504680558765973,0.28944539017480453,0.39591315538870947,0.5233620082794541,0.18403180595427562,0.16705418954339796,0.0016522981333980192,-0.004821650348887485
2021,3,46544,0.3091400817426454,0.3017145067033345,0.2433882486324269,0.29761594290171456,0.4131713090442212,0.5426394359865896,0.1859655962451192,0.1456234109631268,0.0016965568581000254,0.007955580070206192
2021,4,49519,0.27974139800416803,0.26908863264605504,0.23002472894515788,0.27137034966256096,0.4211553259895044,0.5484824075288385,0.18140330026859078,0.16240746030999545,0.001578029195442475,-0.02144310366827118
2021,5,42285,0.3055138491638953,0.30095778644909543,0.242303952857056,0.2933255762978573,0.4227003784977544,0.5436406130146024,0.19184191298984482,0.15362302061918964,0.0017835160689947452,0.0043293474914560814
2021,6,48253,0.3019694681069513,0.29504901249663235,0.24157992482621832,0.2914916874402032,0.4262576113127405,0.5411229008101685,0.18321253852195638,0.1463138115887179,0.0016486927935092633,0.000784966434512091
2021,7,47639,0.3013213741313435,0.29349902390898214,0.2402947517815658,0.2926288027396759,0.4247384379522243,0.5378711128527494,0.1867214821465855,0.1438078435807969,0.001671534334741527,0.00013687245890431354
2021,8,47115,0.298536691726683,0.2878488803990237,0.27867364613414297,0.30018685184678895,0.38461160265396227,0.5077821315198786,0.2210604869644689,0.19269780104387454,0.0016678301834458416,-0.0026478099457561965
2021,9,50455,0.3167437878781452,0.3107917946685165,0.27188048368041745,0.311922732207892,0.3923857950746936,0.5184852446176089,0.19498561489991176,0.1797113944733717,0.0016615395765036474,0.015559286205706013
2021,10,50394,0.31223552398273174,0.30473865936421,0.26331100947053077,0.30725172491210506,0.4062443300929052,0.5251780987838852,0.18800525431894807,0.16705181352652348,0.0016539706466649226,0.011051022310292535
2021,11,57431,0.2722737046717897,0.26325503647855686,0.22412244584842456,0.26432372609895,0.49353312326644844,0.5837137339909053,0.14299503795675653,0.13945749132043578,0.0015032688358513227,-0.028910797000649524
2021,12,49857,0.28076522472401266,0.2707343000982811,0.23634570942535904,0.27124676182941565,0.44973742433056724,0.5658598530448014,0.1733521451520178,0.16526063875369326,0.0015988784814449546,-0.020419276948426546
2022,1,41425,0.3234840346696828,0.3171514785757393,0.2652216702958262,0.3108930324409191,0.3942584301735003,0.5273986762611103,0.20162317195061344,0.1575165412929887,0.0018074387841139287,-0.005384061913348059
2022,2,42597,0.3543333903327698,0.3550484775923187,0.274803942705976,0.33585076964236144,0.3882413773326041,0.510345959479033,0.20635569284773012,0.15456409555539935,0.0018560314083714035,0.025465293749738938
2022,3,54508,0.3350680830699035,0.33325383429955235,0.2463843787693646,0.31363693595761327,0.41961759036172147,0.5454265579104972,0.17526095924616245,0.14402033694530575,0.0016015455275806962,0.006199986486872644
2022,4,39787,0.31039707085164536,0.30497398647799534,0.24704223837672762,0.3017062472119515,0.43957009811480324,0.5384718963269428,0.1915411464645145,0.15212150478860237,0.0018519079860913614,-0.018471025731385482
2022,5,42717,0.327708164145304,0.3251866938221317,0.285090411418797,0.3185020080264226,0.40527224907314746,0.5218751991398298,0.20457705420763267,0.18025748060146646,0.0018071236866046604,-0.0011599324377268294
2022,6,44594,0.33704469687230815,0.330761985917388,0.28016776019731804,0.3266225512053852,0.3870779627442645,0.5132616482724343,0.22474553962679109,0.16418271592255823,0.0017564542926199233,0.008176600289277303
2022,7,41590,0.35118097772496076,0.35027650877614813,0.2898288679445031,0.34140274178017943,0.377173486291769,0.49992801785843244,0.2049452484111566,0.17172443473986596,0.0018509389922433657,0.02231288114192992
2022,8,24382,0.35377407948028217,0.3493970962185219,0.29374107389505383,0.34089276126585366,0.3915221299864193,0.5130317699827904,0.17957279880796756,0.17661904089099947,0.0024308653497850915,0.024905982897251322
2022,9,19040,0.334637933043201,0.33266806722689074,0.2778497662035965,0.3231651726204994,0.4078327994957393,0.5337981115280946,0.19499751194363105,0.17584239634726306,0.002771189730217426,0.005769836460170152
2022,10,21913,0.3149055858273237,0.3152922922466116,0.25984613429952974,0.30256911569928585,0.449187537084872,0.5594713657651589,0.18031893226409482,0.152271075130224,0.002530938500045355,-0.013962510755707147
2022,11,21591,0.2620048783669719,0.2528368301607151,0.21334484011286767,0.2503245147684233,0.5123876031472608,0.5963074622495819,0.15047423891953238,0.13783045103450395,0.002404425975935295,-0.06686321821605895
2022,12,22339,0.2986368937400563,0.29137383052061416,0.23813066661722232,0.28662475728351017,0.46209468079522914,0.5514250068279619,0.17024374112774796,0.14439568631038732,0.0024618433808255014,-0.030231202842974536
2023,1,15884,0.38421086237859486,0.3894485016368673,0.3002976986331478,0.3652711968696415,0.387324902703306,0.4980329013692198,0.19221832482844606,0.15604742473418545,0.0030772999124138154,0.03625944477735388
2023,2,16661,0.3894698367229316,0.3969749714903067,0.3186245056869774,0.3760926376175609,0.3715186502798633,0.47649485092434263,0.19893026225936603,0.16436991636577544,0.003016890811466476,0.04151841912169063
2023,3,19868,0.3808287294770769,0.38247433058184016,0.30591729453651173,0.36376291400653493,0.3805035979908694,0.4999111004059895,0.19813147129116718,0.1518342311141361,0.0027549864552943643,0.032877311875835924
2023,4,17492,0.36227978231942165,0.36239423736565285,0.28893091816470845,0.3453372579173686,0.4107994243749983,0.517852352637876,0.1846362342281178,0.14952908595688488,0.0029469166061662443,0.014328364718180664
2023,5,23102,0.37678984785541175,0.3823478486711107,0.3070069797896259,0.3637415910278237,0.38582339511328445,0.502601054522118,0.2016805756075547,0.16842723484029318,0.0025625512469714447,0.028838430254170766
2023,6,23551,0.3407449388361208,0.3389240371958728,0.2638357254727371,0.32167079011991084,0.4306229297497001,0.5390030795838678,0.17568364541372092,0.13981537415765166,0.0024865613392352558,-0.007206478765120206
2023,7,21917,0.3290215184163016,0.3241775790482274,0.2531559232785941,0.3128023842771308,0.4306916025124488,0.5362451637314014,0.17171190023631222,0.13462135413904744,0.0025495281511472762,-0.01892989918493937
2023,8,22184,0.28123381373296524,0.27181752614496935,0.23049934439087397,0.2717726771096577,0.4654381381417318,0.567255268412095,0.1740065385234804,0.14368695955048205,0.002422945738302859,-0.06671760386827574
2023,9,27908,0.3399911062281598,0.3406550093163251,0.2789428294356075,0.32833496809660945,0.4015499253874631,0.5194831128861628,0.1862027921052522,0.18313751493416652,0.0022934154454460976,-0.007960311373081175
2023,10,32154,0.3605833417063179,0.3625054425576911,0.2967180404591986,0.34169764523009466,0.37542745909086367,0.5000120430483742,0.2363528728148555,0.15433124439976392,0.002121291031370833,0.012631924105076908
2023,11,31627,0.3270332706285552,0.3270307016157081,0.26418713411378053,0.3121074450730685,0.4441106344124603,0.5337307225184819,0.19376006413564448,0.14661334816377447,0.002129043177704915,-0.02091814697268579
2023,12,29201,0.3378315729697753,0.33810485942262253,0.2737884005731769,0.32471297603978694,0.4293472965312019,0.514515213725659,0.18697926487539496,0.15213266634710332,0.0022473503724763774,-0.010119844631465702
2024,1,33116,0.3581751751334736,0.3607923662278053,0.2958125360288528,0.34597099494240885,0.3970941106908351,0.5068529486776386,0.21998264882107926,0.1624213853211696,0.002111736976974845,0.025001778763925953
2024,2,34759,0.3658200979313089,0.3694582698006272,0.2933640196221676,0.35162774308391526,0.4042738648638226,0.4991681522617765,0.1926110854489725,0.15338631378821513,0.0020952971324450513,0.03264670156176125
2024,3,38602,0.3335366297502233,0.3359670483394643,0.2593190054768223,0.3190455381928191,0.4518533383774909,0.5399891857396084,0.17247978757968724,0.1402231642145639,0.0019425756674552397,0.000363233380675676
2024,4,32201,0.34182348182849015,0.3459830440048446,0.2718423453541074,0.32360446782961877,0.4317730192035621,0.5287406951000353,0.1992390812430182,0.14291933729777775,0.0021490807277201934,0.008650085458942525
2024,5,34996,0.33430994690204763,0.3377814607383701,0.26385907129242925,0.3176258611521687,0.4535540849835937,0.5442726197271565,0.18361390521060597,0.14620160228930562,0.0020691872738190305,0.0011365505325000025
2024,6,33838,0.35185585613997583,0.3545126780542585,0.2765787397959842,0.3340643165547541,0.43495920091197593,0.527588495279177,0.19624123613760763,0.14231201875854957,0.002109891338487334,0.018682459770428206
2024,7,32450,0.3582883002945812,0.3629275808936826,0.2832122209049024,0.3411233290834912,0.4146236024402693,0.505834919709134,0.19080634762230939,0.15272330832007544,0.0021525532989850483,0.02511490392503357
2024,8,26233,0.30799470707005616,0.3079708763770823,0.25016731096498435,0.2970021327050827,0.4810092037481118,0.550015250461669,0.16643377098293416,0.1471388855488513,0.00232497993595405,-0.025178689299491464
2024,9,29406,0.3289288209810806,0.32935455349248455,0.27551405177664057,0.3167329372884126,0.42322044413560256,0.5272381752529729,0.20472887417760197,0.1704427651669498,0.002233385364185375,-0.004244575388467009
2024,10,33117,0.2917629823210387,0.29006250566174474,0.24205043882956268,0.2799950768354816,0.4812078634911282,0.5601062553860904,0.18675566712703784,0.13311634143336593,0.0020416574739575747,-0.041410414048508926
2024,11,25491,0.2754386406917913,0.268957671334981,0.20587113149971187,0.2556691405166163,0.5241700341523373,0.5983102511686572,0.13769538501619136,0.11582421321204987,0.002285460389642741,-0.05773475567775632
2024,12,20546,0.3276353309954038,0.32390732989389664,0.253345179869896,0.3107739739259347,0.44840117141073943,0.5303684611518125,0.15051443453618296,0.15030522115108297,0.002657304460681956,-0.005538065374143808
2025,1,28121,0.3562817232835596,0.3528324028306248,0.26202357677635335,0.3344003863392306,0.4274739764647867,0.5165434157058819,0.18386457647818216,0.14931705785545124,0.0023095827434153923,-0.08025838607840474
2025,2,30452,0.46923291614106294,0.4834165243662157,0.3341228921627212,0.44354381729572456,0.3429516568816737,0.4320580810519634,0.18849767888122868,0.15697377158831557,0.002335166493473769,0.03269280677909858
2025,3,33199,0.4578687501901893,0.46953221482574775,0.33373295613083237,0.43478735047063627,0.35727674590794894,0.43659055007114117,0.1769371936984488,0.17055442637631704,0.002249958182343767,0.021328640828224943
2025,4,30379,0.4355478785042971,0.44669014779946675,0.3217775220018919,0.4151233359750707,0.37012928151665353,0.45389631644213596,0.18601427993135,0.1760387738536835,0.002344428596428506,-0.0009922308576672534
2025,5,30825,0.40974251209694773,0.41826439578264396,0.30309461098613744,0.3894254130639728,0.4053867465489833,0.4853251076686526,0.16978573364455674,0.17335923897449929,0.0023106271443072562,-0.026797597265016626
2025,6,33925,0.4460581116886245,0.4571849668386146,0.33395932159308167,0.41995416092870974,0.359544391394459,0.4525627765070315,0.2164941310636938,0.15857818496367546,0.002192876726498927,0.009518002326660169
2025,7,34796,0.44103986292520136,0.45143119898838946,0.33347955274451807,0.42039693526414634,0.3641730242593947,0.4447752862042918,0.18024736575302183,0.1766036896444904,0.0021799617460292256,0.004499753563237008
2025,8,25621,0.3872684013091535,0.3926466570391476,0.29492232377726935,0.3693776510835158,0.4194527081886311,0.4952610523949134,0.1864035049945229,0.164524053283972,0.002519789640634261,-0.049271708052810836
2025,9,35223,0.43212167639544447,0.4410470431252307,0.3439553491096387,0.4150576009726562,0.34976080188589864,0.4423309270333715,0.20665857499319976,0.1956977347500254,0.002180945850313029,-0.004418432966519892
2025,10,40705,0.5277160345197528,0.5471318019899275,0.40876003317290394,0.5129076427871039,0.26289107563528247,0.35523701359685694,0.19013631691914928,0.22229304071127987,0.0019952085966282716,0.09117592515778844
2025,11,33450,0.43772311491926547,0.4457698056801196,0.33937604214345984,0.42067274996575094,0.3536048476674186,0.43670115441749335,0.17186850965915385,0.1920865904325299,0.002224660550712252,0.001183005557301109
2025,12,34726,0.39614201473487304,0.39736796636525945,0.3084340400680395,0.37998825728423996,0.3831740760775502,0.4628689946583664,0.18119511624756288,0.1720575997169572,0.002130680287697268,-0.04039809462709132
2026,1,41189,0.44486698680125103,0.45407754497560027,0.3403472051684886,0.42476132148694995,0.33717809702022733,0.4272348395533589,0.22544165005553984,0.16659836298578423,0.0019976094087463493,0.05117956906750992
2026,2,43910,0.39672561608932777,0.3996811660214074,0.2887434378702262,0.3778666800024394,0.39202329988929774,0.4608950956315765,0.17411806481715716,0.14442055503171988,0.0019145259229721298,0.003038198355586663
2026,3,47658,0.4204397825983052,0.4262872969910613,0.32961448400049487,0.4048265853289066,0.3500566584173559,0.4270924329985157,0.1945802171364044,0.165300024668809,0.0018525314154154758,0.026752364864564115
2026,4,46896,0.4033486494556405,0.40707096554077105,0.3054514953826984,0.3866056528100241,0.3796573110678037,0.44960971046521936,0.17171120729806652,0.15428838655741636,0.001856548537526996,0.009661231721899366
2026,5,45394,0.3596800576326032,0.35921046834383397,0.27049070573121575,0.34542562270399724,0.41789390109441676,0.4797868111127169,0.15284994313783043,0.14758640258470743,0.0018585907195615774,-0.03400736010113792
2026,6,48142,0.3690735678196376,0.3685139794773794,0.2751417366409005,0.35255408820247053,0.4042378881051282,0.4649885858687273,0.15492718117171925,0.14117112355259542,0.0017987137280024016,-0.02461384991410348
2026,7,44786,0.37900407308778333,0.3784218282498995,0.2959945128485585,0.3649845079184929,0.3806067883887471,0.44952668445951954,0.1620672695982933,0.15743847376191508,0.0018680615239020256,-0.014683344645957774
2026,8,24782,0.37015495274498394,0.36982487289161486,0.2899161692737696,0.3572953605480443,0.39742216194846475,0.4639158372278308,0.15757723095370277,0.15009413015578185,0.002505258035107939,-0.023532464988757162
