year,hour_local,n,anger,share_angry,negative,disgust,joy,optimism,fear,sadness,anger_se,anger_dev
2011,5,435,0.1630614618256945,0.12183908045977011,0.0959022771576473,0.1747735808335844,0.4604622656404544,0.4579872059785686,0.06084164553428947,0.10115021029915447,0.012558038280397477,-0.03626808322599279
2011,6,1071,0.16235005618512185,0.12885154061624648,0.11419893599300751,0.17458607645637514,0.434006801340729,0.4522137223724641,0.07941146297567288,0.11348110652614792,0.007937895250065113,-0.036979488866565435
2011,7,1884,0.17071089022565483,0.131104033970276,0.11977657750004214,0.17954476866223543,0.4457381028806071,0.44769606133478035,0.07496341292569889,0.10498342758703051,0.00609092079150456,-0.028618654826032458
2011,8,3511,0.18059821343444643,0.14383366562232983,0.130875008296871,0.1951017679838393,0.41833205799124146,0.41807500544865966,0.08858138959556691,0.11351157542372749,0.004532182647405081,-0.01873133161724086
2011,9,5875,0.18469922071520953,0.14485106382978724,0.12321616270407004,0.19797504270005417,0.4217992637513324,0.4311452377209479,0.08515537880230299,0.10994326931816784,0.0035294801209100127,-0.014630324336477762
2011,10,6646,0.1931134093248179,0.1599458320794463,0.1312774784375228,0.20578978488017452,0.4241549401947477,0.43333546218410157,0.09400638424324893,0.11710272842974452,0.0034821231708844027,-0.006216135726869382
2011,11,6554,0.1989810663066676,0.16539517851693622,0.13947660750831326,0.2117797245456518,0.4253195891743523,0.440503626584033,0.09079474999809078,0.11629811739956868,0.0035338117109772805,-0.000348478745019698
2011,12,6104,0.2015104550834096,0.17087155963302753,0.13654189913004267,0.21265863940708077,0.4307570239648938,0.4487761113841329,0.09219902040164364,0.11330209646558909,0.0036974226971072735,0.0021809100317222996
2011,13,5964,0.2084819753382197,0.17538564721663313,0.14112997986296255,0.2193464509893576,0.43044996429379967,0.4466289249341716,0.09242583600037321,0.11370691916420318,0.0037919200131455518,0.009152430286532398
2011,14,6164,0.19968137484830112,0.16596365996106424,0.13691844472341566,0.20905906595407558,0.43065742440066934,0.4511279110432772,0.092979268295203,0.11153425586982198,0.003664347812063652,0.0003518297966138284
2011,15,5821,0.20836109168468508,0.17368149802439442,0.14423405248274185,0.2188819492879914,0.42563580005685514,0.44097230819467853,0.09427208104766835,0.11506553110566577,0.0038486484802406546,0.009031546632997794
2011,16,5198,0.1976650248456527,0.16410157752981916,0.133888385259802,0.20842242131074915,0.42671984921101297,0.44454919676794147,0.08753469674210176,0.1119915938175779,0.003952406769600724,-0.001664520206034581
2011,17,3954,0.20676027625195256,0.1734951947395043,0.14129933464005456,0.21636269590923385,0.4278988474357584,0.44545986241384017,0.09015905758695508,0.11230576822376863,0.004676046772329586,0.0074307312002652726
2011,18,2321,0.2069813036735024,0.17061611374407584,0.14386746449665258,0.2136470124457322,0.42881192407692764,0.44163979789224495,0.07897961815680309,0.10971183906450148,0.006000556304152504,0.007651758621815108
2011,19,1433,0.22502717030295077,0.19958129797627355,0.15857834928533854,0.2332684036905813,0.42694956853313776,0.4456653891798091,0.08124349778485584,0.11988093491236823,0.00797489868231963,0.025697625251263484
2011,20,986,0.22128099601330428,0.1876267748478702,0.170234883616515,0.23190385544612158,0.4380081901756544,0.4445343051033952,0.0919150799655962,0.1380588959923305,0.009619702116205974,0.02195145096161699
2011,21,757,0.24724827780138547,0.21532364597093792,0.18513433937176502,0.2552202685872681,0.4345816936377126,0.4323188091315762,0.07363959593831253,0.13190823744076993,0.011739522978854446,0.047918732749698184
2011,22,565,0.2423744297874844,0.20707964601769913,0.1793703733718814,0.24725269229209001,0.43850713509044287,0.4723169335872924,0.0860859984276503,0.1300354131604586,0.013380194995303435,0.04304488473579712
2011,23,355,0.2681278746745641,0.23943661971830985,0.2144583616507384,0.2734723701640229,0.40364254118848436,0.4357053609512431,0.09815397413552437,0.16727261715634187,0.017142145503386875,0.06879832962287682
2012,5,544,0.1899453692659496,0.15992647058823528,0.12508906232238481,0.19843460536075702,0.4428646139773157,0.4588780632415471,0.07477586629273206,0.11060596817782532,0.012211150506408072,-0.004440595464308084
2012,6,1165,0.18019896208832256,0.14506437768240343,0.1263692734714062,0.1874511686501457,0.4410953628678722,0.47758236824227057,0.09036972414054648,0.11703470664162813,0.008035507495486892,-0.01418700264193512
2012,7,2143,0.20798371815654165,0.17965468968735418,0.1377796292410326,0.21593460622141455,0.44061696043583976,0.430981323713149,0.0873389426791346,0.12192243503426635,0.006492184408114112,0.01359775342628397
2012,8,4006,0.1831923160183323,0.15601597603594608,0.13802528622454657,0.19470310428284882,0.46980116117244175,0.4458080687742872,0.0925894020062151,0.1264832177716928,0.0045143121272748395,-0.01119364871192538
2012,9,6795,0.1825515829073642,0.1509933774834437,0.12657789036573677,0.19317712689166705,0.4658281182208612,0.45593396068665093,0.09747318123053346,0.1189698951622448,0.003367777941056424,-0.01183438182289348
2012,10,7825,0.19361223060747804,0.16140575079872205,0.13923557751332247,0.20526096416066011,0.4544173418765013,0.4499019308603062,0.09909810359027392,0.12061041706518386,0.0032410459876039584,-0.0007737341227796457
2012,11,7971,0.19601876782296615,0.16497302722368587,0.14363571995723348,0.20676813262622612,0.46298581880663703,0.4664188529266737,0.1009092865671669,0.12539228580257886,0.0032098937580629693,0.001632803092708468
2012,12,6977,0.19839124433631264,0.1646839615880751,0.1441784752233,0.20748298009557195,0.45859207206524366,0.46766469379077,0.09846961605168374,0.12102823862560351,0.003475646687787371,0.004005279606054957
2012,13,6748,0.2070499137288239,0.17990515708358032,0.14927309063908906,0.21524205231641888,0.46973864970139845,0.4672683684184535,0.09654106331383147,0.12420285702469108,0.003661352682530499,0.01266394899856621
2012,14,7076,0.1953076709407619,0.16252119841718485,0.13534185493068068,0.2028587994445668,0.47727218697392715,0.4818631095591661,0.09560726635673869,0.11424434664680261,0.0034289570268980084,0.0009217062105042195
2012,15,6695,0.1954991298635185,0.1672890216579537,0.1352193239361814,0.20218239504032956,0.47289556234823216,0.47644820907365326,0.09391177888751681,0.11169025120718365,0.0035163344431185816,0.0011131651332608183
2012,16,5829,0.19130068647126072,0.16006176016469378,0.13362171817328666,0.19913792885602835,0.4773994777358009,0.47200695435801093,0.09709444521026177,0.10995097816256312,0.0037695095304890367,-0.0030852782589969596
2012,17,4058,0.19157234142144738,0.16609167077378018,0.13160347312380663,0.1963605507461243,0.49381768589707603,0.4829066954207725,0.09633028686210465,0.11357271073268109,0.004553916769021431,-0.002813623308810298
2012,18,2206,0.1901024761278324,0.1586582048957389,0.13048518140176954,0.1961550043512926,0.486994691265085,0.4773055079081944,0.09095507091304315,0.11532037385383913,0.005985754665432677,-0.004283488602425278
2012,19,1431,0.2065564335176134,0.1774982529699511,0.14700358375299405,0.21163815590712437,0.47596485025147245,0.4580923110389188,0.08250479929729682,0.12117586549173631,0.008020033843722943,0.012170468787355726
2012,20,998,0.17296038674636705,0.14228456913827656,0.1205414457618537,0.18382682094587488,0.5148412687396015,0.46387980916800503,0.07731079254607355,0.11372972395549154,0.008520646630611757,-0.021425577983890637
2012,21,734,0.19289147308634275,0.16893732970027248,0.15141320968654554,0.20219438083657654,0.5062940407770227,0.44986736594777993,0.06862589959067873,0.1221710730880773,0.010556025273569877,-0.0014944916439149358
2012,22,613,0.21952222862249,0.19086460032626426,0.17908229828955755,0.22463170806368354,0.48742060965993617,0.46080258422566134,0.06595382481307509,0.12109515851828441,0.012329166783524139,0.025136263892232308
2012,23,365,0.21967335006298677,0.18356164383561643,0.17693338124177177,0.22762516471876265,0.49240023462765226,0.46675325680447566,0.060842464931870566,0.11959847075328843,0.01583665961160942,0.02528738533272909
2013,0,320,0.2657020305705373,0.25,0.18915513010470023,0.26974164067360107,0.4723112877167296,0.43832827194564744,0.09330612958437996,0.13372385406692047,0.019042960491731,0.05871162946851491
2013,3,300,0.20929249901790173,0.18,0.14238401772493187,0.21322107293022174,0.4937292156368494,0.5394275377582137,0.07908085063255081,0.1270153731262932,0.01704816435584096,0.0023020979158793198
2013,4,600,0.1930214909192485,0.16833333333333333,0.1281688301092557,0.19971795946670076,0.5058272336299221,0.5065824427649689,0.0793626388895791,0.11577042774452517,0.011790360497305884,-0.013968910182773908
2013,5,1083,0.1972159151239828,0.16620498614958448,0.12614978680854522,0.20596631805327337,0.4567455213193611,0.47928254024984723,0.10548313582377958,0.11764877948897959,0.008819716903081332,-0.009774485978039621
2013,6,2574,0.20121983107955144,0.17443667443667443,0.1327825014324057,0.21010820599502242,0.4436000219083854,0.45431458885874093,0.10378278032364577,0.11481895486635345,0.005811339091494766,-0.005770570022470972
2013,7,4950,0.20730019880599823,0.1795959595959596,0.13726423857558395,0.21406180347494705,0.4543010879305163,0.4467161679149351,0.09754466804097209,0.11782280682482653,0.004284844618166375,0.0003097977039758226
2013,8,9128,0.19754168786550078,0.16794478527607362,0.1354327482295335,0.20814844719993358,0.4612874670164004,0.45303475338870564,0.10470210436253978,0.1198190928860339,0.0030582188267336665,-0.009448713236521633
2013,9,15403,0.20546020033159776,0.17736804518600272,0.13883531256756096,0.2165290856534267,0.4534862063149025,0.4523098669009732,0.10434770337205895,0.12315592560907465,0.002388664267984433,-0.00153020077042465
2013,10,17488,0.20354947526161424,0.1744053064958829,0.13975684017213966,0.21309192588894516,0.4602855908584207,0.46999917164011323,0.10661809646067508,0.12461340394577655,0.0022411916923160617,-0.003440925840408171
2013,11,17366,0.20611153135701374,0.17626396406771852,0.13766643965164288,0.21326963248211953,0.4763248458012067,0.4840929627576563,0.10194628105401943,0.11719867592004643,0.0022698519759429643,-0.0008788697450086702
2013,12,16010,0.21023781484764867,0.18201124297314178,0.14281080179536706,0.21812026162909867,0.4715400027810683,0.4806436594307474,0.10412147847422487,0.12196479258491082,0.0023837666164792984,0.0032474137456262597
2013,13,15609,0.20815456944549832,0.18348388750080083,0.1420868692174879,0.21560062553973564,0.4734828235993569,0.4862839513684385,0.10588768298157723,0.12270983965771849,0.0024095934338286156,0.0011641683434759076
2013,14,15830,0.20962092681725839,0.1819330385344283,0.1411685647255959,0.21620068819846297,0.4718145879364554,0.48245540642954965,0.10612977517857577,0.12092028027488623,0.002396337704257736,0.0026305257152359762
2013,15,15055,0.21042812358425902,0.18405845234141482,0.14191572907377203,0.21712843518105976,0.4812696777720268,0.48618187668372337,0.10260227300809423,0.11910731463520799,0.002477831525639808,0.003437722482236616
2013,16,13312,0.20044442955321967,0.17322716346153846,0.13744353064955178,0.20822945964349715,0.4826407649772521,0.48375759800165513,0.10233708092342707,0.11995986884756768,0.0025602514066110455,-0.006545971548802737
2013,17,10077,0.20995572357758002,0.18447950779001687,0.14026941429670958,0.2152324001928367,0.4800048770158742,0.4829846552683679,0.1024512474561365,0.12066351475269511,0.0030197107365972638,0.0029653224755576135
2013,18,6175,0.21643930442291898,0.18898785425101214,0.14659793002618599,0.2221860999469966,0.4789253217856652,0.4817084762842398,0.10010478526862858,0.1249805040641684,0.003938660773679609,0.009448903320896568
2013,19,4104,0.21486070099696117,0.18981481481481483,0.15109326706609877,0.21983569422176247,0.47561814373830646,0.4753551613949067,0.101549703773117,0.12367531465065573,0.004827814121192511,0.00787029989493876
2013,20,3052,0.20462099507025067,0.17234600262123198,0.14022851538984624,0.20892197125881842,0.4862471716611208,0.4791145547067925,0.08997323322251774,0.1241221796737393,0.005471072134759494,-0.0023694060317717425
2013,21,2274,0.20911478698921201,0.1868953386103782,0.1550353186301991,0.21757378719199086,0.4738511135799625,0.47434884885558654,0.09635401561138733,0.13530871570384723,0.006258128922000044,0.002124385887189606
2013,22,1493,0.21033057446728168,0.1868720696584059,0.1582564295355944,0.21328768852819943,0.48333205931058326,0.4799202075016005,0.09984356729324335,0.12679008764232905,0.007853579326255843,0.003340173365259269
2013,23,735,0.20499081631463503,0.17414965986394557,0.13718888543666574,0.20738028179930182,0.5239210399970108,0.4811482936638046,0.07620187481599194,0.11629442159073795,0.011231221471040331,-0.001999584787387376
2014,2,362,0.12434786237976951,0.0856353591160221,0.10142115663250816,0.11738402470663313,0.6038548376254264,0.6516407108389726,0.054644805267298834,0.1013337307138811,0.01192309817331117,-0.04251527617368901
2014,3,614,0.12102922389711518,0.09446254071661238,0.10978710187537633,0.11801318250708767,0.6171413791720097,0.6431636671059392,0.06446365505708715,0.10523853305399612,0.00928478740695,-0.045833914656343344
2014,4,1006,0.15954241066917435,0.12326043737574553,0.12270001904697807,0.15595079423715297,0.5527687177106472,0.5972470582039772,0.06911577071849198,0.11601068386872841,0.008508570918796556,-0.007320727884284173
2014,5,1338,0.1641700899744231,0.1375186846038864,0.11342846576182028,0.16074449665912655,0.5388157369268944,0.55204419998253,0.0813741912323667,0.10000388533286249,0.007392261704658145,-0.002693048579035434
2014,6,3727,0.16195772240987397,0.12557016367051246,0.12848093903978733,0.1701018559744695,0.48798150837077575,0.49260461001489775,0.10985552527924772,0.11122045716756082,0.004254748738468548,-0.004905416143584557
2014,7,5741,0.1747109761763837,0.1372583173663125,0.12510986401176274,0.18209744073733483,0.48179214443089047,0.4754228553754349,0.10588932327732789,0.10978228042610774,0.0035874533833736917,0.00784783762292518
2014,8,10289,0.16538615419744987,0.1350957333074157,0.11904054827324799,0.17333233917369353,0.4970510570130873,0.49239768050215915,0.10418063224745783,0.11136366625623563,0.002635445004363629,-0.0014769843560086537
2014,9,17897,0.170740299439768,0.13756495502039448,0.13420111186254596,0.179966014827079,0.48265278190829447,0.49837494130366183,0.12151886705312431,0.12248166908298287,0.0020114577481178736,0.0038771608863094886
2014,10,18911,0.16496714432259907,0.13367881127386178,0.1220677516611729,0.17132517555039087,0.5093644449938215,0.5199362581080303,0.10548487206758021,0.11337094363680587,0.001957069940925681,-0.0018959942308594546
2014,11,18546,0.1692880911632538,0.13997627520759193,0.12393801103383059,0.1754232880850326,0.5140487849908468,0.5199802902233234,0.1058610285840386,0.11166933540094237,0.0020021186654380395,0.002424952609795278
2014,12,17636,0.17255373150389336,0.1438534815150828,0.1272206340185915,0.1778632561963955,0.5143177374098158,0.5236643955780211,0.1046816249448049,0.11153157220268421,0.002074678123423198,0.005690592950434836
2014,13,17193,0.16567086715477686,0.13656720758448207,0.1194255880713206,0.17046902948197543,0.5285672332497618,0.529806343624579,0.10537780767830443,0.10666108450787386,0.0020606510366478255,-0.0011922713986816658
2014,14,17510,0.16592908873870865,0.13683609366076527,0.11878876984269339,0.1722178519541756,0.5249022460629182,0.5228568561133934,0.10335349713223185,0.11074321058787287,0.002049477672662063,-0.000934049814749871
2014,15,16347,0.1675087124631104,0.14100446565118982,0.11911687960838897,0.1725629691614873,0.5315350538062473,0.5268223524874032,0.09869220383679676,0.10507836756730299,0.0021522329396507973,0.0006455739096518642
2014,16,13955,0.16403083244786773,0.13600859906843427,0.11605945788303441,0.16969378348830347,0.5324401126138563,0.5228684911197728,0.10163919577222892,0.10249642229377716,0.0022971793286492093,-0.0028323061055907928
2014,17,10273,0.16157714421005068,0.13335929134624744,0.1146982552676472,0.16643072135679754,0.540366881061504,0.5274822224220929,0.10142961099764604,0.10471314706642985,0.0026626129985045702,-0.005285994343407846
2014,18,6679,0.1682527854286083,0.13894295553226532,0.11903860720195145,0.17109736883432747,0.5384101518703119,0.5275019482614091,0.09710542998422506,0.10924982586008239,0.003381500524550581,0.0013896468751497804
2014,19,4287,0.16550020870744162,0.13692558898996968,0.12016045846696367,0.1709511797662919,0.551084548790594,0.5059710427730274,0.09203144346415112,0.10633429569451402,0.004255594187651276,-0.0013629298460169081
2014,20,3108,0.1659959967026698,0.14189189189189189,0.11764887258164888,0.17043307770380423,0.551588225700117,0.5101692442911974,0.0982364065539268,0.10955608426083834,0.004958967068452108,-0.000867141850788733
2014,21,2035,0.17749862607685205,0.15675675675675677,0.13061475658598207,0.18126658597178483,0.5401927132662889,0.489784855352765,0.0991110811707923,0.1185301553419075,0.006342011363048237,0.010635487523393522
2014,22,1197,0.15195844059501937,0.12781954887218044,0.11363469566095624,0.15845506790824665,0.5643810091449575,0.48923313106684857,0.09914780655485222,0.1082859094789191,0.007501128115247782,-0.014904697958439156
2014,23,547,0.12964408640482444,0.08957952468007313,0.10714352167208493,0.1386104726659941,0.5838326464868551,0.5039978624113803,0.08159914852070607,0.11303039858461625,0.00978960314222866,-0.03721905214863408
2015,3,445,0.12499971117698744,0.0853932584269663,0.09665134198299159,0.11768944443130258,0.5960460566915572,0.6172326158334532,0.06670131295856632,0.08954957727907917,0.010605178613152074,-0.04313368062734327
2015,4,772,0.15326829414592738,0.12435233160621761,0.12139571913463121,0.14956792872917835,0.5394717859776227,0.585483465873313,0.09796863908992859,0.1080898446467623,0.009169953767814033,-0.014865097658403326
2015,5,1381,0.17477590473726862,0.13758146270818247,0.12512093194076557,0.17261850438198745,0.48340397093824067,0.5332386310486787,0.10377582861616355,0.10692495750809583,0.0073140876619600245,0.006642512932937911
2015,6,3584,0.16421608471663213,0.13727678571428573,0.12676306376390908,0.16457818358568538,0.5254134688556016,0.5212042972392997,0.10366683680532722,0.10028192108010055,0.004507317628919973,-0.003917307087698579
2015,7,5783,0.16741427893475144,0.1362614559916998,0.12144147488436541,0.168292437704625,0.5111965061092197,0.504334103250765,0.1145166971401242,0.09922934451354493,0.0035400394650453664,-0.0007191128695792637
2015,8,10455,0.16480104689195035,0.13256814921090387,0.12122756050196346,0.16823940426405182,0.5029209110300163,0.5015541878453621,0.11060707489521181,0.1034807879376189,0.0026246079514076035,-0.003332344912380353
2015,9,17068,0.1727519212008405,0.1435434731661589,0.1247729430187541,0.17412070995305284,0.5096467226773136,0.5212535747649774,0.1139820381483891,0.10256122152903471,0.002115367295106613,0.004618529396509807
2015,10,19352,0.1656434845760963,0.13533484911120297,0.11977035449955896,0.1674596745381363,0.5234531397231077,0.5344133057480246,0.10987179754532427,0.10224123816452971,0.0019569840193030463,-0.002489907228234417
2015,11,19374,0.16887850561649834,0.1424589656240322,0.12156086927352837,0.16902671664177082,0.532074162275128,0.5430312944446161,0.10839238880661298,0.1030458252173674,0.0019849854140407117,0.0007451138121676304
2015,12,18826,0.17047310941544927,0.14294061404440667,0.12397058904940743,0.1695754855972268,0.5353179348803216,0.5536425547295308,0.11130319294729178,0.10188165510171354,0.0020259332111480064,0.0023397176111185636
2015,13,18763,0.1705957900579678,0.14304748707562756,0.12403474267751873,0.1700780604671047,0.5373786434439435,0.5527057222033878,0.1098070192901369,0.10070639377664782,0.0020377611304599774,0.002462398253637088
2015,14,18706,0.16937877937141324,0.1423072810862825,0.12238612859135484,0.16915120381726403,0.5388530117036925,0.5469718206672666,0.10828277634834242,0.09948147579859896,0.0020303594728551403,0.0012453875670825343
2015,15,17187,0.16940230389820657,0.14039681154360853,0.12291672592223346,0.16899914270869024,0.5365708814997702,0.5450496730005486,0.11081677802807552,0.09757577244815194,0.0021131187029566874,0.0012689120938758625
2015,16,15621,0.1669563494382916,0.14115613597080853,0.11927380003175697,0.1663983494555366,0.5478962778483902,0.5483662352070776,0.10823499310616695,0.09874371593380697,0.002212399556470399,-0.001177042366039105
2015,17,11948,0.16860691136334455,0.14278540341479745,0.11941730022193808,0.16817018146944523,0.5471503155130482,0.5481136189200762,0.10818136338981546,0.10139927370950784,0.002530750585252236,0.0004735195590138408
2015,18,7681,0.1713571436062398,0.14347090222627262,0.1264155532612157,0.17096478242452331,0.5345116889691643,0.5401507888010258,0.11088778125943659,0.10578238243988161,0.0031876055087806192,0.0032237518019090916
2015,19,4854,0.15399547850618736,0.12752369180057685,0.11478442561373899,0.1555102369081318,0.5560610679487767,0.5382881077243606,0.10378725317817758,0.10213431027757414,0.003759160030264352,-0.014137913298143345
2015,20,3423,0.16096543351993925,0.13409290096406662,0.12923366522561763,0.16341194800549333,0.5527191403989329,0.5286164441084195,0.1027108208669348,0.10647378718709558,0.0046478410189888,-0.007167958284391457
2015,21,2465,0.16488443546320178,0.13265720081135904,0.13631804378374535,0.1674512260272328,0.5440674550855876,0.5211920856075025,0.10371800863295491,0.11925673602341579,0.005439528213728708,-0.003248956341128928
2015,22,1393,0.1736152744414091,0.15290739411342427,0.14111282342890435,0.1752734605168786,0.5478986847630254,0.5008398785462439,0.08569010341344756,0.12247004312391567,0.007538499081405689,0.0054818826370783835
2015,23,671,0.13177173728353708,0.09985096870342772,0.11622155908805397,0.14124820771350924,0.5939430386832902,0.4892622027962556,0.08247750761624476,0.13776191201160945,0.00958004036051691,-0.036361654520793624
2016,3,400,0.1412342582771089,0.12,0.10765693649591412,0.13672443232382647,0.629934289996163,0.6415235827909782,0.08654737074684818,0.09586809598491527,0.013254132452615908,-0.042973317591803034
2016,4,633,0.18417993473039138,0.15955766192733017,0.14710709893113036,0.17843773287439962,0.5113418022255998,0.5529747013036473,0.09446274502221995,0.11918110141933765,0.011683043304638813,-2.7641138520551056e-05
2016,5,1329,0.20559888110132404,0.19337848006019565,0.16981888234121634,0.20174379410723925,0.4917251844476962,0.5405937198323861,0.12840724153937513,0.13175885850827135,0.008484796890044013,0.021391305232412117
2016,6,3449,0.17032410404608453,0.14496955639315745,0.1330838532821405,0.17105761013042628,0.5338459192941526,0.5166783510993818,0.11358064645408524,0.11087723729133425,0.0048579741814001555,-0.013883471822827398
2016,7,5730,0.19670146998411359,0.1743455497382199,0.14803685391271798,0.19775840446131912,0.490007987852049,0.4901782222115719,0.1269346957819465,0.11936141379449003,0.004001544290130414,0.01249389411520166
2016,8,10652,0.1846941295683603,0.1602515959444236,0.1443076492529459,0.18691537179936066,0.49554209371417474,0.4991542104734569,0.13206181249173757,0.12221358581637587,0.00281865876662591,0.000486553699448361
2016,9,18257,0.19526441299800118,0.17253656131894615,0.1540765553026379,0.1964114140928324,0.48785803154339286,0.5121941728674887,0.13995575986388567,0.12400491438111175,0.0022258162472841444,0.011056837129089253
2016,10,20911,0.18776134024284222,0.16249820668547654,0.14141536136812566,0.18883877229993015,0.5008440942737868,0.5231775346256493,0.1370022211515984,0.12137339929844534,0.002039111353193564,0.0035537643739302904
2016,11,21218,0.19293594181670667,0.17122254689414648,0.14679560179687934,0.19223353410582034,0.5044104065408861,0.5360927468056067,0.14219963938863037,0.12171018592487799,0.002049741207735622,0.008728365947794747
2016,12,20486,0.1810420583478864,0.15703407204920433,0.13674120494037645,0.180758757466075,0.522029154207868,0.5455817410866124,0.13027215271221312,0.11775588526828831,0.0020378273271393216,-0.003165517521025535
2016,13,20297,0.18413879137024664,0.15997438045031284,0.1394858773446824,0.18342187599923987,0.5165164051668415,0.5424650327325274,0.1325482512606652,0.12029874629406727,0.0020585737942613413,-6.87844986652919e-05
2016,14,20711,0.1839228340108678,0.1600598715658346,0.14012938075504247,0.18451016376188112,0.5186710147509576,0.5408959508187363,0.13186265130917277,0.1197548538086821,0.00203302778154741,-0.00028474185804414076
2016,15,19263,0.1707629076275806,0.14255308103618336,0.1277685229738261,0.17074125620223166,0.5374498527548012,0.551828906056163,0.12605437760029614,0.11163624391957734,0.0020354473635661573,-0.013444668241331337
2016,16,17209,0.17776115091085812,0.1541054099599047,0.12932946381465815,0.17740695060682302,0.5349071127978767,0.5483907153939251,0.127153214448985,0.11207518374017111,0.0022004983528153073,-0.006446424958053809
2016,17,12450,0.1690853832382148,0.14160642570281123,0.12594273941995796,0.16867223301012232,0.5432651446230081,0.5533695027601707,0.12410868134918103,0.11407140342163363,0.002523200561714019,-0.01512219263069714
2016,18,7895,0.1840272450477812,0.15896136795440152,0.13694125789865272,0.18247040449839233,0.5280172769619628,0.5450643659099828,0.1278391012391683,0.11974865256214752,0.0033216607803054107,-0.0001803308211307253
2016,19,5320,0.1903028609937484,0.168796992481203,0.14543188732572354,0.1894336528277823,0.5309796559670328,0.5270470087365703,0.13229277940240297,0.12444273109470767,0.004131890258132195,0.00609528512483648
2016,20,3970,0.17823102640302416,0.1574307304785894,0.14031886440629646,0.1772312638849508,0.5614844553417735,0.5374297704584005,0.11678205386088031,0.12216426736865221,0.004623633686439822,-0.0059765494658877705
2016,21,2907,0.21269771061074547,0.19091847265221878,0.16574597199576643,0.21034687924454143,0.5188372975415068,0.509172667394734,0.12576269487498598,0.12868340723399146,0.005789285235090069,0.02849013474183354
2016,22,1748,0.2093796274416709,0.19336384439359267,0.16011059256904553,0.20842479785384282,0.5236546579696179,0.5023875140901485,0.13175833703325615,0.1287188454895031,0.007568203358648381,0.02517205157275898
2016,23,926,0.17853800459919783,0.15442764578833693,0.13442453270394367,0.17823257642600998,0.5668115772238528,0.485868616728615,0.11051137962923677,0.12002030797161918,0.009637968594413552,-0.0056695712697140965
2017,0,564,0.369847271949753,0.37056737588652483,0.27176963894855866,0.3627389799431957,0.3815417239427606,0.39778413232135196,0.12357795614739285,0.15579524537604567,0.016257649931669886,0.0810290618356353
2017,1,321,0.3948027560011574,0.3925233644859813,0.31393608834479886,0.37317168160350384,0.3769178880085571,0.4555625255767987,0.12222423778434872,0.1741461398332406,0.022095573501073922,0.1059845458870397
2017,2,487,0.3718726388341317,0.3655030800821355,0.27583763691825214,0.3528432073033352,0.3097874717863403,0.4548458419386412,0.14938681458316178,0.15543855367958914,0.016788525843099904,0.083054428720014
2017,3,863,0.3807731284301292,0.3650057937427578,0.30147037943549937,0.36703025386264054,0.28888904934841814,0.4174312295172005,0.15259258836499165,0.16772283074744954,0.012708621308863445,0.09195491831601155
2017,4,1097,0.39550019004751497,0.39562443026435734,0.2877361527232877,0.3784213768820887,0.33580975248559003,0.4214825734416313,0.14451313311439568,0.1621259503183698,0.01174787254705658,0.10668197993339729
2017,5,2249,0.3313109650665446,0.32592263228101376,0.24766735246183666,0.3216584377705541,0.40312684638046387,0.43765106799061093,0.1477025725138355,0.15563079272013816,0.007950902451474524,0.04249275495242694
2017,6,4570,0.2924750260157914,0.27702407002188184,0.22296253261299034,0.28826189297220833,0.4003393346810086,0.44406249009050364,0.1408052223561845,0.14620345747505908,0.005320038642139613,0.0036568159016737156
2017,7,8116,0.30364241729713193,0.2905372104484968,0.23253001480529067,0.3000617040811908,0.3845136907868989,0.42956589861363753,0.1506864425904157,0.15407266929162047,0.004050079252629807,0.014824207183014249
2017,8,14035,0.28864434057493976,0.2758817242607766,0.2188333261484117,0.283923179642863,0.41276254177312155,0.46731068931704456,0.14508478157938928,0.14709879916153337,0.003044917847663261,-0.0001738695391779177
2017,9,21105,0.2780859537088056,0.2627813314380479,0.21269111964796514,0.2758735348851775,0.42063603197057636,0.4745842702903676,0.14360662903732674,0.14585267971506974,0.0024511376368184542,-0.010732256405312057
2017,10,25072,0.28011480052178356,0.26531589023611996,0.21248532246139995,0.27684839589897353,0.42708000972088506,0.4830948766977312,0.14148257590765728,0.13796941679051733,0.002255569212045936,-0.008703409592334121
2017,11,25558,0.288435233533006,0.2749432662962673,0.2216769109699709,0.28383369441091333,0.41917683804976064,0.48827435597953006,0.1470885305959938,0.14744789821996332,0.0022508594460071284,-0.00038297658111169364
2017,12,25229,0.2930999391143964,0.2834832930357921,0.21839588905513163,0.28697129010641353,0.43023524224512516,0.4926195413821012,0.14204888682711453,0.14199004325891457,0.002284181986476377,0.004281729000278733
2017,13,24959,0.29300724042157805,0.28102087423374333,0.22202391614776956,0.28780402272956923,0.42624561610509293,0.4913226393491901,0.14098252048548782,0.1435726597954824,0.0022969404668732054,0.004189030307460373
2017,14,25064,0.2881121861809819,0.27545483562081075,0.21630663769583985,0.2815103288040053,0.43387980066595283,0.4991721382111475,0.1429625425463957,0.1401859041569223,0.0022644532200108394,-0.0007060239331357909
2017,15,23840,0.2813982979274564,0.2687919463087248,0.21129945192105695,0.27561647748205836,0.44237334633022607,0.5018579261855811,0.14125339088468475,0.13925961824132038,0.0023073517028116466,-0.0074199121866612705
2017,16,22214,0.2748249336780039,0.2601962726208697,0.2061651535489841,0.2697924296989194,0.4513611864945318,0.5031765530471497,0.14292643173573058,0.13669680327068798,0.002369741157579294,-0.013993276436113755
2017,17,17936,0.2790483915380132,0.26566681534344333,0.20743380380685572,0.27330804171477235,0.4450577685806021,0.49757706440134053,0.14079609056714812,0.13660763132901108,0.002659587598786409,-0.009769818576104483
2017,18,12252,0.2953286284869946,0.2841984982043748,0.21505921878252296,0.28741723212347814,0.43512104834796916,0.48182611039484247,0.1377190504679914,0.1375480513675993,0.0032658562687037894,0.006510418372876914
2017,19,8248,0.28524377853257893,0.27036857419980603,0.21677054604993912,0.27953917936480194,0.4346281648952822,0.4750167234808321,0.14046157245995874,0.13770659556981604,0.003939945154611585,-0.0035744315815387506
2017,20,6010,0.29539558422223305,0.27920133111480866,0.22935328156745044,0.28911223013748955,0.425748784526541,0.465540176857737,0.13565436546336673,0.14504710473732313,0.004679112403235584,0.006577374108115375
2017,21,4360,0.3168331812086746,0.30642201834862387,0.2400437375504434,0.3098119883244823,0.4013629086588514,0.44030467339005286,0.1409472372478468,0.14606472736602616,0.00558365031968617,0.028014971094556917
2017,22,2832,0.3196937450926158,0.3040254237288136,0.24929826191399085,0.3147125708902489,0.3946229126634889,0.4245248811933117,0.13575335978610917,0.15424123542540508,0.00696989729106612,0.030875534978498098
2017,23,1386,0.34400259454709087,0.3253968253968254,0.26246717104518286,0.33763234998659913,0.3777515517333039,0.3994684544698339,0.13417048615969254,0.1482479583588261,0.010122183871902517,0.05518438443297319
2018,0,592,0.4087323135927609,0.4155405405405405,0.32226447218783655,0.4010725304896541,0.3443657485469295,0.39254610287969477,0.14015491603247546,0.20701976253720303,0.016697207683862396,0.12142546695581918
2018,1,420,0.4365466308026087,0.42857142857142855,0.32089003770157604,0.4139984780035558,0.29849893831470536,0.39526662442478394,0.16800397407551784,0.1631885357799807,0.019115406687981933,0.14923978416566697
2018,2,771,0.42056955850227756,0.4254215304798962,0.32333578075473735,0.39861821837604877,0.3307314939418235,0.4444605171790373,0.1613146733612199,0.15609350806795516,0.013917236511268475,0.13326271186533584
2018,3,1389,0.4272495401326548,0.4240460763138949,0.33969397355825487,0.40566785048151655,0.3066946162330624,0.43396009897237914,0.18094182543689888,0.17232765181860407,0.010378186874917629,0.1399426934957131
2018,4,1877,0.41293659184195525,0.41342567927543955,0.3249396799926358,0.3900857476006993,0.3419311239895672,0.46038610058587065,0.17800734876607904,0.16331965510461025,0.00899275760006224,0.12562974520501352
2018,5,2825,0.412653938079566,0.4215929203539823,0.3165437649738711,0.3916117199136159,0.3478856951964244,0.46254288798626675,0.18560303214294588,0.16413089947165113,0.007418224045766356,0.1253470914426243
2018,6,4830,0.34885158875906996,0.34368530020703936,0.267758088275876,0.3328995233597369,0.38140883365873535,0.48133129119414136,0.1680018253783998,0.15848147633464285,0.005468639279215592,0.06154474212212824
2018,7,8309,0.3197309595897219,0.3118305451919605,0.24852991183062542,0.3092375929769564,0.4147296374960066,0.48344952171804706,0.1681625106377992,0.16209366007158008,0.004118956203070759,0.03242411295278019
2018,8,13319,0.28657628781215977,0.2756212928898566,0.22044942732574882,0.2776777216140174,0.45172268320443487,0.5218134755616917,0.1609854557007537,0.14876090931932756,0.003168321491026127,-0.0007305588247819572
2018,9,19995,0.2724575324770143,0.259264816204051,0.2126429556345873,0.26532234740339894,0.46318768498089063,0.5341263718402354,0.15962124546576653,0.14683032953188524,0.002537636378800531,-0.014849314159927407
2018,10,23440,0.2744220385773631,0.2665529010238908,0.21400797009356232,0.2649622341340015,0.4678398945900443,0.5451525817943678,0.15910654315651862,0.14712607718155077,0.0023434743576438706,-0.012884808059578645
2018,11,24253,0.28902565231242244,0.28013029315960913,0.22424930671128016,0.27941843403293787,0.4549456923353504,0.5420545175996752,0.16733741724601145,0.15315854311750396,0.0023491466061692696,0.0017188056754807168
2018,12,23629,0.28943976243681624,0.2805450928943248,0.2249647355335397,0.27885554416528935,0.4575582122058981,0.5482218174459015,0.17135235246992495,0.15102876528889922,0.0023758446471763587,0.002132915799874513
2018,13,23683,0.29154384660471483,0.28362116285943506,0.22432517158793103,0.280486476761124,0.45947138662354653,0.5481492394594571,0.1678106077294014,0.14783221171473673,0.00237575692284544,0.004236999967773103
2018,14,24067,0.28057036809589964,0.26962230440021606,0.21819458788677498,0.27150256667950895,0.46771580206660246,0.5535025097834407,0.1661652884857125,0.14612505184252778,0.002329506199527686,-0.00673647854104209
2018,15,23675,0.2777485620924847,0.2642872228088701,0.20986849006751715,0.2662007559839058,0.4667408678795623,0.5635016066193337,0.16399142615525633,0.14204586395661425,0.0023248492256812887,-0.009558284544457007
2018,16,21159,0.264660980207563,0.2501535989413488,0.20565645715984748,0.25547682009944583,0.4864261298263631,0.5696082930719917,0.16205148914120865,0.13983416516542715,0.002423334436769986,-0.022645866429378714
2018,17,16508,0.2748964356865214,0.26435667555124787,0.21033817192216717,0.2649528882758494,0.47640285955025286,0.556675102430262,0.1640537883383986,0.14483717620177683,0.0027818779042542165,-0.012410410950420336
2018,18,11104,0.28929334136199303,0.28097982708933716,0.22281213460483565,0.279859700185384,0.4567179752606278,0.5407211833596747,0.16376545063751047,0.1512968427853381,0.003456941434930044,0.001986494725051302
2018,19,7787,0.27900141653423255,0.2656992423269552,0.21574207284962058,0.27236163321199813,0.4656434880381327,0.5305581297176477,0.15721098821668458,0.15523128347477097,0.004079709172186305,-0.008305430102709177
2018,20,5700,0.2644563242230205,0.24842105263157896,0.20866535805880598,0.2583706080409486,0.47009199717805084,0.5303904558278277,0.15081126745639106,0.15711848453863672,0.004664674342950651,-0.022850522413921215
2018,21,3947,0.2811464616267399,0.2660248289840385,0.21849744889494915,0.274271354615223,0.4556081144600821,0.4995308374074786,0.14785919292795244,0.16327047343279724,0.005691284849766317,-0.00616038501020183
2018,22,2431,0.3059367199203498,0.29699712052653227,0.2408732014450776,0.2985473321589857,0.432926713722976,0.46898207166804906,0.15265756751824797,0.16120121848770635,0.007504049267111864,0.018629873283408094
2018,23,1216,0.3303172631441205,0.3314144736842105,0.2562218295284095,0.32304087312207375,0.39438351145394046,0.4306789180036025,0.13987665544980127,0.16660272948885044,0.010819272642345975,0.043010416507178795
2019,0,714,0.3523019459757286,0.3445378151260504,0.2652724871895516,0.34577335962498723,0.3509264692242834,0.42034743740732056,0.15242439680615394,0.1562673400041415,0.013856496662669257,0.042781243514929124
2019,1,905,0.3983332850980619,0.39447513812154694,0.29583503365328856,0.38083933723617075,0.31694674852782684,0.4144334262098026,0.17621846759964543,0.15165663219638456,0.01267845432047612,0.08881258263726238
2019,2,1924,0.3877393055911488,0.3913721413721414,0.2900004711606213,0.3663109107876754,0.345362666152803,0.46497521564517397,0.17530120379887348,0.15487796084770425,0.008863178866841724,0.07821860313034928
2019,3,3513,0.3923674913995719,0.3896954170224879,0.30169590780921224,0.37207098988128984,0.345862880875265,0.46860913281086936,0.18549922538727442,0.16423129470641928,0.006567877005010781,0.0828467889387724
2019,4,5472,0.36829593557063134,0.3667763157894737,0.28780987905365,0.3484879478675038,0.3691503623007233,0.4961325864481865,0.1857463235012732,0.16868608230301138,0.005211389333725545,0.05877523310983185
2019,5,7897,0.37709581151571514,0.3749525136127643,0.29608412048797356,0.3574086614035667,0.36436707949621056,0.4974375209063848,0.18670449178756449,0.17211583521341173,0.004363524106975217,0.06757510905491565
2019,6,11506,0.3562562014131483,0.35042586476620896,0.27759503907733163,0.3384067393534126,0.3849882188771905,0.5007791238405198,0.18503859361209762,0.16149684591167027,0.00358575788158791,0.0467354989523488
2019,7,17185,0.33392789589000255,0.32650567355251675,0.25659461752442125,0.3178212758421937,0.40436312619992065,0.5081323282215999,0.18040972439781403,0.15711541464026602,0.0028889610825482415,0.024407193429203056
2019,8,24573,0.31938863909165927,0.31115451918772635,0.24257461517259096,0.30345474475143014,0.41957248471606545,0.5211396706152017,0.17211866618440658,0.15045943715961058,0.002384114998548218,0.009867936630859775
2019,9,34750,0.30029024148042305,0.29228776978417265,0.2284702430864337,0.28657373566526195,0.43990442050379036,0.536419798075858,0.1691743156683477,0.14867924108265115,0.0019749250731595906,-0.009230460980376443
2019,10,39100,0.30369570097328064,0.2963171355498721,0.2329617462528523,0.2905054981884239,0.44092417545171214,0.5392669852777405,0.17316299371350474,0.1500663019868705,0.0018673398835518293,-0.005825001487518855
2019,11,41101,0.30709910599978296,0.2999927009075205,0.23508075307401868,0.29297355384493173,0.4403940397569362,0.5451623099520357,0.17620378289345126,0.15113976074218655,0.0018228142896866064,-0.0024215964610165286
2019,12,38803,0.30524021775028487,0.29701311754245807,0.23159270480858168,0.28984412710236057,0.44760651998603856,0.5519239689528813,0.17381389902016126,0.1466735586877501,0.0018743007468533274,-0.00428048471051462
2019,13,38369,0.30915308594508034,0.30178008287940783,0.2350658308132415,0.2937587230972054,0.44426518141678895,0.5499635517023074,0.17612721063206124,0.14882580068569423,0.001891688224657606,-0.0003676165157191491
2019,14,37446,0.30310988610847683,0.29466431661592696,0.2297405670418015,0.28838346829690215,0.45304984196932163,0.5539300402906742,0.1731220888706818,0.1473018123320292,0.0019060809062414646,-0.006410816352322657
2019,15,35340,0.29622238673965867,0.288398415393322,0.22257132866396068,0.28108647952047844,0.4619307442985612,0.5592631676695617,0.16826963319053664,0.1419103001714244,0.0019515086160739256,-0.013298315721140819
2019,16,32637,0.29230928509564924,0.2848607408769188,0.218879219220372,0.27706085867179275,0.46566755617708205,0.563035960426518,0.1702350031900364,0.14309426326763017,0.0020168119685435417,-0.01721141736515025
2019,17,25687,0.29528937938588834,0.28738272277805893,0.2195609308384886,0.27911535211555144,0.4622719814327897,0.5598438283426266,0.1678167719006712,0.14131035880832227,0.0022810329891236924,-0.01423132307491115
2019,18,18222,0.30244184829865933,0.29497310942816374,0.22491159150177908,0.2859945887510464,0.45649997123341074,0.5455339832480869,0.16519121338098708,0.1440587049845805,0.002730395132305259,-0.007078854162140158
2019,19,11908,0.3025890783311026,0.29585152838427947,0.2236080091523929,0.28727537787481544,0.4577792034028913,0.5330573300616569,0.1567847986155708,0.14447464379338065,0.003386873149574845,-0.0069316241296968895
2019,20,8207,0.30087045653152605,0.2926769830632387,0.22456090813610333,0.28792444732804107,0.4526186744575594,0.5180942024447798,0.1574183018243811,0.14527995574813593,0.0040568263474452726,-0.008650245929273437
2019,21,5827,0.3164289552513101,0.30925004290372404,0.2386368700860021,0.30482616597572054,0.42767428308496,0.4980691444449688,0.1633206464179047,0.1593862916630606,0.004888221818148657,0.006908252790510605
2019,22,3456,0.32633000587904665,0.3168402777777778,0.24409717977357137,0.3125301827470442,0.42387800990204766,0.47756030100343333,0.1524330869851164,0.15931401273539653,0.006430162497155677,0.016809303418247157
2019,23,1466,0.33841654994317916,0.32537517053206005,0.262575287162231,0.3277612054519772,0.3873568754160388,0.44773081893871297,0.14714633775995675,0.16229074133438087,0.009869555344581296,0.028895847482379666
2020,0,866,0.33049421192159745,0.31062355658198615,0.27748870265139935,0.32706692112355945,0.33609303254870737,0.4365707155898876,0.18604858517087566,0.1879252953902231,0.012735302670980648,0.042477615344329644
2020,1,904,0.3432620394778174,0.3329646017699115,0.2808655920111115,0.3370439944138742,0.31085517571979426,0.4409555998801839,0.17380813846933302,0.1562907705583148,0.012260262741178798,0.05524544290054961
2020,2,2033,0.3646083194572356,0.36399409739301525,0.3129778444913362,0.3559840233818767,0.33380391958673095,0.45725072864846195,0.18705104341452408,0.16727912957210642,0.008547630430182073,0.0765917228799678
2020,3,4236,0.336708776644953,0.3274315391879131,0.28462505470037375,0.3255683355020426,0.37264742796109,0.5055537569601304,0.18603448661703156,0.1726441844244469,0.005834775014122919,0.04869218006768522
2020,4,6903,0.326738242732804,0.3191366072722005,0.2758060957106774,0.31581124707929087,0.3892149600937264,0.5217583638417715,0.18724722580682834,0.1642281255647961,0.004565978423000205,0.038721646155536193
2020,5,9434,0.3348454838520509,0.3307186771252915,0.2852733950821495,0.32326654859882487,0.37478292568252897,0.5164757547656736,0.19661559096145811,0.1677318667628772,0.003921266851109023,0.04682888727478307
2020,6,13619,0.33188929758031227,0.3235920405316102,0.28246169756667805,0.3230891080495038,0.36631511186194643,0.5042168317951521,0.20350209558201754,0.16970747479674794,0.0032417988636676593,0.04387270100304447
2020,7,18775,0.31261346628258224,0.3030093209054594,0.2624312640823233,0.30410107282075916,0.3714025581457941,0.5109496206555332,0.20253065684826402,0.1638457667293119,0.0026997098473877787,0.02459686970531444
2020,8,28726,0.29600496285470246,0.28388915964631345,0.24965942981181435,0.2902661944778717,0.3855366336869585,0.5187084212960515,0.19836386240118475,0.16320352195547796,0.0021525471130152698,0.007988366277434655
2020,9,40455,0.2737621300548125,0.25838586083302434,0.23349840593168283,0.27005026883539723,0.3927117401418086,0.5305539558043176,0.19821249246275569,0.163337200663214,0.001756281920601546,-0.014254466522455322
2020,10,46065,0.27779892167903064,0.2624335178552046,0.23501399050429542,0.27330326045544195,0.38994652998201934,0.529972331284503,0.20298076575972435,0.16223501979924224,0.00165372385998287,-0.010217674898237161
2020,11,47697,0.28161161150050984,0.2670398557561272,0.23927377183605206,0.2776719753507232,0.38694068808750187,0.5289037996274096,0.205074817378446,0.16313160752717404,0.0016340871772836448,-0.006404985076757963
2020,12,47197,0.2839552944341951,0.2702502277687141,0.23821122938999936,0.27878371858245143,0.3866933775058414,0.5310249905698907,0.2038411376196485,0.16186318178131642,0.0016480648203243712,-0.004061302143072709
2020,13,46015,0.28233890092418007,0.26771704878843855,0.23769361798703229,0.2773356409866485,0.3854008171166743,0.5359600038690172,0.20865115357441866,0.1612439941485637,0.001663160414408583,-0.005677695653087733
2020,14,43831,0.2827385878980878,0.2682348109785312,0.23505781794944927,0.27678953123916294,0.3867699750288644,0.5369471845818518,0.20527376152047597,0.15779512168238935,0.0017044960852170116,-0.005278008679179991
2020,15,41793,0.2812019880195516,0.2656904266264685,0.23558203411696935,0.2764988123803755,0.38582888855457587,0.5338234856752572,0.20583504005856051,0.16015637300913155,0.0017422316557786752,-0.006814608557716206
2020,16,37406,0.278562159140132,0.26321980430946906,0.23398721562788083,0.2742942650795089,0.3925500661793824,0.5336517814826499,0.20256879852387374,0.16070793749019774,0.001836103002811451,-0.00945443743713581
2020,17,30691,0.27714527697267927,0.2622267114137695,0.2298136753528931,0.27222509237901427,0.3965437646273184,0.5357894538727566,0.2000052381602691,0.1592084823452193,0.002024384598087385,-0.010871319604588536
2020,18,22881,0.280680770938638,0.26694637472138455,0.2315453457675215,0.2755231415633475,0.3887144026148811,0.5268306494773716,0.19609143760715586,0.15846977149035868,0.0023528163467495897,-0.007335825638629778
2020,19,16740,0.2885412907893124,0.27317801672640385,0.242316690236426,0.28419101534955415,0.3858929582146161,0.5114850119738522,0.19562883866446543,0.16909395188353,0.0027865468095548034,0.0005246942120445963
2020,20,11637,0.30488018920686977,0.2937183122797972,0.25264439509586795,0.2988549298339109,0.3788627000406988,0.49937681599566247,0.19262348648045532,0.1733683547410175,0.003394741489602391,0.016863592629601964
2020,21,7474,0.32026146046888576,0.31000802782981,0.26205158884622914,0.31334424234774927,0.37098491642846443,0.482876317175332,0.18542299034903964,0.17490883803596693,0.004300467863678492,0.03224486389161796
2020,22,4058,0.3360549098057668,0.32577624445539677,0.2763185960044093,0.3289861441846935,0.3562518800033335,0.44574710981291066,0.17348261187219108,0.18047945997783316,0.005934078398258794,0.048038313228499
2020,23,1854,0.3363211445940886,0.3225458468176915,0.27468362320439305,0.3275660346440485,0.36067376198913165,0.45031698516564006,0.1551013405014336,0.1722130888360708,0.008766610798147337,0.04830454801682077
2021,0,1143,0.3717283107412039,0.36045494313210846,0.2976281878805075,0.36709910276006136,0.33751434124949165,0.40638169017681497,0.1564368306150316,0.16544981398159347,0.011098283199956161,0.07054380906876467
2021,1,1488,0.36789147233354524,0.36760752688172044,0.3020842247432904,0.35943552444724025,0.33819298723791424,0.4441380132955464,0.16113637209655868,0.16362145237476935,0.009690245059623587,0.06670697066110604
2021,2,3405,0.36577020464745374,0.36152716593245227,0.30949629232555453,0.3550317156324149,0.3675854938342708,0.48069691490614447,0.16989308993548166,0.1668015757128432,0.006630195233337548,0.06458570297501454
2021,3,6741,0.3538607844298211,0.3508381545764723,0.3079218450010144,0.34365838961639844,0.376530414877723,0.49472313891634007,0.18306198562190082,0.1711765092084959,0.004643761825106625,0.0526762827573819
2021,4,11097,0.35535447537709597,0.3528881679733261,0.30109116947314046,0.3453983979631926,0.38488129546481104,0.5066992255460094,0.18406079169848294,0.17224918623712773,0.0036437906240638185,0.05416997370465676
2021,5,14474,0.35238957417785505,0.3518032333839989,0.3015434633525372,0.3420836879833887,0.3830593090503893,0.507459787310774,0.19211679129817283,0.17651348117927104,0.003188539970101278,0.05120507250541584
2021,6,17832,0.34378966201224365,0.34084791386271873,0.2884514669707745,0.33243917486018376,0.3912682936485392,0.5165989229540147,0.18884825675930092,0.17096992703062763,0.002855996512508936,0.04260516033980444
2021,7,23481,0.3328623493990686,0.32971338529023464,0.28020721569212487,0.32257887628449033,0.39316161775178254,0.5141873387494121,0.1898594276233032,0.16566724255787335,0.002457476360009309,0.031677847726629405
2021,8,34339,0.3090863873238591,0.3025714202510265,0.2608155270505321,0.3015237280587397,0.4114134873680408,0.5306507965312297,0.18803410162346743,0.1630930034085191,0.001989204454432168,0.007901885651419915
2021,9,46677,0.29853944368155455,0.29012147310238445,0.24910695414488976,0.29132961852658645,0.41821011220372595,0.5370888401823276,0.1875082890518901,0.16208629049086604,0.0016885354885260674,-0.0026450579908846583
2021,10,51232,0.295569139352732,0.28693004372267333,0.2471875055606183,0.288629696034123,0.41900600109322683,0.538189340827834,0.1878603964666117,0.16262543885134775,0.0016051240442228974,-0.005615362319707218
2021,11,50910,0.3005304982298542,0.29186800235710075,0.24843929609826848,0.2923062544004332,0.4174234616575983,0.5407426652714316,0.18757502884955088,0.1612603527205835,0.0016165077225759382,-0.0006540034425849828
2021,12,50831,0.29538065040897615,0.2875804135271783,0.24383708727462716,0.2869063807161087,0.4236676018526187,0.5460305752200874,0.187348046162014,0.1602554338450675,0.0016104393084108637,-0.005803851263463056
2021,13,49007,0.30002771367590286,0.2921827494031465,0.24475301768770577,0.2908781473169686,0.4194605904015829,0.5447922803563678,0.191547207173425,0.1598409904539874,0.0016487511931111427,-0.001156787996536346
2021,14,47142,0.28985155363969933,0.28019600356370117,0.23790841900810536,0.28101005950470237,0.4264613957785135,0.5504777185632271,0.18866408985527314,0.15454089660193743,0.001658324589318657,-0.011332948032739876
2021,15,43398,0.2897907259364295,0.27987464860131805,0.2377260421020659,0.28142188450286487,0.43053556216601463,0.5488784045575853,0.18543651310711742,0.15497628196452368,0.0017313783707491792,-0.011393775736009693
2021,16,38878,0.2815811789125827,0.2704871649776223,0.2306495225884247,0.27249814098866604,0.44198410752325523,0.5591345663839571,0.18437415211440117,0.14927415009151782,0.0018153993989798677,-0.01960332275985649
2021,17,30614,0.27640985619988656,0.2652054615535376,0.2231708330800833,0.26688925814406,0.4432930453189788,0.5583720646375662,0.18045885666247707,0.14930636548828277,0.0020315627855403175,-0.024774645472552648
2021,18,21572,0.27952813164422935,0.26840348600037084,0.22715954785247638,0.2689535373025274,0.43667048044229584,0.5516084308772227,0.17815902049833005,0.15087674361370498,0.00242423636857317,-0.02165637002820986
2021,19,14882,0.28123181623260834,0.270864131165166,0.22552806079452858,0.2711932962850007,0.4489714610166327,0.5479665699135424,0.1738035979241496,0.15047916394623717,0.002932589826978816,-0.019952685439830864
2021,20,10495,0.30452885993748813,0.2949023344449738,0.24893656313094778,0.29532680063610056,0.41654477524344835,0.515456622900515,0.17356258804881933,0.15791594314425758,0.0035540873385595823,0.003344358265048919
2021,21,6987,0.30960827001132696,0.2971232288535852,0.24999734377079616,0.30166279770491483,0.4031874649466927,0.4926298191797303,0.17261531773225647,0.1647662085565496,0.004377836438145844,0.00842376833888775
2021,22,3837,0.3189485407221294,0.3067500651550691,0.25726695411080935,0.309820776647634,0.39378079192485715,0.4742098527820672,0.16133987458528606,0.1604262983991022,0.005906669733823758,0.017764039049690206
2021,23,1879,0.34130527387150605,0.33315593400745075,0.27095697158217746,0.32761800172354605,0.37569667951800145,0.45768810753344286,0.14868132581281565,0.15014379827564403,0.00868473117470692,0.040120772199066845
2022,0,778,0.4054860672440648,0.4087403598971722,0.32720558765146207,0.3950760302739577,0.33248540051137804,0.41155872957249456,0.1854957162778451,0.16268189904246488,0.014167681918744941,0.07661797066103393
2022,1,1184,0.36339065056086545,0.3581081081081081,0.29627592686203474,0.3536292797401296,0.33659397985517187,0.43651755521234403,0.1822626196926403,0.1566186357860617,0.010781285721376476,0.0345225539778346
2022,2,2959,0.3842529151056764,0.3822237242311592,0.3165223617994643,0.3736842539030511,0.3633151064062225,0.45860537783903405,0.1827104846449917,0.17443160409401773,0.007122454386183989,0.05538481852264554
2022,3,5996,0.3773147991076444,0.3789192795196798,0.31739402302262654,0.3640821113634334,0.3714067157480016,0.48490365276661757,0.19620196139014354,0.17604264425777963,0.0049745244017166375,0.04844670252461358
2022,4,10193,0.37112311005225407,0.37309918571568723,0.30603436345788115,0.3575153365707666,0.38478779834819876,0.5051421615258839,0.19033430456144562,0.17182329563031287,0.0038290904748417153,0.042255013469223224
2022,5,13837,0.36002006278545406,0.36106092361060926,0.2993444744962879,0.34631820565238736,0.3860638865778626,0.5119146545277407,0.19129998514662558,0.17143447979110324,0.003252498810282564,0.03115196620242322
2022,6,15909,0.3647826838911836,0.36488779935885346,0.299237652861612,0.3501335801225952,0.391336811020079,0.5107333447468768,0.19131713244917142,0.16741669452233743,0.003069817877806772,0.03591458730815278
2022,7,19503,0.35093981707318683,0.34979233964005535,0.2860710778721199,0.336364612682209,0.3958147998213563,0.5203752840263337,0.19294425775456958,0.1644602780177481,0.0027326706359038005,0.022071720490155988
2022,8,27293,0.3401423356082157,0.3386216245923863,0.2795231186702025,0.32864503176819804,0.4043345756082205,0.5201221071237084,0.1938822123241367,0.16662450978972349,0.002291414925153319,0.011274239025184873
2022,9,35049,0.33121913485791676,0.32825472909355474,0.271532176636392,0.3190760408246645,0.40858715360743275,0.5315420506966609,0.19376763132251715,0.16380401856067123,0.002003990481592379,0.0023510382748859193
2022,10,36759,0.33153615522695545,0.328654207132947,0.26701760837969,0.3195420597919996,0.40846784793016006,0.5278477564947318,0.19748442190545973,0.1609446697145776,0.0019540246182093847,0.002668058643924609
2022,11,36898,0.3252188794173982,0.320776193831644,0.2619467437664601,0.31243190237101265,0.41433152459100353,0.5370539054398742,0.19610315934317668,0.15761528376650305,0.0019379722400838149,-0.0036492171656326566
2022,12,35485,0.3206025607917393,0.3164435677046639,0.2597168781336738,0.30815687351564186,0.4195176981857743,0.5401241619432547,0.1947481454865451,0.15754016302047016,0.0019723448857537486,-0.008265535791291523
2022,13,33344,0.3218830214777698,0.31918785988483683,0.2588796098413194,0.3090990716778474,0.4224046944887373,0.5418248100376717,0.1943006890379678,0.15611933369060238,0.0020320580579237875,-0.006985075105261029
2022,14,31678,0.32027672947449626,0.3163709830166046,0.25554943368210964,0.3071527708595462,0.4215386166694518,0.5395724362419516,0.1955618306473138,0.15382289352656078,0.0020825006857089832,-0.008591367108534587
2022,15,29398,0.3164056060293979,0.3103612490645622,0.25290070669175735,0.30368660852653345,0.42587165450651776,0.5381561552046055,0.1909659741546579,0.15366968605386985,0.002158763573810547,-0.012462490553632966
2022,16,25085,0.3073051242716202,0.30101654375124576,0.24642216640037093,0.2944043680842285,0.4309768791624302,0.5442963247818589,0.19666662361867873,0.15526899424691004,0.002312421149198498,-0.021562972311410633
2022,17,18844,0.29543113362794976,0.2881553810231373,0.23595120631109373,0.2815717184480526,0.44348931411969983,0.5529764894542433,0.19109558739020702,0.14853782601881577,0.002627780944134579,-0.033436962955081084
2022,18,13002,0.2966001062821965,0.2878787878787879,0.23717867804397444,0.28233083069516174,0.4416754260704917,0.5512105253590762,0.18776221888637595,0.14949779282986586,0.003158720680568234,-0.032267990300834326
2022,19,9184,0.3052224764103096,0.29823606271777003,0.2387366466204508,0.28977966685457934,0.43567466653051107,0.5406938330858511,0.1947860876287653,0.14645083262411698,0.003790147470704765,-0.02364562017272126
2022,20,6252,0.335938990976982,0.3318937939859245,0.26540247345578705,0.3231760188272063,0.3962025244047559,0.4965929428990799,0.198087031739348,0.15964756625496215,0.0047056410516704535,0.007070894393951144
2022,21,4121,0.34101403305949757,0.3389953894685756,0.2602188494666648,0.32301878694499586,0.39160884585734607,0.4944792945541123,0.18171359793765768,0.15912998035266268,0.005779024158886962,0.012145936476466723
2022,22,2550,0.3538933744038656,0.34784313725490196,0.287013311680525,0.33715745917503154,0.36794210451892484,0.4627992730052667,0.19116391942635472,0.17668712994175068,0.007499854434758932,0.025025277820834746
2022,23,1182,0.36473624779277064,0.3595600676818951,0.28009777331004604,0.3506914102436908,0.3539865539372188,0.4324001769780287,0.17664899173123344,0.16558460720819493,0.011094695141686258,0.035868151209739796
2023,0,456,0.3891635530305569,0.39035087719298245,0.3010284989117951,0.3690379338426793,0.3461995047022866,0.43255068391986323,0.1692194402638594,0.15257725724541957,0.01765846598456176,0.0412121354293159
2023,1,968,0.42038706730577846,0.4256198347107438,0.3439114426954434,0.4120798649353914,0.3079019978826227,0.39790711694489395,0.1892741877520226,0.16519741543611002,0.012546372554845066,0.07243564970453747
2023,2,2232,0.43546404289690893,0.44175627240143367,0.34020537921994437,0.4220255721626656,0.3250107753065942,0.4135371705495893,0.19777105386847943,0.16234540427207952,0.008276656490430577,0.08751262529566795
2023,3,4396,0.4319627398763359,0.43630573248407645,0.3534878659368432,0.4196887761188139,0.32205774822691624,0.419551052766436,0.20895392164573992,0.1700818634998126,0.005918686586852496,0.08401132227509489
2023,4,7189,0.423959478567511,0.4323271665043817,0.3481770190651276,0.4092040989579189,0.3359070670512312,0.43822174999199104,0.20393906437845905,0.17355375336220139,0.004670030682173808,0.07600806096627
2023,5,9657,0.42165932388349064,0.4313969141555348,0.33939488874028184,0.4040058033079475,0.3402248466961885,0.45038235445927444,0.2013281918212982,0.16614749768049303,0.004023008850345253,0.07370790628224966
2023,6,11024,0.4119848735437557,0.4185413642960813,0.329829746366755,0.3951068143686837,0.34954397387171776,0.4601205305138644,0.20435489226527667,0.16824217277019066,0.003759952828013076,0.0640334559425147
2023,7,14040,0.38715970123100807,0.3910968660968661,0.31286714605066196,0.37150360956437156,0.37261435001507465,0.4808561105533845,0.20046800453394276,0.1632204028781095,0.003305457523909545,0.03920828362976708
2023,8,18447,0.36030724239306927,0.362443757792595,0.29093065254077527,0.34610922061076116,0.39586577719689514,0.503809370205409,0.19691942916691707,0.15900157723884706,0.002844971070839731,0.012355824791828285
2023,9,23941,0.3442414262347621,0.3442629798254041,0.27868331241371647,0.3294887517953397,0.41471513373104324,0.5275521675617209,0.1940241163139291,0.15594153373680478,0.0024682457885607956,-0.003709991366478871
2023,10,25169,0.3412133832576378,0.3439548651118439,0.27602067782780354,0.3266717784654076,0.41430458628455114,0.526908234806468,0.19443852729819752,0.15482205764912896,0.0024083150862121124,-0.006738034343603205
2023,11,25139,0.34267028559268925,0.34185926250049725,0.27672844094946386,0.32718861753737033,0.4165064822249004,0.531732178306987,0.19371945374495106,0.15455124961352168,0.0024079620505123704,-0.005281132008551737
2023,12,24158,0.3347458930372058,0.33322294891961257,0.26970775008653236,0.3198766012535387,0.42052498744302486,0.5347948980430598,0.1955417837026115,0.15172267284242988,0.0024412402919216014,-0.013205524564035176
2023,13,22662,0.3355617729521666,0.3337304739211014,0.2676179278318538,0.32015226085533194,0.42541327817698943,0.536446377493179,0.1922483386154461,0.14886427344723516,0.002526055074728775,-0.012389644649074383
2023,14,21237,0.330076605094824,0.3282007816546593,0.2651379179146974,0.3152293271739735,0.4270990439713892,0.5369338827993237,0.19216930389060877,0.1501781043579068,0.0025950488861428305,-0.01787481250641698
2023,15,20081,0.3239960268971147,0.32413724416114736,0.2609491692030652,0.3089006292043502,0.4403088400380876,0.5440231742148401,0.18974622083437997,0.14518027179515744,0.0026590053909441988,-0.023955390704126278
2023,16,17415,0.3175904198099134,0.31231696813092164,0.2537289735851697,0.30257229084227083,0.4407639862445699,0.5437063919034036,0.18525943762075692,0.1438393100860047,0.0028289659060186808,-0.03036099779132756
2023,17,12808,0.31651862483471777,0.31386633354153654,0.25138471282592195,0.29949018079602074,0.4479467756230188,0.5465999115610028,0.18484174579325663,0.14235840309689782,0.003290053151024355,-0.03143279276652322
2023,18,8396,0.31357356716960577,0.3087184373511196,0.2468306063046696,0.29674514441717886,0.45264663082206835,0.5429452277655417,0.17580840902473657,0.14290255795243156,0.004076816933953833,-0.034377850431635215
2023,19,5348,0.3038580948131235,0.3017950635751683,0.2443568726324824,0.28912199611887723,0.466597196290389,0.5462467719606774,0.1723059042084895,0.14104872419643052,0.005068021669698816,-0.044093322788117506
2023,20,3341,0.32918959270883436,0.33073929961089493,0.2670150655949674,0.31534632187408046,0.4285712723525598,0.5157855250830858,0.18057926384307305,0.15933220703319267,0.006511972128921959,-0.01876182489240663
2023,21,2017,0.33962296089873156,0.33564700049578583,0.27746232226144674,0.33121620932682594,0.41207984538774717,0.4801709248216146,0.17764481351063038,0.16930663949141836,0.008414135379425581,-0.008328456702509424
2023,22,966,0.33510216916467817,0.3302277432712215,0.2734564307117333,0.3208259816727877,0.404963331249799,0.49148182364423637,0.20177252466817372,0.17092684304725386,0.011885146713471758,-0.012849248436562821
2023,23,462,0.35488360557096377,0.3398268398268398,0.29014324881232173,0.3433285300958563,0.3931547941396102,0.46790597584195337,0.17073047401593167,0.15712541125178564,0.01753490275046836,0.006932187969722781
2024,0,591,0.33831008134312085,0.33671742808798644,0.2764783513552215,0.3294133577943352,0.41502494377819993,0.4518231660278921,0.13865707594154375,0.1539922981875966,0.015630399973021125,0.0051366849735732245
2024,1,851,0.3597179150677228,0.3584018801410106,0.28246645572757817,0.34657824542931553,0.3968431642590929,0.44252620695528744,0.1347507031138693,0.14447786131453483,0.013259128141045838,0.0265445186981752
2024,2,1999,0.3515546002374937,0.34817408704352176,0.2713929767235405,0.33733303706860984,0.40561037990830656,0.46950448593036226,0.16279338953737962,0.13814034317156534,0.008549175029684154,0.01838120386794606
2024,3,4217,0.3689626526480193,0.36969409532843256,0.28941101422121235,0.35320024990262666,0.41095745988697685,0.47376091653741287,0.1762940641055323,0.14686340049939672,0.0060584159071482065,0.03578925627847168
2024,4,7126,0.3584291947475072,0.355318551782206,0.28127422421078563,0.34326439895045036,0.4118690572436868,0.4873378532548539,0.17400082360486255,0.14776747157536352,0.004615937595940994,0.02525579837795955
2024,5,9666,0.3608939462804717,0.36602524312021517,0.2814596921895377,0.34338317488782844,0.4089376011051792,0.4968935518288326,0.17832325060154103,0.14547249414087438,0.00394524283773287,0.027720549910924097
2024,6,11839,0.35935803864557786,0.3607568206774221,0.2863410625827767,0.3435194516392109,0.4105820595325726,0.495786604267682,0.18061894539833576,0.14706014866228517,0.0035883934875899585,0.026184642276030234
2024,7,15117,0.34556030662618026,0.34702652642720117,0.2754272830416213,0.3307071776492975,0.42520801526841606,0.5110211006377483,0.18593039557009022,0.1476209349451287,0.0031400432615486646,0.012386910256632633
2024,8,22285,0.33273521432447667,0.3326452770922145,0.2677830288679077,0.3181617421412325,0.43907293088929317,0.5293953029031386,0.18586712347037232,0.1497106105766209,0.0025647033627374813,-0.00043818204507095615
2024,9,30717,0.3208651793131952,0.3221668782758733,0.25977935543937075,0.3067103868221559,0.45311019799105123,0.5461693839884668,0.1877865629327537,0.14675477310243742,0.0021674187563474707,-0.012308217056352433
2024,10,32925,0.33301631418442895,0.3347304479878512,0.2658984828461103,0.3173609706052015,0.44424598191410086,0.5389996478719045,0.1885639051418545,0.14714554408853683,0.002111976409445017,-0.00015708218511867322
2024,11,32602,0.33471672133932445,0.33727992147721,0.2689608012309268,0.3196919193486712,0.43768789793981766,0.5375457674422851,0.1922637526944641,0.14791545709519668,0.002120985745237419,0.001543324969776827
2024,12,32478,0.3287640265122871,0.3299772153457725,0.2631930255019873,0.313772691808593,0.4475046778381923,0.5437321877717382,0.187096943380942,0.14782257741214783,0.0021198406232808384,-0.004409369857260537
2024,13,31271,0.3246478286494084,0.3250935371430399,0.25899931776872415,0.3095880586551407,0.45138661817174486,0.54889409969702,0.1878543665695461,0.14648745232555818,0.002151916108669289,-0.008525567720139238
2024,14,30577,0.32991098210075126,0.3315563986002551,0.26208080444508175,0.31397088762459174,0.4475309929969335,0.5462453437488274,0.18952941440152468,0.14264184463353807,0.002182620158169975,-0.0032624142687963653
2024,15,28989,0.3243082857323639,0.3242264307150988,0.25838205810793974,0.30974776495266776,0.45921108931982635,0.5467445834920951,0.18495906240551216,0.14193292255081746,0.002240108794227359,-0.008865110637183704
2024,16,26324,0.3202438258930527,0.3225953502507218,0.2545032037026747,0.3058282727314562,0.46221103213944065,0.5487957369467737,0.18345364492477045,0.1425125359142854,0.002341707205380514,-0.0129295704764949
2024,17,19937,0.3226974848820175,0.3238200331042785,0.25448900530465973,0.30725550523422784,0.4585669460820066,0.5420213589193346,0.17836765088663686,0.1416428461442214,0.0026962013329716325,-0.010475911487530132
2024,18,13393,0.326033776095468,0.32531919659523634,0.2598810668353577,0.3104966759557159,0.4539050231182531,0.5330296479122822,0.1786387072283493,0.1440908012054691,0.003298239833185786,-0.0071396202740796055
2024,19,8998,0.33506749849989026,0.3374083129584352,0.2688121083760502,0.3178362261603712,0.4496696335713272,0.5319602957081689,0.18137544642397557,0.1482585402475523,0.004057268889280062,0.0018941021303426342
2024,20,6034,0.3591904760041096,0.3622804110043089,0.29176607982366337,0.34643886267322704,0.42524550918510995,0.4923104868290676,0.18761200911827253,0.16231990765641607,0.005039716382771962,0.026017079634561957
2024,21,3868,0.4038485984322533,0.4157187176835574,0.3269869043141331,0.38813206815833057,0.3828256830740181,0.4574033497701974,0.19175615550312353,0.18178716820369512,0.006440888037703627,0.07067520206270567
2024,22,2138,0.3983285918461997,0.40739008419083256,0.31228222003875483,0.3776656556905006,0.3789145013657673,0.4619539984978014,0.18263249946069895,0.16948490122692977,0.008567994388013618,0.06515519547665205
2024,23,813,0.34414189415244983,0.34071340713407133,0.2965375350982691,0.333986499145178,0.4031637892141929,0.4581097592193024,0.16967188643273265,0.17184307537102317,0.013456662560419939,0.010968497782902209
2025,0,980,0.469403699736529,0.4806122448979592,0.35356863654629633,0.45009077038159784,0.29269390320262817,0.36786460245446284,0.15123859254918917,0.16766824304715408,0.01293956007569745,0.03290630215692042
2025,1,2543,0.4348725776993415,0.4416044042469524,0.34047167438547143,0.4202693699563535,0.32546540544830876,0.39604499268411825,0.16423627694137027,0.18083898696189252,0.00800896831697858,-0.001624819880267081
2025,2,6857,0.4142387391931046,0.4204462592970687,0.3218083070919337,0.39913563951813263,0.3708921601372137,0.43520605647232913,0.17161703017053767,0.1770785675570586,0.004881703386066962,-0.022258658386503982
2025,3,13589,0.3970154300457831,0.40091250275958495,0.3018084321562012,0.37806635255657317,0.39606131238359343,0.46825334389293244,0.1677632195332354,0.17031312745508742,0.003457343860651129,-0.03948196753382549
2025,4,23316,0.39915305455072075,0.40465774575398866,0.2981244729080892,0.37912055198027295,0.39828987957158846,0.47994838617486024,0.17501100156960958,0.16729020656232377,0.0026298573669850185,-0.03734434302888784
2025,5,31212,0.412395591339007,0.4202229911572472,0.3098569190881425,0.3928101338798027,0.3865612806972399,0.47307515148985063,0.18098974469744938,0.1727098777882328,0.0022913635930596537,-0.024101806240601598
2025,6,33332,0.43071040434250096,0.4401476059042362,0.32324013690372294,0.40972941750204545,0.37193515455811105,0.4623022765129571,0.18672281363518659,0.17440802696657814,0.0022221783772100536,-0.005786993237107629
2025,7,33724,0.4407359845902952,0.4512513343612857,0.33328824045368116,0.4208264746785089,0.35845947934926803,0.4497289183615889,0.19134437539272714,0.17830881576089203,0.002213534774384289,0.004238587010686634
2025,8,33604,0.4475220643724476,0.4575645756457565,0.33931514688080394,0.4275145061318568,0.35535167242313354,0.4488609296259751,0.19532471679379093,0.1805682627744249,0.0022184931955176726,0.011024666792839033
2025,9,33745,0.4519716657495234,0.46243887983404947,0.34089793156878717,0.4324752296908949,0.3479117620990684,0.441427840616809,0.19899152623383107,0.1817662138890396,0.0022191278227499107,0.015474268169914818
2025,10,33337,0.4467053220964063,0.4574496805351411,0.33582348198052453,0.42618911410562477,0.3538725172071882,0.448453066712463,0.1985977239878558,0.17877164768532183,0.0022312482559644895,0.010207924516797695
2025,11,32340,0.4435532405812509,0.4545145330859617,0.33270817586401613,0.4234259360237047,0.3586473783531345,0.4497782416456398,0.19481978099364108,0.17837419067587226,0.0022617120442237617,0.0070558430016423035
2025,12,28922,0.43762959580046773,0.44782518498029183,0.32769065051039276,0.4176324521791391,0.36350862039488346,0.45473291832354684,0.19227313475346056,0.17888463998164658,0.0023872512673360313,0.0011321982208591375
2025,13,23499,0.4398306573865703,0.44984892974169116,0.3314347341040945,0.4201142690818231,0.3617210597390136,0.4452361439236732,0.18543425655904444,0.1811804923388559,0.0026521442006223177,0.003333259806961697
2025,14,18489,0.4506033198442335,0.4618962626426524,0.34057427885246605,0.4309236391473577,0.3498237694612779,0.4251908231240628,0.18422404262022163,0.179988346662301,0.0030020508806069815,0.014105922264624926
2025,15,14614,0.44790633292151155,0.45695908033392635,0.33642189366740677,0.4255707900756984,0.36049229998822907,0.43171181790863977,0.17312027626257045,0.1747475442716762,0.0033802765572877526,0.01140893534190296
2025,16,11306,0.4460664908472098,0.4545374137626039,0.3390714882169276,0.4234452846182608,0.35274944829666555,0.41741919676655787,0.1753418461478375,0.17473101590555104,0.0038334412174148885,0.009569093267601192
2025,17,7669,0.44681577252390825,0.45234059199374105,0.3478130167248012,0.4264419322420766,0.33301774091622227,0.3948915302840278,0.1728017135270786,0.1786530957948176,0.004643554619499264,0.010318374944299658
2025,18,4074,0.43787653827603135,0.44059891998036327,0.3512089917106827,0.42196602068320704,0.32854297855938885,0.36669180010743513,0.16550657797991594,0.18194003180951834,0.0063511772120456635,0.0013791406964227537
2025,19,2129,0.45092634751910704,0.4542038515735087,0.3610502619458386,0.43341663264253466,0.31370657045650524,0.3519028218604358,0.15295926554057662,0.177750631348401,0.008759565588390934,0.014428949939498448
2025,20,899,0.47367661800784566,0.4827586206896552,0.3847645344287758,0.4645359363397573,0.27102735352229007,0.2973534680304177,0.15072287781603294,0.19177991828857377,0.013377740497701098,0.03717922042823707
2025,21,361,0.49193430881188804,0.4930747922437673,0.38524022720460044,0.4763069372686075,0.2712764161680193,0.2988264690362268,0.1480804753755516,0.20688802951565038,0.02126648076041347,0.05543691123227945
2025,23,587,0.5338153731247673,0.5468483816013628,0.428244501068709,0.5140663341355702,0.2610427738164172,0.3327357472060169,0.16583289868345888,0.21281955897604993,0.016686433950791568,0.09731797554515875
2026,0,922,0.44858812376171947,0.44685466377440347,0.3480978750438407,0.4350570228507383,0.2824381661445807,0.34016605433119046,0.16460775165392363,0.16509859581778955,0.013029262299951916,0.05502438259382597
2026,1,2276,0.4278911595590419,0.4314586994727592,0.33612078616967644,0.414828120783194,0.31753104906782886,0.366405161273394,0.16571136026654265,0.162427742316949,0.008437334605575398,0.03432741839114839
2026,2,5846,0.41009804740110195,0.41139240506329117,0.32004384368855926,0.3981423404956223,0.3430820349365724,0.39943082442418254,0.16866778755185186,0.16121550059896134,0.005212456444487203,0.01653430623320845
2026,3,11478,0.3839642577506233,0.3871754661090782,0.29747294042864597,0.3700038274380684,0.3788927507168988,0.4413609585101536,0.17053163100956475,0.15560612936855034,0.003704612309542531,-0.009599483417270183
2026,4,19420,0.3772878654439762,0.3771369721936148,0.2870391594961247,0.36176388868851056,0.38801148542551656,0.4612480013144522,0.17136187120484636,0.1488247110736897,0.002834930886321254,-0.01627587572391731
2026,5,26968,0.3804037954623183,0.3824532779590626,0.2886473333701347,0.36451884684586927,0.3921622622886825,0.46731420697365866,0.17336639471245596,0.15252221317394274,0.0024220047177485704,-0.013159945705575216
2026,6,29088,0.3932380968451178,0.3953176567656766,0.2987382150746447,0.3770787248223876,0.38345706327853873,0.4592399330159215,0.1785835698855687,0.15289606892059268,0.0023520298043718966,-0.00032564432277570887
2026,7,29149,0.4078731248787455,0.41263851247041067,0.30834140166681745,0.3898912267512945,0.37502678526957495,0.45464265904315804,0.18059839880700637,0.15645262898151094,0.0023584114268055045,0.014309383710851997
2026,8,29208,0.40453528866247535,0.41046973431936457,0.30697723896831225,0.3876880230188697,0.3786884067099568,0.4568231024726959,0.18123790537430534,0.15636220809007975,0.00236072172349329,0.010971547494581846
2026,9,29540,0.40148574055324465,0.4043331076506432,0.30713965903069124,0.38524605316568994,0.3753240347842966,0.45438557153009007,0.18120127103716127,0.15730038568441812,0.0023415093568712277,0.007921999385351153
2026,10,28817,0.39789847673378653,0.4015338168442239,0.302412430509733,0.38095990687819564,0.3829135881555422,0.45918497772166067,0.18404709307685688,0.15293794302840885,0.002368416546410856,0.004334735565893033
2026,11,27538,0.39460741092823065,0.39792287021570194,0.297938354509677,0.3781585820241169,0.39146987097911423,0.4670269689790027,0.1808272842693893,0.15304588247898865,0.0024280086131908403,0.0010436697603371514
2026,12,25056,0.3935735066700604,0.39631226053639845,0.300743327882676,0.3768727684247337,0.3845948940523049,0.46288152378188735,0.18057973726515705,0.1541152768208781,0.0025326588469102573,9.765502166914075e-06
2026,13,20241,0.39237909533865317,0.39657131564646014,0.2976296310020026,0.3750938917635363,0.3900539801091116,0.46122823168856875,0.1746649151048014,0.15195786556682947,0.002817401678196179,-0.0011846458292403272
2026,14,15566,0.39561762785944743,0.399139149428241,0.30475708079498026,0.37944115822070157,0.3870740594852646,0.4482909565207302,0.1721529853500911,0.15346718466444964,0.003227536989035284,0.00205388669155393
2026,15,13048,0.37613627560345936,0.3756897608828939,0.2818326264445258,0.3594236638122392,0.39728383223928315,0.4506515958060563,0.15681318368989425,0.146775600510576,0.0034620719722475877,-0.01742746556443414
2026,16,11152,0.38406680879263533,0.38190459110473457,0.2872615691708488,0.36757616702992657,0.3840299893025786,0.4310584818274404,0.1516917039118258,0.1484927054764529,0.0037395846069674605,-0.009496932375258171
2026,17,8413,0.3808770671452371,0.3789373588493997,0.2889438704056157,0.3642787726952564,0.377428823158305,0.41552596346230647,0.1485142622513157,0.14473813138961966,0.004305695917304122,-0.012686674022656386
2026,18,4628,0.3719083125197531,0.3651685393258427,0.2920808027689699,0.3603368233994991,0.37465939550019006,0.3957972280248877,0.1385395196352501,0.1504244835564928,0.005716832140035414,-0.021655428648140407
2026,19,2356,0.3600656544984949,0.3561120543293718,0.27427480904209933,0.3487500333551757,0.3904051268494021,0.3968235021008413,0.1278381782580137,0.13973828550868514,0.008026175056814433,-0.033498086669398575
2026,20,972,0.4072187205952872,0.4012345679012346,0.3235216753764764,0.3940662868759775,0.32128191925225963,0.33299315808659014,0.1265212155537442,0.15486156455875438,0.012688683729612424,0.013654979427393688
2026,21,414,0.4022404390976625,0.41304347826086957,0.3202443886700127,0.3953426381919515,0.30906247022417754,0.3219484157099924,0.11718300565433855,0.16397698648422415,0.019420246583615727,0.008676697929768995
2026,23,449,0.4691862355770423,0.47216035634743875,0.38016521729262365,0.45955180844296195,0.26325030694560114,0.3334845141217295,0.16163076882567962,0.1822153425906144,0.018426978663106604,0.07562249440914881
