cycle,weeks_to_election,n,anger,share_angry,negative,anger_dev
2012,0,1139,0.11642152270877813,0.07374890254609306,0.08660172602661359,-0.08186310873784035
2012,1,1267,0.11517261616237338,0.07419100236779795,0.10589717043987854,-0.0831120152842451
2012,2,1060,0.14173629202546095,0.10849056603773585,0.09663872646150302,-0.05654833942115753
2012,3,1181,0.16576286338768098,0.14055884843353092,0.12506093547328956,-0.0325217680589375
2012,4,1081,0.16443095749776523,0.13135985198889916,0.12372217576416204,-0.03385367394885325
2012,5,1144,0.186038432236585,0.15034965034965034,0.1377312836179858,-0.012246199210033476
2012,6,1723,0.21522325026417324,0.18804410911201394,0.14850800559872618,0.016938618817554763
2012,7,1786,0.1934152303471085,0.1629339305711086,0.16186405684483995,-0.004869401099509979
2012,8,1571,0.16055494310161814,0.13049013367281986,0.1672332465988338,-0.037729688345000345
2012,9,798,0.15380161227413305,0.12656641604010024,0.14758111110521963,-0.04448301917248543
2012,10,1174,0.13065591599479687,0.10136286201022146,0.1029475502735456,-0.06762871545182161
2012,11,1008,0.15511474356568966,0.12896825396825398,0.11516104423046475,-0.04316988788092882
2012,12,1096,0.14844041737348834,0.12043795620437957,0.10482816229060073,-0.04984421407313014
2012,13,1694,0.2386943340750132,0.21487603305785125,0.15513438530495266,0.04040970262839472
2012,14,1975,0.22449484030350667,0.2,0.14210804542196515,0.026210208856888184
2012,15,1992,0.20454112821900058,0.1686746987951807,0.1829318091025867,0.006256496772382103
2012,16,1905,0.2690392479060946,0.2388451443569554,0.18005810659577376,0.07075461645947614
2012,17,1203,0.21604716999716406,0.18204488778054864,0.16544832852705832,0.017762538550545576
2012,18,2039,0.25545754324820197,0.22707209416380578,0.1548845683409028,0.05717291180158349
2012,19,1848,0.2306547565456254,0.19480519480519481,0.14178130265755692,0.03237012509900691
2012,20,1696,0.17619761124962746,0.14150943396226415,0.10924669011756294,-0.02208702019699102
2012,21,1802,0.19388081715132144,0.15871254162042175,0.12281697243975359,-0.004403814295297043
2012,22,1731,0.22411916037975174,0.1900635470826112,0.16437522068754637,0.02583452893313326
2012,23,1400,0.16023360448423773,0.12928571428571428,0.11370169029088824,-0.038051026962380746
2012,24,1609,0.2085908173292301,0.18396519577377252,0.12748955610130652,0.010306185882611618
2012,25,1504,0.19212181128975142,0.1668882978723404,0.11858512670392458,-0.00616282015686706
2012,26,1240,0.16681313025126715,0.13225806451612904,0.11553200862601384,-0.03147150119535133
2012,27,1827,0.225528689587135,0.20306513409961685,0.15509387801525443,0.02724405814051653
2012,28,1547,0.16825279017591893,0.13186813186813187,0.11003209324026843,-0.03003184127069955
2012,29,1397,0.19274539622073525,0.15676449534717252,0.14018741056552883,-0.005539235225883232
2012,30,1013,0.1519621917794055,0.11352418558736427,0.11491309337226926,-0.04632243966721297
2012,31,1368,0.246621636855239,0.2185672514619883,0.18388208867171887,0.048337005408620515
2012,32,1735,0.2176331489803189,0.18213256484149856,0.1387101359723769,0.019348517533700427
2012,33,1152,0.18296431072061145,0.1440972222222222,0.12222038657940477,-0.01532032072600703
2012,34,1602,0.17934085226579385,0.1491885143570537,0.11784198935809005,-0.018943779180824627
2012,35,1808,0.19792043169034723,0.16648230088495575,0.14570232643662134,-0.00036419975627124956
2012,36,1407,0.15107064216954377,0.12651030561478321,0.10788458874957157,-0.04721398927707471
2012,37,1467,0.24339244746201213,0.2256305385139741,0.17489667237412035,0.045107816015393654
2012,38,1585,0.23396095818214188,0.20946372239747635,0.1508099135971402,0.0356763267355234
2012,39,1943,0.21935516803554628,0.1914565105506948,0.13460297150428566,0.021070536588927796
2012,40,1766,0.19365991595795004,0.1681766704416761,0.13478967601201092,-0.0046247154886684405
2012,41,2085,0.26573536676450743,0.2489208633093525,0.20415814077471578,0.06745073531788895
2012,42,1088,0.15282746188955465,0.12775735294117646,0.09763706607276725,-0.04545716955706383
2012,43,1119,0.16827881381946005,0.13762287756925826,0.11669486102977246,-0.030005817627158426
2012,45,568,0.26349868939887783,0.23415492957746478,0.17463500575514176,0.06521405795225935
2012,46,1592,0.2820816385421092,0.24748743718592964,0.19825260157257565,0.08379700709549073
2012,47,1792,0.22972513118475035,0.20145089285714285,0.14439099949062698,0.03144049973813187
2012,48,1693,0.18706843363202566,0.15062020082693445,0.1397035281376116,-0.011216197814592821
2012,49,786,0.12648451034484418,0.09287531806615776,0.09494498182747527,-0.0718001211017743
2012,50,1787,0.2028049674241063,0.16452154448796866,0.15918677946414264,0.004520335977487827
2012,51,1462,0.16085615794355287,0.1347469220246238,0.09748270697572406,-0.03742847350306561
2012,52,1442,0.19836687819997362,0.15603328710124825,0.13297202215594886,8.224675335513632e-05
2012,53,1321,0.18488922263238294,0.1514004542013626,0.12754660049142466,-0.013395408814235538
2012,54,1461,0.18242334362953228,0.1457905544147844,0.12380793960086114,-0.015861287817086206
2012,55,1686,0.19999644525066318,0.16725978647686832,0.12759977750922635,0.0017118138040446984
2012,56,1348,0.20064906890017675,0.17210682492581603,0.13104344442431837,0.0023644374535582713
2012,57,1422,0.18824794946818674,0.16033755274261605,0.12199641713962933,-0.010036681978431744
2012,58,1327,0.20073764064274138,0.16729464958553128,0.13691023288330817,0.0024530091961229017
2012,59,1402,0.19714219368809566,0.16619115549215407,0.12111446704066488,-0.001142437758522824
2012,60,1686,0.1554041595668018,0.11684460260972716,0.13945685208683684,-0.04288047187981667
2012,61,885,0.1703615898350622,0.1344632768361582,0.14295471319415748,-0.027923041611556287
2012,62,1032,0.12907499347158252,0.09011627906976744,0.09796689323169024,-0.06920963797503596
2012,63,878,0.16367470251411148,0.14009111617312073,0.1062856830106539,-0.034609928932507
2012,64,865,0.17343431195362627,0.14566473988439307,0.11480197397866852,-0.024850319492992212
2012,65,1163,0.21080290848591068,0.17884780739466896,0.1792862527864214,0.012518277039292203
2012,66,2178,0.25401810359887955,0.21166207529843895,0.19927081186882917,0.05573347215226107
2012,67,1884,0.2603168124179781,0.22452229299363058,0.18023265587391368,0.062032180971359624
2012,68,1561,0.2522578672440287,0.22549647661755284,0.16669708052132526,0.05397323579741023
2012,69,1654,0.2532886866302181,0.2249093107617896,0.1935709088770763,0.055004055183599604
2012,70,1039,0.17569016962633957,0.1530317613089509,0.11860971903980595,-0.02259446182027891
2012,71,1583,0.17913318255125527,0.1301326595072647,0.12807435900857173,-0.019151448895363216
2012,72,1425,0.16955976481271678,0.12842105263157894,0.12405673021042164,-0.028724866633901697
2012,73,1185,0.1542003684492491,0.11561181434599156,0.11365391976536028,-0.044084262997369394
2012,74,1255,0.1887111073267086,0.14581673306772908,0.1388360874563181,-0.009573524119909887
2012,75,1397,0.21051263211611004,0.18468146027201146,0.13353080669197648,0.012228000669491562
2012,76,1597,0.15631875102673573,0.12648716343143393,0.0985940125406823,-0.04196588041988275
2012,77,1533,0.19405347020735883,0.16177429876060012,0.11736421476733984,-0.004231161239259651
2012,78,1407,0.18091485412793357,0.14925373134328357,0.10255259623102031,-0.017369777318684915
2012,79,1247,0.12475176647368225,0.07457898957497995,0.09772701839419379,-0.07353286497293623
2012,80,731,0.14789144723407321,0.1039671682626539,0.09610822553910116,-0.05039318421254527
2012,81,1447,0.24767358600868025,0.21630960608154803,0.1660960779999046,0.04938895456206177
2012,82,1670,0.29227608940508326,0.26107784431137726,0.18484447616512167,0.09399145795846478
2012,83,1564,0.22580528750216536,0.19053708439897699,0.13928981710751148,0.027520656055546877
2012,84,1280,0.1730540423963248,0.14375,0.11987178919735016,-0.025230589050293684
2012,85,1169,0.1848070559245626,0.1514114627887083,0.12490676681842126,-0.01347757552205589
2012,86,1403,0.2256738680792562,0.19814682822523164,0.17068107494132173,0.02738923663263773
2012,87,1121,0.2065995890837425,0.17573595004460305,0.1258729021505259,0.008314957637124032
2012,88,1020,0.1699070376325764,0.13529411764705881,0.121692221383587,-0.02837759381404209
2012,89,1014,0.25985720349224084,0.22879684418145957,0.17808545591985656,0.06157257204562236
2012,90,978,0.2213371885966144,0.18404907975460122,0.1481256118022355,0.023052557149995906
2012,91,908,0.16712914015031072,0.1299559471365639,0.09806689722740423,-0.031155491296307763
2012,92,950,0.15764680632537134,0.11578947368421053,0.10338732047165793,-0.04063782512124714
2012,93,969,0.17693311713830068,0.13415892672858618,0.09047824696957742,-0.021351514308317804
2012,94,482,0.15814038848937237,0.13692946058091288,0.09571507480840828,-0.04014424295724611
2012,95,684,0.13445562183549245,0.09210526315789473,0.12343356371428327,-0.06382900961112603
2014,0,2790,0.11856404456416793,0.08100358422939068,0.09840346384995056,-0.06786530249712773
2014,1,3009,0.13244957850327366,0.10302426055167829,0.1105315100774641,-0.053979768558022
2014,2,3290,0.15234939741695408,0.1182370820668693,0.11200874421850276,-0.03407994964434158
2014,3,3137,0.12093083241020451,0.08479438954415046,0.0947658867162709,-0.06549851465109115
2014,4,3569,0.13345777885105045,0.10311011487811712,0.10885672153008091,-0.05297156821024521
2014,5,3637,0.13611106501376485,0.10530657135001374,0.10229654456922185,-0.050318282047530805
2014,6,4576,0.15498110093573236,0.11953671328671328,0.1080908122102765,-0.031448246125563295
2014,7,4454,0.16656855827128011,0.1317916479568927,0.13301001947894747,-0.019860788790015543
2014,8,3485,0.16616043588921556,0.1285509325681492,0.11957647299166525,-0.0202689111720801
2014,9,2764,0.12943428771788668,0.10130246020260492,0.10703486773817966,-0.05699505934340898
2014,10,3241,0.12623436545137923,0.09595803764270287,0.09781909362916653,-0.06019498160991643
2014,11,3022,0.12883565003963954,0.10357379219060225,0.09261343652514395,-0.05759369702165612
2014,12,2976,0.11192849619755013,0.08434139784946236,0.08301691062578972,-0.07450085086374553
2014,13,4385,0.21640596521164512,0.18905359179019385,0.1499746342587307,0.029976618150349466
2014,14,5133,0.2093088504994031,0.18137541398792129,0.14102853377920616,0.022879503438107435
2014,15,5182,0.22084621338324534,0.19992280972597454,0.16939537477647784,0.03441686632194968
2014,16,1402,0.2221903704454227,0.19686162624821682,0.16795749735336593,0.03576102338412704
2014,17,3439,0.1522491665301922,0.1235824367548706,0.12053888179782933,-0.03418018053110347
2014,18,4925,0.19328711814998747,0.17116751269035532,0.1483579215998076,0.006857771088691816
2014,19,4767,0.18466685562387136,0.15187749108453955,0.12769592070087502,-0.0017624914374242961
2014,20,4096,0.16528912022931763,0.137939453125,0.1147615515753273,-0.021140226831978026
2014,21,4337,0.13794232799769512,0.09983859810929213,0.11674409350771127,-0.048487019063600534
2014,22,4254,0.18966091711789573,0.1622002820874471,0.1462079831284223,0.003231570056600075
2014,23,3947,0.15749124509844223,0.1251583481124905,0.10696001580445257,-0.02893810196285343
2014,24,4842,0.15042802437110692,0.1154481619165634,0.10236042526099115,-0.03600132269018874
2014,25,5283,0.16082113236100745,0.1290933181904221,0.107500517411454,-0.025608214700288207
2014,26,5168,0.16052573358236585,0.12848297213622292,0.11707678144882516,-0.025903613478929804
2014,27,4258,0.14470216335804006,0.11178957256928135,0.11128426459310334,-0.041727183703255594
2014,28,3254,0.1262726613881236,0.10172095881991396,0.09052943192588678,-0.06015668567317206
2014,29,4488,0.18736868244667418,0.1677807486631016,0.14135274293855515,0.0009393353853785202
2014,30,5254,0.19415709027842531,0.1650171298058622,0.13917985342665096,0.007727743217129657
2014,31,4935,0.17231339319102398,0.14265450861195542,0.1208728077089798,-0.014115953870271675
2014,32,4483,0.14695354189683013,0.12424715592237341,0.09573070093002166,-0.03947580516446553
2014,33,4465,0.16323527026236315,0.13303471444568868,0.10756112983024524,-0.02319407679893251
2014,34,4483,0.18748435735027966,0.1592683470890029,0.1290787573299234,0.0010550102889839985
2014,35,4312,0.2078786407090233,0.1843692022263451,0.13460083483609372,0.02144929364772763
2014,36,3497,0.15299193644235676,0.12353445810694881,0.10432366716602488,-0.0334374106189389
2014,37,3044,0.1394111535473055,0.10348226018396846,0.10733941791935717,-0.04701819351399017
2014,38,4339,0.19198749578547392,0.16224936621341324,0.14693450382838766,0.005558148724178258
2014,39,4004,0.18127872686243274,0.15359640359640359,0.1349221036032579,-0.005150620198862921
2014,40,1090,0.1524893037470724,0.11743119266055047,0.1378176246613794,-0.03394004331422326
2014,41,3510,0.17690139231517477,0.14786324786324787,0.12179624177774208,-0.009527954746120892
2014,42,4136,0.19497561213160491,0.15836557059961315,0.14842419720290753,0.008546265070309256
2014,43,2371,0.15440969892417308,0.12020244622522143,0.11978573155724327,-0.032019648137122575
2014,44,887,0.16036893618728842,0.1386696730552424,0.11225686757930312,-0.026060410874007234
2014,45,2248,0.1879386352040611,0.1552491103202847,0.12405811054385565,0.0015092881427654359
2014,46,3594,0.18559225456144932,0.14858096828046743,0.12850565467055464,-0.0008370924998463425
2014,47,3934,0.14620660709795538,0.11921708185053381,0.11371513164350273,-0.040222739963340276
2014,48,2312,0.1413160096121844,0.12067474048442907,0.10772891398778091,-0.04511333744911125
2014,49,3985,0.16821807031239264,0.13676286072772897,0.11226410318520667,-0.01821127674890302
2014,50,4324,0.19925899944785305,0.17067530064754857,0.1451893580228734,0.012829652386557394
2014,51,3491,0.14517366277764648,0.12116871956459467,0.0902523662907903,-0.041255684283649174
2014,52,4115,0.20433543861865147,0.1730255164034022,0.13978091782603394,0.017906091557355813
2014,53,3593,0.23129380917170902,0.20762593932646814,0.16238847435879408,0.04486446211041337
2014,54,3204,0.257945328147311,0.2328339575530587,0.18891079902665495,0.07151598108601537
2014,55,3148,0.3403919651442275,0.3186149936467598,0.2140677057252043,0.15396261808293182
2014,56,4000,0.3993490393398097,0.3935,0.24320288023538889,0.21291969227851404
2014,57,5499,0.4240486812215535,0.4291689398072377,0.27112775579836523,0.23761933416025782
2014,58,4605,0.28394027580077336,0.26666666666666666,0.1902856386350832,0.0975109287394777
2014,59,3921,0.17383726115444914,0.14639122672787555,0.1536121626724034,-0.012592085906846517
2014,60,3099,0.16187412867793785,0.12197483059051308,0.12498438072215949,-0.024555218383357807
2014,61,2774,0.14760770707370388,0.10778658976207642,0.09725615653508526,-0.03882163998759178
2014,62,2819,0.14087102871286442,0.11706278822277404,0.0873159063057746,-0.04555831834843124
2014,63,2467,0.14733426885911158,0.12201053911633564,0.09475753654326254,-0.03909507820218408
2014,64,2550,0.15923049423003605,0.12745098039215685,0.10166004582707697,-0.027198852831259612
2014,65,1444,0.16398425912355535,0.13227146814404434,0.10598506407295948,-0.022445087937740305
2014,66,1689,0.2495504406161161,0.21847246891651864,0.16471480375094877,0.06312109355482043
2014,67,4811,0.2208760607888141,0.19018914986489296,0.14496910333781707,0.03444671372751845
2014,68,4220,0.24061729285790986,0.21919431279620852,0.15936142480940452,0.054187945796614206
2014,69,2845,0.21869844679372066,0.19894551845342706,0.16355159462348562,0.032269099732425005
2014,70,4573,0.21386147348291476,0.1856549311174284,0.15977477503539717,0.027432126421619102
2014,71,4482,0.22200907474123557,0.19321731369924142,0.1515804798299067,0.035579727679939915
2014,72,4839,0.18831061697788276,0.1587104773713577,0.11570344119883941,0.0018812699165871027
2014,73,4092,0.19813239609686983,0.16251221896383186,0.13262403637042997,0.011703049035574176
2014,74,3830,0.17048721308072218,0.13968668407310705,0.11770549797733842,-0.01594213398057348
2014,75,3529,0.15132988806545827,0.12184754888070275,0.0986109326657443,-0.035099458995837385
2014,76,5425,0.2522873835921425,0.2305990783410138,0.17303404804462919,0.06585803653084682
2014,77,4353,0.23970000335605215,0.21341603491844705,0.1561021565928031,0.0532706562947565
2014,78,3519,0.14197957417132392,0.11508951406649616,0.09357571575534457,-0.044449772889971734
2014,79,3418,0.1752146596699079,0.14131070801638385,0.10731216507845377,-0.011214687391387756
2014,80,3252,0.17115823817132947,0.14022140221402213,0.12810148539657815,-0.01527110888996619
2014,81,3709,0.16664970962246078,0.13453761121596117,0.1476724673372418,-0.019779637438834874
2014,82,2761,0.1458841168533502,0.10793190872872148,0.11609240756160993,-0.040545230207945454
2014,83,2027,0.11433108951186566,0.0833744449925999,0.07298202743457095,-0.07209825754943
2014,84,3528,0.17720514841480953,0.15192743764172337,0.11557325481970651,-0.009224198646486131
2014,85,3654,0.19352750773411642,0.16009852216748768,0.1306674496123397,0.007098160672820764
2014,86,3520,0.22086151765146167,0.19886363636363635,0.13706120143582334,0.03443217059016601
2014,87,3975,0.24135943000374724,0.20754716981132076,0.1499404829878319,0.05493008294245158
2014,88,3182,0.2207654639537078,0.19044626021370206,0.16904245876352036,0.034336116892412144
2014,89,3413,0.177993208411568,0.14268971579255788,0.12647914366540178,-0.00843613864972767
2014,90,2697,0.18072440952454888,0.14163885799035966,0.11074892628924492,-0.005704937536746779
2014,91,2260,0.16738177377058902,0.12920353982300886,0.11778864009592752,-0.019047573290706638
2014,92,2435,0.18126693657222653,0.14743326488706365,0.09578886220553887,-0.005162410489069125
2014,93,1896,0.17514841071401727,0.14240506329113925,0.11343781458073196,-0.011280936347278392
2014,94,1494,0.16330396227159574,0.1291834002677376,0.11472987342636609,-0.023125384789699915
2014,95,1684,0.1631231715926467,0.12945368171021376,0.11632832042685425,-0.023306175468648965
2014,96,683,0.250154750872987,0.20790629575402636,0.20057601580552423,0.06372540381169134
2014,97,969,0.23296519811048919,0.20639834881320948,0.16599853893370012,0.04653585104919353
2014,98,1561,0.19694474859677452,0.15951313260730302,0.2104363838682926,0.010515401535478863
2014,99,1381,0.19670712065044724,0.16799420709630702,0.12895683847931885,0.010277773589151579
2014,100,1675,0.18374166905504666,0.14925373134328357,0.122090510126106,-0.0026876780062490002
2014,101,749,0.11240836280399315,0.0787716955941255,0.0676103018280815,-0.07402098425730251
2014,102,1242,0.15545394709228796,0.12399355877616747,0.10425807863804579,-0.030975399969007694
2014,103,969,0.10034415386501849,0.07017543859649122,0.06327961083351162,-0.08608519319627717
2016,0,2109,0.1272907071141239,0.10763394973921289,0.11062113698418466,-0.04819230171841096
2016,1,2191,0.16962056491219632,0.1478776814240073,0.13457358849312667,-0.00586244392033855
2016,2,2103,0.1785799594069253,0.15549215406562053,0.13666331655783398,0.003096950574390439
2016,3,2340,0.14105450617384294,0.11282051282051282,0.1084845406485624,-0.034428502658691934
2016,4,2698,0.1559788094970879,0.13380281690140844,0.13393479645758102,-0.019504199335446976
2016,5,4505,0.19416476004538885,0.1753607103218646,0.15133366561231185,0.01868175121285398
2016,6,6027,0.2108882396585154,0.18865107018417124,0.1587009086438064,0.035405230825980516
2016,7,6272,0.21167334233897997,0.19260204081632654,0.1652762483728872,0.0361903335064451
2016,8,5684,0.19581093485862014,0.1685432793807178,0.16121991040405226,0.02032792602608527
2016,9,3365,0.14372897842355117,0.11857355126300148,0.11511992648237677,-0.0317540304089837
2016,10,4044,0.1287762287492439,0.1006429277942631,0.10845957813974418,-0.04670678008329096
2016,11,3662,0.15361269839628838,0.12807209175314035,0.11841692510762256,-0.021870310436246487
2016,12,3869,0.1621899028021277,0.136986301369863,0.12503248551348572,-0.013293106030407176
2016,13,1222,0.14882394352107753,0.12193126022913257,0.1121697956631848,-0.02665906531145734
2016,14,1301,0.13478320739879848,0.11068408916218293,0.1072294789415281,-0.04069980143373639
2016,15,3489,0.12859253259015335,0.10432788764689023,0.1204133324886007,-0.04689047624238152
2016,16,5766,0.2268658879408797,0.20881026708289976,0.1878125840153395,0.051382879108344826
2016,17,6504,0.2683701556169718,0.25169126691266913,0.20192933017180179,0.09288714678443694
2016,18,4556,0.24181490386627727,0.230684811237928,0.15900655581948145,0.0663318950337424
2016,19,8112,0.3064028802401576,0.29363905325443784,0.18480235084552807,0.13091987140762273
2016,20,5842,0.23064313456842575,0.21465251626155427,0.16089628765937053,0.05516012573589088
2016,21,5835,0.19078986659484828,0.16675235646958012,0.18057383110278089,0.015306857762313414
2016,22,4516,0.1691223419213872,0.14371124889282552,0.14236188738762467,-0.006360666911147672
2016,23,4432,0.16279733406454627,0.13966606498194944,0.12023944941062019,-0.012685674767988597
2016,24,6132,0.21159549019699952,0.18542074363992173,0.1634820873012202,0.036112481364464655
2016,25,5957,0.16362657437864106,0.13278495887191538,0.12134980092203317,-0.01185643445389381
2016,26,4695,0.12057393862611958,0.09478168264110756,0.09621234057794491,-0.05490907020641529
2016,27,5609,0.1649571550306996,0.13603137814227134,0.11707669133246355,-0.010525853801835267
2016,28,5453,0.14249625085512654,0.1116816431322208,0.10659232729554763,-0.032986757977408326
2016,29,6039,0.17474603698074437,0.14853452558370592,0.12638269879453554,-0.0007369718517905022
2016,30,5052,0.16752846730483648,0.13657957244655583,0.12426712583981474,-0.007954541527698394
2016,31,4407,0.14838316370020907,0.12049012933968686,0.11230371826134866,-0.0270998451323258
2016,32,4433,0.16219160829515472,0.13715316941123393,0.1238126934702248,-0.01329140053738015
2016,33,5971,0.17653296673105784,0.14453190420365097,0.13879931413620925,0.0010499578985229685
2016,34,5250,0.16425889667425128,0.13923809523809524,0.12624393016512372,-0.011224112158283589
2016,35,5506,0.14653948896014476,0.12168543407192153,0.11178261364231772,-0.028943519872390105
2016,36,5706,0.15539939523873836,0.12075008762705923,0.11009254702977936,-0.020083613593796512
2016,37,4741,0.16260250247482574,0.13541446952119807,0.1269760571077994,-0.012880506357709126
2016,38,4787,0.16529354552352377,0.13850010444955085,0.13154495584742787,-0.010189463309011104
2016,39,1645,0.17160040388636766,0.14224924012158055,0.14315426916405588,-0.003882604946167212
2016,40,3852,0.1484137920591195,0.11812045690550363,0.11194852399884282,-0.027069216773415367
2016,41,2548,0.18370908841503905,0.1546310832025118,0.14250299064794777,0.008226079582504181
2016,42,3571,0.19954538024446605,0.17698123774852983,0.15603094483272323,0.024062371411931183
2016,43,2858,0.2248684059576952,0.20188943317004898,0.16624566076081923,0.049385397125160324
2016,44,1317,0.2409892008744531,0.2201974183750949,0.17621609016387718,0.06550619204191824
2016,45,844,0.14288189123280928,0.11729857819905214,0.11715147736903293,-0.03260111759972559
2016,46,2088,0.21185512877133197,0.18630268199233715,0.15705732595055297,0.036372119938797104
2016,47,2662,0.19520759211932215,0.16491359879789633,0.14900651311470023,0.01972458328678728
2016,48,3086,0.2110302595813093,0.18049254698639014,0.18757931493662647,0.035547250748774434
2016,49,1698,0.146655834369357,0.1254416961130742,0.11400537892081308,-0.028827174463177868
2016,50,2718,0.2034828576671009,0.17439293598233996,0.15559084497208345,0.02799984883456602
2016,51,2816,0.17446171833969196,0.15056818181818182,0.16231918966766237,-0.0010212904928429134
2016,52,2892,0.19332879668270414,0.1690871369294606,0.14616985976230112,0.01784578785016927
2016,53,2948,0.18833726513055135,0.16485753052917232,0.14223955309764372,0.012854256298016481
2016,54,3282,0.23248469679680805,0.21267519804996954,0.17336019494900387,0.057001687964273184
2016,55,2433,0.16544343127022726,0.13727907932593506,0.11835847328183216,-0.010039577562307611
2016,56,2568,0.1827907621163463,0.14914330218068536,0.13443385514342213,0.007307753283811419
2016,57,2955,0.19153291808800574,0.16548223350253807,0.17025700312173986,0.016049909255470868
2016,58,3010,0.1406421769841998,0.1132890365448505,0.10271242139271176,-0.03484083184833506
2016,59,3150,0.20816285914578844,0.1946031746031746,0.14051444409470562,0.03267985031325357
2016,60,3045,0.23795840957535397,0.22167487684729065,0.1952007542454526,0.0624754007428191
2016,61,1813,0.15695839013464613,0.13072255929398788,0.11889700569533238,-0.01852461869788874
2016,62,3425,0.12293455677113775,0.09313868613138686,0.10860761531222489,-0.05254845206139712
2016,63,3719,0.1219721639739351,0.09626243613874698,0.0928618102425218,-0.053510844858599776
2016,64,3580,0.12272474602874181,0.09804469273743016,0.0947020033781232,-0.05275826280379306
2016,65,3909,0.15405878741804002,0.12177027372729599,0.10481447919451944,-0.02142422141449485
2016,66,4946,0.19319252267347523,0.16902547513141933,0.1264258752521412,0.017709513840940355
2016,67,5920,0.20731660254736986,0.17702702702702702,0.1385780572635102,0.03183359371483499
2016,68,5992,0.16628535255880372,0.13818424566088117,0.13715634226971302,-0.009197656273731147
2016,69,6926,0.19302347801035954,0.16618538839156802,0.14360001162043806,0.017540469177824675
2016,70,3905,0.12106145076327283,0.09244558258642765,0.08776580258233833,-0.054421558069262035
2016,71,5394,0.18250357695037833,0.15257693733778271,0.12737242025192208,0.007020568117843462
2016,72,5372,0.1538477774913775,0.12230081906180193,0.13243690320462345,-0.021635231341157357
2016,73,4576,0.17334474742549336,0.1466346153846154,0.11998919802135788,-0.002138261407041514
2016,74,858,0.18455526569265535,0.15734265734265734,0.14034464668239943,0.009072256860120476
2016,75,4407,0.16020985616724798,0.12502836396641706,0.12374798397299339,-0.015273152665286893
2016,76,4403,0.14265354124935145,0.11333181921417215,0.10332232136758701,-0.03282946758318342
2016,77,5873,0.16156725653751838,0.1314490039162268,0.12066704208976337,-0.013915752295016487
2016,78,5324,0.11734409060650719,0.08602554470323065,0.08439976325468353,-0.05813891822602768
2016,79,5758,0.13666233776306094,0.10698159083014935,0.0911804098819815,-0.03882067106947393
2016,80,5647,0.1335117278222888,0.10518859571453869,0.09547332523043528,-0.04197128101024608
2016,81,5472,0.17876778286686018,0.15186403508771928,0.12308389366333689,0.0032847740343253107
2016,82,4797,0.14219155235664308,0.10381488430268918,0.10015294439900878,-0.033291456475891795
2016,83,3509,0.11002656959284422,0.08207466514676547,0.08099588364447383,-0.06545643923969065
2016,84,4899,0.14649540214710186,0.11553378240457236,0.10066878995765932,-0.028987606685433015
2016,85,5632,0.17261687692106617,0.14133522727272727,0.1152152993296237,-0.0028661319114687
2016,86,4867,0.14676804984774297,0.11752619683583317,0.09738353027355841,-0.0287149589847919
2016,87,4509,0.16110288273611487,0.1301840762918607,0.10604698531547332,-0.014380126096420004
2016,88,6281,0.22156908555866583,0.1999681579366343,0.14955682412705018,0.046086076726130965
2016,89,4475,0.1890202442143508,0.16849162011173185,0.13061075146300927,0.01353723538181592
2016,90,2676,0.16620476784895247,0.13863976083707025,0.11049021162454287,-0.009278240983582403
2016,91,309,0.17891298340555148,0.1262135922330097,0.13615256532820236,0.0034299745730166087
2016,92,2295,0.16262923862271758,0.12113289760348583,0.10206954339630739,-0.012853770209817289
2016,93,6587,0.18651700782271066,0.15166236526491575,0.1331443793385271,0.011033998990175792
2016,94,3899,0.15535971032759874,0.12952038984354963,0.09690294357442275,-0.020123298504936132
2016,95,4603,0.17770775517619955,0.1516402346295894,0.12674057764936358,0.0022247463436646797
2016,96,1552,0.09608198962169555,0.07474226804123711,0.0623071324401271,-0.07940101921083932
2016,97,1125,0.10744617284875776,0.08711111111111111,0.08749026073163582,-0.0680368359837771
2016,98,2231,0.13790951691330372,0.11385029134917078,0.10326535549913986,-0.03757349191923115
2016,99,3618,0.17875140897612793,0.1517412935323383,0.12659011212313812,0.0032684001435930587
2016,100,3552,0.1859225475721335,0.16103603603603603,0.1329741558604567,0.01043953873959863
2016,101,2250,0.11900099801913731,0.09155555555555556,0.09758318118078427,-0.05648201081339756
2016,102,3863,0.2297184851630286,0.19751488480455603,0.1558917004264828,0.05423547633049372
2016,103,1220,0.1992934679188842,0.16885245901639345,0.16686606226521392,0.023810459086349323
2016,104,498,0.13888591644073645,0.10240963855421686,0.09151879010918872,-0.036597092391798425
2018,0,4529,0.23442219015716526,0.21991609626849193,0.1732702975413894,-0.04960926966309076
2018,1,5337,0.29973240631902287,0.29567172568858907,0.256274269384871,0.015700946498766855
2018,2,4737,0.31374277165802483,0.3086341566392231,0.238558740264181,0.029711311837768817
2018,3,5490,0.24494174939710883,0.23060109289617486,0.19233757821558456,-0.039089710423147184
2018,4,5163,0.28385041703733593,0.2707728065078443,0.23458434877549278,-0.00018104278292008225
2018,5,5796,0.28822047514536464,0.27346445824706694,0.22513911773040446,0.004189015325108625
2018,6,5263,0.26578808884153543,0.2546076382291469,0.2160408039029713,-0.018243370978720586
2018,7,6223,0.2386981801095606,0.21918688735336656,0.1957229463154092,-0.04533327971069542
2018,8,5854,0.2583982688516409,0.245473180731124,0.2087395492990002,-0.025633190968615105
2018,9,3850,0.30731215478501633,0.29688311688311686,0.23461792252074878,0.023280694964760318
2018,10,5129,0.2570209485357222,0.2341587054006629,0.20315983710681348,-0.0270105112845338
2018,11,4704,0.2773753176916958,0.2674319727891156,0.212112885040029,-0.006656142128560194
2018,12,4412,0.26489820899511496,0.2567996373526745,0.20080325533469945,-0.019133250825141057
2018,13,4857,0.2693786339519673,0.2575663990117356,0.19941093858809567,-0.0146528258682887
2018,14,5690,0.30819698890027886,0.2992970123022847,0.2268156047141988,0.02416552908002284
2018,15,6177,0.3305424680910062,0.3270195887971507,0.24228444473563668,0.046511008270750165
2018,16,6630,0.3939554746518386,0.39577677224736046,0.29379433932347887,0.1099240148315826
2018,17,4455,0.317601095223653,0.3149270482603816,0.24289074811413383,0.03356963540339697
2018,18,6054,0.30012091935608726,0.2998017839444995,0.2330974485122666,0.01608945953583124
2018,19,6644,0.37660648761210463,0.37612883804936786,0.291250909441129,0.09257502779184862
2018,20,7111,0.3496629180917874,0.3453803965686964,0.2654530860141751,0.06563145827153138
2018,21,1568,0.3586254628409028,0.3494897959183674,0.29363266394054277,0.07459400302064678
2018,22,4547,0.28452019100590525,0.2766659335825819,0.2166783823308086,0.0004887311856492382
2018,23,4768,0.24784287068324443,0.23594798657718122,0.19123275938137957,-0.03618858913701159
2018,24,6523,0.28545699209356334,0.2753334355357964,0.23075869464299484,0.0014255322733073283
2018,25,6002,0.2431331351530927,0.22892369210263244,0.17439716186134147,-0.04089832466716331
2018,26,5507,0.2571096353952281,0.24804793898674415,0.1955213281478306,-0.02692182442502794
2018,27,5823,0.23752692195160785,0.21775716984372318,0.17956509940221774,-0.046504537868648166
2018,28,6179,0.2466268645988578,0.23563683443922964,0.1983507090402716,-0.03740459522139822
2018,29,6687,0.3183513816865767,0.31179901301031854,0.23341269749841204,0.03431992186632066
2018,30,5073,0.26093231857540966,0.24462842499507195,0.19821024023504907,-0.023099141244846355
2018,31,4569,0.2259333080150029,0.21339461588969139,0.17612456651076835,-0.05809815180525313
2018,32,6122,0.2631821636433358,0.24779483828814114,0.19160082882968252,-0.020849296176920218
2018,33,4246,0.2603020347951807,0.2531794630240226,0.2213288163567624,-0.0237294250250753
2018,34,4233,0.2428609749284447,0.22135601228443186,0.17901480458816524,-0.041170484891811326
2018,35,5630,0.24535031571300273,0.23019538188277086,0.18004897687171437,-0.03868114410725329
2018,36,4858,0.2556155021803721,0.23734046932894196,0.18789675834162345,-0.028415957639883915
2018,37,4493,0.2840928694428352,0.2706432227910082,0.25626147667032284,6.140962257916716e-05
2018,38,5079,0.2774926822342464,0.2650127977948415,0.21387651115575906,-0.006538777586009625
2018,39,6064,0.29492396963746437,0.28149736147757254,0.22797634064962924,0.010892509817208351
2018,40,5328,0.2761956699620866,0.26407657657657657,0.20173658131946334,-0.007835789858169406
2018,41,6454,0.44133331335236575,0.4480942051440967,0.31676010840452035,0.15730185353210974
2018,42,4598,0.27570662123004075,0.25967812092214004,0.1979460577122514,-0.008324838590215267
2018,43,4171,0.286761519440734,0.27307600095900264,0.22136204844465218,0.002730059620478009
2018,44,1879,0.2085863909777799,0.18573709419904205,0.16040751734083572,-0.07544506884247612
2018,45,3475,0.2988121168788442,0.28575539568345326,0.2230462175015052,0.014780657058588165
2018,46,5203,0.34679523128584777,0.341533730540073,0.2698354421541417,0.06276377146559176
2018,47,5023,0.2847552161232967,0.27314353971730043,0.2101653865522314,0.000723756303040668
2018,48,5219,0.37930938925788243,0.37440122628856104,0.2791648097362167,0.09527792943762642
2018,49,2766,0.25146848549871065,0.24150397686189443,0.19280936851705588,-0.03256297432154537
2018,50,5017,0.3173211251500788,0.30516244767789513,0.24190246478336036,0.033289665329822804
2018,51,5415,0.276163773771783,0.26223453370267774,0.20189997137306837,-0.007867686048472988
2018,52,5884,0.2958103014736874,0.2787219578518015,0.24401441908768018,0.011778841653431404
2018,53,5266,0.273228495666864,0.25275351310292443,0.2144989038975561,-0.010802964153391992
2018,54,5423,0.2580874643767953,0.2417481099022681,0.18650865970795238,-0.02594399544346071
2018,55,8270,0.24538403664976854,0.2135429262394196,0.1936972591415624,-0.03864742317048747
2018,56,6603,0.2693116554847461,0.2483719521429653,0.20356280932211188,-0.0147198043355099
2018,57,7438,0.23368454101016137,0.21040602312449583,0.21516213106374568,-0.05034691881009465
2018,58,7194,0.3002210458677352,0.29149291075896583,0.24261407967377902,0.016189586047479165
2018,59,6956,0.23658386638822235,0.21751006325474412,0.18641919773472496,-0.04744759343203367
2018,60,6341,0.17576072940130996,0.14209115281501342,0.15353289434288717,-0.10827073041894605
2018,61,4787,0.23877872203231396,0.22185084604136202,0.1752733717576491,-0.04525273778794206
2018,62,5645,0.22043490172425687,0.20283436669619131,0.17076044360920623,-0.06359655809599915
2018,63,5519,0.26530215465521917,0.2491393368363834,0.20670473547230703,-0.018729305165036847
2018,64,4824,0.32724279236555437,0.31923714759535654,0.2556715857831696,0.04321133254529835
2018,65,4874,0.19494085197551364,0.17029134181370537,0.1452696044219297,-0.08909060784474238
2018,66,6242,0.3022021612605138,0.28965075296379367,0.2248939522436685,0.018170701440257786
2018,67,6479,0.29762054208006583,0.2883160981632968,0.21983774837967246,0.013589082259809815
2018,68,6980,0.30814041220796506,0.2981375358166189,0.2220004587200234,0.02410895238770905
2018,69,4496,0.28113367231146374,0.2733540925266904,0.22363147625229784,-0.002897787508792271
2018,70,4335,0.2883241691167929,0.2795847750865052,0.21519923858562615,0.004292709296536912
2018,71,6877,0.3292515253626765,0.3185982259706267,0.26559636270638315,0.04522006554242047
2018,72,6311,0.23824719431291516,0.22009190302646173,0.19747628365003453,-0.045784265507340854
2018,73,5801,0.3000367061818432,0.28805378383037405,0.22438396117595788,0.016005246361587178
2018,74,3598,0.29737088508602944,0.2884936075597554,0.25730692546748934,0.01333942526577342
2018,75,4422,0.2980479804548544,0.2885572139303483,0.23439461518389326,0.014016520634598406
2018,76,5704,0.2994212000154032,0.288218793828892,0.22987300852195836,0.015389740195147161
2018,77,5178,0.3142947439345243,0.30764774044032445,0.22293674187200443,0.030263284114268263
2018,78,5194,0.37436204944237167,0.3725452445128995,0.2945770964015222,0.09033058962211565
2018,79,6022,0.2886628543635461,0.27930919960146133,0.19852951291325457,0.0046313945432900905
2018,80,4066,0.22176483292883906,0.20536153467781604,0.1657544424913918,-0.06226662689141696
2018,81,3549,0.21539575417932028,0.20484643561566637,0.17294766724599847,-0.06863570564093574
2018,82,5034,0.27308785420080056,0.25804529201430276,0.1973707396679405,-0.010943605619455454
2018,83,5260,0.27681149387463905,0.26102661596958177,0.1983765828098523,-0.0072199659456169685
2018,84,5931,0.39319148914905144,0.3958860225931546,0.29891037221824385,0.10916002932879543
2018,85,5874,0.3475423713958612,0.34235614572693224,0.26223421108585987,0.06351091157560518
2018,86,5835,0.33736953760146926,0.33161953727506427,0.25752877497027254,0.053338077781213244
2018,87,6025,0.3151965405808615,0.3055601659751037,0.22847169447071944,0.03116508076060548
2018,88,4887,0.2670628027769398,0.25025578064252096,0.1800786328992316,-0.016968657043316238
2018,89,4444,0.3207019421676028,0.310981098109811,0.22614112129636338,0.03667048234734677
2018,90,4629,0.3250207593339097,0.3158349535536833,0.21746159710722016,0.04098929951365371
2018,91,5362,0.32774259978656944,0.3217083177918687,0.21907579274902816,0.04371113996631343
2018,92,5538,0.3833000053871176,0.37703141928494044,0.252896628986206,0.0992685455668616
2018,93,5208,0.26506303420253513,0.25364823348694315,0.19235912844397507,-0.018968425617720885
2018,94,4514,0.2748037035722248,0.26074435090828535,0.19290834742147017,-0.009227756248031238
2018,95,5055,0.30817722572422745,0.29891196834817013,0.2115518110275612,0.02414576590397144
2018,96,1780,0.22566324219727638,0.2140449438202247,0.15393545419145166,-0.05836821762297964
2018,97,1816,0.23738057857009046,0.2263215859030837,0.17621072668529378,-0.04665088125016556
2018,98,3412,0.20670129137019794,0.18200468933177022,0.15917242091228384,-0.07733016845005808
2018,99,4724,0.18342112599243943,0.16024555461473328,0.13275018173494577,-0.10061033382781659
2018,100,4154,0.1787081404671958,0.15286470871449206,0.1224877983262739,-0.10532331935306022
2018,101,1962,0.16672541148069142,0.14831804281345565,0.13160323528887985,-0.1173060483395646
2018,102,2252,0.20286825903030492,0.18294849023090587,0.15363980704566674,-0.0811632007899511
2018,103,1897,0.16227542460760083,0.14443858724301528,0.12210330700449146,-0.12175603521265518
2020,0,10576,0.23821464565825795,0.2174735249621785,0.1963251059321248,-0.06187464796131825
2020,1,12096,0.3327474493290494,0.3296957671957672,0.2844124455004305,0.032658155709473224
2020,2,10320,0.3076666521664949,0.2956395348837209,0.25390073914489103,0.007577358546918711
2020,3,9981,0.32275349691035443,0.31650135256988277,0.265629417882885,0.02266420329077823
2020,4,10974,0.30191884215637116,0.2890468379806816,0.2593422227867491,0.001829548536794956
2020,5,12184,0.31769913120011206,0.30983256730137887,0.24648620488442344,0.01760983758053586
2020,6,12157,0.26458393441268957,0.2509665213457267,0.22639784714684377,-0.03550535920688663
2020,7,10665,0.287777177480159,0.2754805438349742,0.27465592693740287,-0.012312116139417184
2020,8,7868,0.29458415968421503,0.28380782918149466,0.25960416984764495,-0.005505133935361173
2020,9,8331,0.30088605124873624,0.29384227583723443,0.26763313389458293,0.0007967576291600387
2020,10,10233,0.3339057692283056,0.32268152057070265,0.272433403637495,0.03381647560872941
2020,11,10045,0.34720752890388196,0.3412643106022897,0.27705542796207155,0.047118235284305754
2020,12,9655,0.32373726930134555,0.31413775245986536,0.2884263239232358,0.02364797568176935
2020,13,11433,0.31945878733297733,0.3103297472229511,0.28572096370210903,0.01936949371340113
2020,14,11523,0.34721084486064824,0.3427058925627007,0.2820542172689257,0.047121551241072035
2020,15,10497,0.3171965098994445,0.30875488234733733,0.27032970005091034,0.017107216279868276
2020,16,9389,0.3373682186703983,0.32655234849291725,0.28147025781628,0.03727892505082209
2020,17,8887,0.28163633988068787,0.2692697198154608,0.24137217534797406,-0.018452953738888334
2020,18,11148,0.3687276840157121,0.36499820595622534,0.2918060783228403,0.0686383903961359
2020,19,10389,0.30320540293171755,0.29386851477524306,0.23063942866271198,0.0031161093121413463
2020,20,9536,0.3125014275073831,0.302118288590604,0.25096903519978936,0.012412133887806875
2020,21,9636,0.3441198856217343,0.34205064342050645,0.2519048263481258,0.04403059200215809
2020,22,9982,0.38296580221867843,0.38108595471849327,0.3302849500298047,0.08287650859910223
2020,23,8478,0.2404515109105463,0.2221042698749705,0.22014605383534444,-0.05963778270902989
2020,24,10714,0.2755437481851384,0.25900690685084937,0.24648618821131474,-0.02454554543443782
2020,25,11296,0.24372788297904774,0.22211402266288952,0.2205312003453135,-0.056361410640528464
2020,26,10710,0.22366448683515505,0.200093370681606,0.1978313018772701,-0.07642480678442115
2020,27,11296,0.2172965778091249,0.19378541076487252,0.19795050252625732,-0.0827927158104513
2020,28,11980,0.2596217809548175,0.23430717863105174,0.24140465111156964,-0.040467512664758676
2020,29,11225,0.1975083844278854,0.16953229398663697,0.1842085398996004,-0.1025809091916908
2020,30,11976,0.21134908902804125,0.18219772879091517,0.1907735790601116,-0.08874020459153495
2020,31,12398,0.1722565277278909,0.13849007904500726,0.1664566734338671,-0.1278327658916853
2020,32,15957,0.21040501993002675,0.17741430093375948,0.1936758006652673,-0.08968427368954945
2020,33,11943,0.19632261196424075,0.15707946077200033,0.18273858964807144,-0.10376668165533545
2020,34,9998,0.22564098525919604,0.20444088817763553,0.18022690850159845,-0.07444830836038016
2020,35,10338,0.26337196340321023,0.2488875991487715,0.216869673343846,-0.03671733021636597
2020,36,7381,0.2724784041960951,0.26364991193605203,0.21049213612850967,-0.02761088942348111
2020,37,7997,0.2935158421402026,0.2844816806302363,0.23347146678873018,-0.006573451479373604
2020,38,12785,0.3461078346054236,0.34438795463433713,0.2583077503367257,0.0460185409858474
2020,39,10402,0.3464267096569333,0.34397231301672754,0.2479361092098774,0.04633741603735708
2020,40,10789,0.3956721115443926,0.39938826582630454,0.28913919975463315,0.09558281792481638
2020,41,8334,0.34813528968731333,0.34269258459323254,0.24010311691585795,0.04804599606773713
2020,42,9065,0.3570849672664148,0.3534473248758963,0.27336594069651926,0.05699567364683861
2020,43,5643,0.38647054990823837,0.39677476519581784,0.31669400652208973,0.08638125628866217
2020,44,4197,0.24963846388132033,0.243269001667858,0.2149203229003058,-0.050450829738255876
2020,45,10437,0.3777143967495759,0.37779055284085467,0.2674945101921244,0.0776251031299997
2020,46,13564,0.3490585715217145,0.3391329991153052,0.2469082493044657,0.048969277902138286
2020,47,14235,0.38317313373933143,0.3843343870741131,0.28239180141160986,0.08308384011975523
2020,48,6547,0.2637988418504344,0.252940277989919,0.20220932812707249,-0.03629045176914181
2020,49,11836,0.33048010951347684,0.3213923622845556,0.2383179041249668,0.030390815893900636
2020,50,13923,0.3760761555949091,0.37484737484737485,0.27852664224492474,0.07598686197533289
2020,51,9580,0.23968595372071094,0.23079331941544884,0.1732502328656701,-0.06040333989886526
2020,52,11032,0.31825520809233476,0.3107324147933285,0.24334141122710737,0.01816591447275856
2020,53,12403,0.3119890346693753,0.29831492380875596,0.23553865270675126,0.011899741049799073
2020,54,11269,0.34548517718716293,0.34173396042239773,0.26471077657702285,0.045395883567586726
2020,55,6778,0.31641135928668984,0.31380938329890823,0.2422088326049473,0.01632206566711364
2020,56,7298,0.31990817655302217,0.3173472184160044,0.23907712101843023,0.01981888293344597
2020,57,8394,0.3483095733092267,0.3451274720038123,0.26396533208772577,0.04822027968965048
2020,58,9180,0.3152083560893635,0.3089324618736383,0.24866572650760582,0.015119062469787281
2020,59,8569,0.29203853868876767,0.2852141440074688,0.23596644750230417,-0.008050754930808535
2020,60,7578,0.2835499120317436,0.27381894959092107,0.2422752832731339,-0.01653938158783258
2020,61,6072,0.2418511241855565,0.22842555994729907,0.21600257055583544,-0.058238169434019715
2020,62,6037,0.25935407759778634,0.2506211694550273,0.22009264417012525,-0.040735216021789866
2020,63,5862,0.29252567719387734,0.28710337768679633,0.23652441249379666,-0.00756361642569886
2020,64,6052,0.28523520418922604,0.27709847984137476,0.23786438530451334,-0.01485408943035016
2020,65,6759,0.3201946627731304,0.31395176801301966,0.28988994689473163,0.02010536915355421
2020,66,8446,0.33148118322662234,0.3248875207198674,0.23734832754309002,0.03139188960704614
2020,67,8293,0.3048630790546818,0.2960327987459303,0.23434738983861111,0.004773785435105593
2020,68,9612,0.3484043384659175,0.34176029962546817,0.26843557774165555,0.048315044846341304
2020,69,5869,0.2851575068557566,0.283012438234793,0.22279164675962726,-0.014931786763819621
2020,70,9123,0.31671028951013297,0.30976652416968103,0.2374504684026664,0.016620995890556767
2020,71,9677,0.31225338907437616,0.3042265164823809,0.2377201989048767,0.012164095454799961
2020,72,9157,0.2799196448050729,0.2702850278475483,0.2209226915767054,-0.020169648814503283
2020,73,8921,0.2597922235349655,0.24604864925456787,0.2062551948157289,-0.0402970700846107
2020,74,8254,0.260787172936752,0.24897019626847589,0.2128739631743533,-0.03930212068282418
2020,75,7608,0.27401939550315896,0.26353838065194535,0.20901742568571463,-0.026069898116417245
2020,76,9641,0.2945371209850506,0.28835183072295406,0.20953373242848694,-0.005552172634525621
2020,77,9202,0.27278538645221656,0.2628776352966746,0.20968320481961428,-0.027303907167359642
2020,78,7453,0.28968776609179037,0.2867301757681471,0.23432703516381856,-0.010401527527785837
2020,79,4579,0.24593333189025257,0.2336754749945403,0.20571370951150594,-0.05415596172932363
2020,80,6752,0.266637591280634,0.25148104265402843,0.20756631800043823,-0.03345170233894218
2020,81,7459,0.2716766517143759,0.25995441748223624,0.20493095346757786,-0.02841264190520032
2020,82,8032,0.2933986381350727,0.2863545816733068,0.21113842922767728,-0.006690655484503483
2020,83,8753,0.2929701716185304,0.2812749914315092,0.2088087931153792,-0.007119122001045808
2020,84,7994,0.28512670487083436,0.2704528396297223,0.20238563781779945,-0.014962588748741845
2020,85,8084,0.28053165045331263,0.27164769915883225,0.21799083333877936,-0.019557643166263572
2020,86,9585,0.29868113096722293,0.2896191966614502,0.21259798421733977,-0.001408162652353273
2020,87,8520,0.2826480260583137,0.269131455399061,0.1989250926148874,-0.01744126756126252
2020,88,7110,0.29639368860772125,0.28917018284106893,0.21365959602102746,-0.003695605011854952
2020,89,7750,0.29852455954674273,0.28774193548387095,0.24386235815554017,-0.0015647340728334735
2020,90,10879,0.2616545478381461,0.24616233109660815,0.1931190518878278,-0.03843474578143008
2020,91,8228,0.26417158917447175,0.2495138551288284,0.19773879321154092,-0.03591770444510445
2020,92,8474,0.38067540345931217,0.38057587915978286,0.2802592151847998,0.08058610983973596
2020,93,8511,0.36601330044215596,0.36399953001997415,0.27411624069124885,0.06592400682257976
2020,94,9274,0.43407247595592763,0.43918481777011,0.31558967172706714,0.13398318233635143
2020,95,6848,0.3502714621076125,0.352803738317757,0.2509779044883578,0.050182168488036305
2020,96,2004,0.35466684468049636,0.3597804391217565,0.2850764444598741,0.05457755106092016
2020,97,4731,0.3911886589387654,0.3937856689917565,0.3020072879343884,0.09109936531918922
2020,98,5459,0.3198371492670025,0.3119618977834768,0.26029535148873767,0.019747855647426316
2020,99,4653,0.2628304474192373,0.2523103374167204,0.209978371506336,-0.037258846200338924
2020,100,5541,0.24161239634525986,0.23064428803465079,0.20008370886245272,-0.05847689727431635
2020,101,3193,0.2750381757729829,0.2605699968681491,0.23545051776592418,-0.025051117846593307
2020,102,4465,0.2763962574176436,0.26651735722284436,0.22180879855925303,-0.023693036201932582
2020,103,3863,0.23437669323750057,0.22443696608853222,0.19310824328683857,-0.06571260038207563
2022,0,6155,0.26470578757381774,0.2562144597887896,0.20849835677781678,-0.04580502662806435
2022,1,5759,0.3178939374201265,0.3186317068935579,0.26967678955209284,0.007383123218244414
2022,2,5278,0.32215028842559984,0.32038651004168245,0.2679620478305218,0.01163947422371775
2022,3,5193,0.31433640923925843,0.31349894088195646,0.2579691332482505,0.003825595037376339
2022,4,4458,0.3123115186158362,0.3158366980708838,0.24583407802035248,0.001800704413954135
2022,5,4694,0.2926139560145968,0.28674904132935664,0.2445768538188776,-0.017896858187285314
2022,6,4882,0.33884226652747423,0.3381810733306022,0.2661263816395959,0.028331452325592144
2022,7,4814,0.3331841820617654,0.3323639385126714,0.26879542494740893,0.02267336785988333
2022,8,4153,0.3485255840557607,0.3486636166626535,0.31128675775974046,0.03801476985387858
2022,9,3336,0.34722198846630475,0.3456235011990408,0.29273057031798083,0.036711174264422664
2022,10,3719,0.3524999542739172,0.35358967464372143,0.2889260468230643,0.041989140072035136
2022,11,3071,0.3338670230817683,0.3262780853142299,0.2772469034594584,0.02335620887988621
2022,12,3939,0.3807974303683621,0.376999238385377,0.3033768285957727,0.07028661616648002
2022,13,9834,0.3500689387236049,0.34482407972340856,0.29803263119516415,0.039558124521722804
2022,14,10842,0.3557410257992765,0.35251798561151076,0.29141472247775047,0.04523021159739443
2022,15,9887,0.35067358946178456,0.3497521998583999,0.28252791650798276,0.04016277525990247
2022,16,11390,0.3728865576501407,0.3735733099209833,0.2983309321214741,0.062375743448258636
2022,17,8396,0.336275570853864,0.3338494521200572,0.28636617965073596,0.025764756651981913
2022,18,7766,0.34322731190452466,0.3480556270924543,0.29574792322469845,0.032716497702642566
2022,19,11537,0.35428760022496425,0.34601716217387535,0.28615136117261664,0.04377678602308216
2022,20,9438,0.2957307929862131,0.28586564950201315,0.23852477632415367,-0.014780021215669015
2022,21,11490,0.35748206497414414,0.35013054830287205,0.3012471092308428,0.04697125077226205
2022,22,8671,0.3140053074754729,0.3084995963556683,0.27755751946089874,0.003494493273590804
2022,23,7156,0.3040008747628346,0.2994689770821688,0.29787414770142856,-0.006509939439047485
2022,24,9947,0.34745277030161936,0.3485473006936765,0.3048471878151529,0.03694195609973727
2022,25,11474,0.3510651689070912,0.35210040090639705,0.30258981205070257,0.04055435470520913
2022,26,9796,0.2897998472698879,0.28174765210289915,0.23710441072732175,-0.0207109669319942
2022,27,10671,0.3426465322977893,0.3393308968231656,0.2749668970418381,0.032135718095907206
2022,28,8559,0.2826145978398357,0.2740974412898703,0.2314431334963089,-0.027896216362046367
2022,29,8162,0.27974910108124734,0.2765253614310218,0.2152096725457613,-0.03076171312063475
2022,30,9914,0.3322208270808251,0.32711317329029654,0.2623830724735657,0.02171001287894303
2022,31,11393,0.32713441158714585,0.3203721583428421,0.25925738845850715,0.016623597385263755
2022,32,10034,0.30725371911553734,0.30506278652581226,0.23277073658513567,-0.0032570950863447523
2022,33,11014,0.31164857958256925,0.3072453241329217,0.226334554657733,0.0011377653806871613
2022,34,11333,0.3482409760550793,0.34880437659931174,0.2662710082942675,0.03773016185319722
2022,35,14585,0.35382399963874933,0.3523483030510799,0.24556223418337958,0.04331318543686724
2022,36,12710,0.40092766724640827,0.4115656963021243,0.28982478743114043,0.09041685304452618
2022,37,8736,0.3353808540490545,0.3349358974358974,0.26184145938348413,0.024870039847172398
2022,38,10330,0.34014148655611687,0.33862536302032914,0.2734172129862926,0.029630672354234777
2022,39,11726,0.34627893718478797,0.3427426232304281,0.27647215620004695,0.03576812298290588
2022,40,10166,0.2921420002112073,0.2837891009246508,0.24151165681697637,-0.018368813990674804
2022,41,10599,0.3355492527115526,0.3308802717237475,0.2656792728345905,0.025038438509670524
2022,42,10096,0.3282018426892723,0.3216125198098257,0.2564906531270617,0.017691028487390237
2022,43,9394,0.347107761385455,0.34032361081541407,0.30469471524036906,0.036596947183572925
2022,44,6065,0.258035997769727,0.24600164880461664,0.2193911843743714,-0.05247481643215507
2022,45,6560,0.21471379230877174,0.20045731707317074,0.1827243427212191,-0.09579702189311035
2022,46,12095,0.2796707402671825,0.26746589499793305,0.23266695366088383,-0.030840073934699563
2022,47,13990,0.3156458839284505,0.3080771979985704,0.26345882849094027,0.005135069726568409
2022,48,14459,0.2874992546950938,0.2797565530119649,0.24402212836376183,-0.023011559506788293
2022,49,9272,0.22933864003576993,0.2143011216566005,0.20379862965097068,-0.08117217416611217
2022,50,15925,0.30099265042307904,0.2943171114599686,0.24837755892927987,-0.009518163778803046
2022,51,13125,0.22518340588942878,0.2153904761904762,0.18753475133550487,-0.0853274083124533
2022,52,14301,0.3062747097571895,0.2992797706454094,0.24026488727677509,-0.004236104444692579
2022,53,13472,0.3116527328890315,0.303666864608076,0.26323122917284847,0.0011419186871494125
2022,54,13400,0.34091410344348416,0.3362686567164179,0.2756359940807903,0.03040328924160207
2022,55,11244,0.27607860707404813,0.2664532194948417,0.2389595137328438,-0.03443220712783396
2022,56,9905,0.304664543336389,0.30015143866733973,0.25649045069675175,-0.005846270865493108
2022,57,11919,0.32854442113415594,0.3184830942193137,0.278830207059857,0.01803360693227385
2022,58,12544,0.34004098704166125,0.3346619897959184,0.26961630217942445,0.029530172839779156
2022,59,11833,0.3212855338331633,0.31919208991802583,0.2696978239835257,0.010774719631281182
2022,60,11876,0.29294397416560664,0.284523408555069,0.26998549653513726,-0.017566840036275455
2022,61,9380,0.2904194793410734,0.2814498933901919,0.2684331148055999,-0.020091334860808663
2022,62,10776,0.2958772557043645,0.28452115812917594,0.3096983953365569,-0.014633558497517574
2022,63,10709,0.29873183957792093,0.28732841535157344,0.2675571377292633,-0.011778974623961158
2022,64,10603,0.31351723190954167,0.3038762614354428,0.2955732583402197,0.003006417707659581
2022,65,10581,0.28226867408744105,0.27246952083924014,0.23830842413906,-0.02824214011444104
2022,66,12361,0.31337112951491064,0.3028072162446404,0.2592346420763138,0.0028603153130285497
2022,67,11758,0.32089417972411455,0.3126382037761524,0.25820865591352304,0.010383365522232457
2022,68,11700,0.29715093646809443,0.29341880341880344,0.2376059792811473,-0.013359877733787662
2022,69,9357,0.2976214635882424,0.28898151116810944,0.23677864093861253,-0.012889350613639716
2022,70,9248,0.2777428414990993,0.26924740484429066,0.22271194619277399,-0.03276797270278281
2022,71,11304,0.3144465518518175,0.3063517338995046,0.2473474773290397,0.0039357376499354335
2022,72,11609,0.30669711293868135,0.2997674218278922,0.230749963894119,-0.0038137012632007417
2022,73,11510,0.2997160648171556,0.2933101650738488,0.24728175120542092,-0.010794749384726465
2022,74,9798,0.27917184730013445,0.26985098999795876,0.2377018077091262,-0.031338966901747645
2022,75,9640,0.3003792398264322,0.2975103734439834,0.25325391859434937,-0.01013157437544987
2022,76,6373,0.3768452416047999,0.374391966107014,0.300077058768352,0.06633442740291778
2022,77,12465,0.3164731116721095,0.31423987164059364,0.24043675463593323,0.005962297470227418
2022,78,10944,0.2857852961946509,0.2810672514619883,0.2262408496764788,-0.024725518007231218
2022,79,12520,0.25340173411097144,0.23929712460063898,0.20124286064127636,-0.05710908009091065
2022,80,10972,0.29185627845982265,0.28271965001822824,0.21291346695574,-0.01865453574205944
2022,81,12142,0.31947360369914524,0.31016307033437657,0.265619367683325,0.008962789497263146
2022,82,10559,0.2678035161036704,0.25741073965337624,0.2252778985751985,-0.042707298098211666
2022,83,9978,0.23298705966459388,0.2212868310282622,0.21043295205766208,-0.07752375453728821
2022,84,11815,0.29958119298025204,0.29360981802793057,0.23888906412458888,-0.010929621221630048
2022,85,10732,0.30799851220531027,0.3004099888184868,0.2519267846821316,-0.0025123019965718196
2022,86,5161,0.3387869109193538,0.3303623328812246,0.27395261877811533,0.02827609671747172
2022,87,12538,0.31869601675771336,0.3106556069548572,0.24304220095737702,0.008185202555831272
2022,88,13590,0.3106451855365062,0.3016188373804268,0.24808099316327709,0.0001343713346241282
2022,89,11690,0.24839041167714812,0.23165098374679213,0.22185287275827104,-0.06212040252473397
2022,90,11575,0.3320859321860544,0.3195680345572354,0.2780910826544931,0.02157511798417233
2022,91,11715,0.29672352655820955,0.28348271446862994,0.2550343680636825,-0.013787287643672541
2022,92,10902,0.3067511221465018,0.2990277013392038,0.24870756374954242,-0.0037596920553802926
2022,93,11436,0.2758899816441504,0.2644281217208814,0.1942781200627414,-0.034620832557731684
2022,94,8924,0.35142585508242447,0.3458090542357687,0.26763391019748023,0.040915040880542375
2022,95,11679,0.46462077934144863,0.4750406712903502,0.38060488145578675,0.15410996513956654
2022,96,7339,0.2940286827690662,0.27864831720942906,0.2449335097890389,-0.016482131432815905
2022,97,6608,0.3237139918273016,0.3161319612590799,0.25678754592928926,0.013203177625419504
2022,98,8668,0.2708660827340007,0.2502307337332718,0.23357417677408496,-0.03964473146788139
2022,99,10767,0.26428167561595556,0.24779418593851585,0.23369621659039433,-0.04622913858592653
2022,100,11438,0.2667906046205844,0.24654659905577897,0.23369508076858023,-0.043720209581297687
2022,101,6980,0.2346337227577098,0.21819484240687678,0.21381916312751345,-0.07587709144417229
2022,102,9878,0.2711942553379062,0.25349260984004857,0.24722162716930832,-0.03931655886397589
2022,103,8891,0.24199802624618444,0.22854572039140705,0.22105308708029012,-0.06851278795569765
2022,104,8090,0.2655257216963528,0.2522867737948084,0.21921048233980872,-0.04498509250552929
2024,0,8586,0.2585751753070852,0.2529699510831586,0.1988857888272555,-0.07973526745476806
2024,1,7233,0.3127646592855644,0.3117655191483478,0.24716334164645706,-0.02554578347628883
2024,2,6956,0.2935306102165895,0.29384703852788957,0.23635347010241767,-0.04477983254526374
2024,3,6956,0.2341486298869891,0.22441058079355952,0.19928180251644145,-0.10416181287486415
2024,4,7390,0.29762433790715215,0.29621109607577806,0.26793100506853984,-0.04068610485470109
2024,5,7699,0.332175333773321,0.3351084556435901,0.27990174090835346,-0.006135108988532256
2024,6,7429,0.34631426974651897,0.3493067707632252,0.2708102628182312,0.00800382698466573
2024,7,7350,0.3252187614600953,0.3254421768707483,0.2747621807333107,-0.013091681301757918
2024,8,6725,0.33844518142388824,0.3379925650557621,0.28873363125745594,0.0001347386620350055
2024,9,5205,0.3039262526268703,0.3016330451488953,0.26649204773250673,-0.03438419013498295
2024,10,5704,0.31128337154196584,0.31399018232819076,0.26345217954191674,-0.0270270712198874
2024,11,6018,0.30863873900428734,0.3070787637088734,0.238540095771209,-0.029671703757565893
2024,12,5814,0.2809821289435726,0.2779497764017888,0.22945269324971063,-0.05732831381828063
2024,13,6634,0.33432748235818555,0.3382574615616521,0.2681412330615501,-0.00398296040366769
2024,14,7440,0.36817856632036616,0.3735215053763441,0.29022170810604103,0.029868123558512927
2024,15,7308,0.3467570036757007,0.3471538040503558,0.29263285530634736,0.00844656091384749
2024,16,8256,0.3849291208116906,0.39195736434108525,0.28666374326687305,0.04661867804983738
2024,17,5791,0.30655180750719646,0.30391987566914175,0.2510079276357243,-0.031758635254656775
2024,18,8532,0.3926142982485697,0.4045944678856071,0.29957231740990437,0.05430385548671646
2024,19,7113,0.35230706875291967,0.3561085336707437,0.28164829840545413,0.013996625991066436
2024,20,9197,0.33744699824086993,0.34163314124170924,0.26547515624004386,-0.000863444520983303
2024,21,7523,0.331539425816357,0.32699720856041475,0.2614114906504665,-0.0067710169454962554
2024,22,7893,0.372829405958707,0.37780311668567085,0.29693183030830606,0.03451896319685377
2024,23,7275,0.31904158279334943,0.3173883161512028,0.261225218528304,-0.019268859968503804
2024,24,8382,0.3480688307016381,0.3521832498210451,0.2621480772281252,0.00975838793978484
2024,25,7661,0.3103760484588522,0.31444981072966977,0.24180646969737662,-0.027934394303001042
2024,26,7795,0.33236652180732296,0.3373957665169981,0.266827004141326,-0.00594392095453028
2024,27,6857,0.33259948549126106,0.3364445092606096,0.2705498567953273,-0.005710957270592176
2024,28,8086,0.3624168892611648,0.36816720257234725,0.28471271742524357,0.02410644649931154
2024,29,8384,0.3781847896729274,0.38525763358778625,0.2891491466334767,0.039874346911074166
2024,30,6923,0.29839560528073655,0.2981366459627329,0.2439489333624219,-0.03991483748111668
2024,31,6142,0.2550963831495176,0.25366330185607294,0.21135227239597051,-0.08321405961233563
2024,32,8227,0.3386720552629237,0.33912726388720066,0.2645602135870244,0.00036161250107047405
2024,33,7895,0.33409254002762917,0.3394553514882837,0.26478152382306247,-0.004217902734224066
2024,34,12996,0.3643717881530095,0.36934441366574333,0.28032585044869834,0.026061345391156288
2024,35,8850,0.35212218670987416,0.3538983050847458,0.27031169534384636,0.013811743948020927
2024,36,7856,0.3548774762211776,0.36227087576374745,0.2812764071679669,0.016567033459324365
2024,37,7554,0.35426579561439087,0.3557055864442679,0.2936913490923396,0.01595535285253763
2024,38,8512,0.36069779715314115,0.3614896616541353,0.2910525643850346,0.022387354391287917
2024,39,9228,0.3799265706117919,0.38404854789770265,0.29823461675699653,0.04161612784993868
2024,40,8300,0.3591437535680808,0.3603614457831325,0.3049155707282985,0.02083331080622758
2024,41,7774,0.3743923263036873,0.3803704656547466,0.29875651824032956,0.03608188354183406
2024,42,7511,0.34400358605068987,0.34229796298761817,0.2817896643863745,0.005693143288836633
2024,43,6300,0.3698613106974563,0.3761904761904762,0.31601302008292387,0.03155086793560308
2024,44,3963,0.2827319798587111,0.2790815039111784,0.23262386150974093,-0.05557846290314211
2024,45,4949,0.2728709807529783,0.27237825823398665,0.2213822238197692,-0.06543946200887496
2024,46,7864,0.3632042172512275,0.36444557477110884,0.29070482295206246,0.024893774489374243
2024,47,8571,0.34697254262967275,0.3441838758604597,0.28528907698889466,0.008662099867819517
2024,48,8276,0.37281524255404086,0.3761478975350411,0.29837569625318544,0.034504799792187624
2024,49,5015,0.27744560853215094,0.2747756729810568,0.23194192177068224,-0.06086483422970229
2024,50,7197,0.31548467217935505,0.31318604974294845,0.258501235089095,-0.022825770582498184
2024,51,8172,0.31510740018562433,0.3163240332843857,0.2532885035231144,-0.023203042576228905
2024,52,8119,0.35657723412331327,0.35952703534918096,0.28286831034380394,0.018266791361460033
2024,53,8298,0.3402478359123085,0.33996143649072064,0.2902397251962554,0.0019373931504552688
2024,54,7506,0.35723400983488934,0.3571809219291234,0.29199364992834187,0.018923567073036107
2024,55,7196,0.35016683127455805,0.35116731517509725,0.2868685528849105,0.011856388512704819
2024,56,6625,0.3905742454805745,0.39864150943396226,0.32028656417308904,0.052263802718721275
2024,57,7945,0.42034766195345463,0.43071113908118314,0.3299288730181008,0.0820372191916014
2024,58,6920,0.358544781284859,0.3609826589595376,0.2843016151123565,0.020234338523005768
2024,59,7294,0.31498020042628017,0.3125856868659172,0.25496884591317476,-0.02333024233557307
2024,60,5629,0.3105627149602421,0.304316930182981,0.28093835787133636,-0.02774772780161111
2024,61,4404,0.23886716991993298,0.22797456857402362,0.20658173159824947,-0.09944327284192025
2024,62,5155,0.2706639882878994,0.2601357904946654,0.22754491162276352,-0.06764645447395384
2024,63,4510,0.2648794329396868,0.25299334811529933,0.2180053139232954,-0.07343100982216644
2024,64,5158,0.30093349592763635,0.293136874757658,0.23953722833174856,-0.037376946834216884
2024,65,4640,0.28141440229750325,0.27392241379310345,0.22385635978947716,-0.056896040464349984
2024,66,5845,0.3281495119895152,0.32284003421727975,0.2538010745807021,-0.01016093077233804
2024,67,5526,0.3238962915076473,0.31614187477379657,0.2428851059917605,-0.01441415125420592
2024,68,5989,0.3690574651687907,0.36767406912673234,0.27979018611964934,0.03074702240693744
2024,69,3923,0.3259357212953176,0.3224573030843742,0.26706039200388176,-0.012374721466535621
2024,70,4462,0.3307599308805566,0.3357238906320036,0.26544076423791857,-0.007550511881296629
2024,71,5724,0.3504289075630378,0.3481830887491265,0.2640407662716262,0.012118464801184559
2024,72,5119,0.30051585758184246,0.29634694276225826,0.21874374462649374,-0.037794585180010776
2024,73,5713,0.3647070163039306,0.36548223350253806,0.2931799677985507,0.02639657354207736
2024,74,5100,0.3304978073507036,0.32098039215686275,0.26062388450573837,-0.007812635411149627
2024,75,4762,0.3697650204214132,0.372742545149097,0.3024377660052941,0.031454577659559946
2024,76,5398,0.3800407629196555,0.3890329751759911,0.3007261378510478,0.04173032015780226
2024,77,5772,0.3928750800560193,0.4024601524601525,0.322718199750195,0.05456463729416605
2024,78,4572,0.3601645323048527,0.36220472440944884,0.3056124955054818,0.021854089542999444
2024,79,4906,0.3620337259141699,0.3638401956787607,0.2805138232245617,0.023723283152316643
2024,80,4655,0.37930166957925937,0.38002148227712135,0.2972776716802105,0.040991226817406134
2024,81,4050,0.37657849527562015,0.3782716049382716,0.3007085858168149,0.038268052513766915
2024,82,3803,0.33031274953905065,0.3286878779910597,0.2695599230248137,-0.007997693222802582
2024,83,4482,0.3793998052965453,0.38398036590807677,0.30017821154895247,0.04108936253469209
2024,84,4730,0.3773541840153646,0.3748414376321353,0.32299601915122617,0.039043741253511344
2024,85,3792,0.3833933704300466,0.38871308016877637,0.31197727927918456,0.045082927668193384
2024,86,4787,0.37925733178175003,0.3770628786296219,0.29853140356862085,0.04094688901989679
2024,87,3766,0.37049059547183205,0.37254381306425915,0.2888859373446731,0.032180152709978815
2024,88,3762,0.39823191506823535,0.4130781499202552,0.3173139718949186,0.05992147230638212
2024,89,3251,0.33982373389691317,0.34266379575515227,0.28638456604223334,0.0015132911350599354
2024,90,4606,0.3841714487505407,0.38992618323925315,0.318477562439025,0.045861005988687475
2024,91,5016,0.42030519521396953,0.4266347687400319,0.34085208331098515,0.08199475245211629
2024,92,4035,0.41929008117565353,0.4292441140024783,0.33147172636518085,0.08097963841380029
2024,93,3417,0.3896307888614406,0.3974246414983904,0.3178557121010379,0.051320346099587355
2024,94,3292,0.3871611289925848,0.39185905224787365,0.28951176070118917,0.04885068623073158
2024,95,4117,0.37480417063359317,0.37600194316249697,0.2891651569422095,0.036493727871739934
2024,96,2672,0.26782734021715243,0.26085329341317365,0.21055487208158122,-0.0704831025447008
2024,97,4853,0.28086258512176077,0.2722027611786524,0.22644703550318068,-0.05744785764009247
2024,98,5564,0.32068571223132347,0.3168583752695902,0.26864211003156396,-0.017624730530529764
2024,99,5651,0.2909296374018395,0.2829587683595824,0.22521056604234282,-0.04738080536001371
2024,100,5552,0.3117888987056645,0.3045749279538905,0.23863216166347867,-0.02652154405618873
2024,101,3744,0.2652852908761885,0.25721153846153844,0.23321184357878222,-0.07302515188566472
2024,102,5153,0.2861138970524979,0.2786726178924898,0.23631891644364697,-0.052196545709355335
2024,103,4556,0.2091368486797331,0.19381035996488147,0.16688394898233308,-0.12917359408212015
2026,10,4497,0.3881796608164978,0.3920391372025795,0.3161687220464421,-0.022665442582296857
2026,11,7433,0.36055281550348955,0.35893986277411544,0.28722241936039394,-0.0502922878953051
2026,12,8232,0.38090201917171623,0.38216715257531586,0.28749807769919083,-0.02994308422707842
2026,13,9508,0.3883140715428573,0.3898822044594026,0.29589802103034485,-0.022531031855937356
2026,14,10233,0.3926145706282903,0.39284667253004985,0.30064554178704034,-0.01823053277050435
2026,15,11191,0.4039124182409045,0.402734340094719,0.32377082203416796,-0.006932685157890139
2026,16,8950,0.38327204278071914,0.38212290502793295,0.3066478618209227,-0.027573060618075518
2026,17,9542,0.3073567715034506,0.3027667155732551,0.23736972324628722,-0.10348833189534407
2026,18,11815,0.3879585736380733,0.38958950486669486,0.2902615190371993,-0.022886529760721364
2026,19,9731,0.3434865580261666,0.34045832905148493,0.2635188025252563,-0.06735854537262803
2026,20,11152,0.3384237220933243,0.3330344332855093,0.2570574626204811,-0.07242138130547038
2026,21,11988,0.39787276596340004,0.40106773440106774,0.2865452467598592,-0.01297233743539461
2026,22,9348,0.3657731126783829,0.36703038083012407,0.27470595526180863,-0.045071990720411736
2026,23,10374,0.3578247402669244,0.354251012145749,0.26888849328879527,-0.05302036313187025
2026,24,11923,0.3779625441308196,0.37725404680030195,0.28269576378493905,-0.032882559267975064
2026,25,10665,0.34489660559504165,0.3452414439756212,0.26116382768100405,-0.065948497803753
2026,26,11243,0.39343174723941854,0.3962465534110113,0.2907470441742481,-0.017413356159376114
2026,27,11167,0.4049654232438859,0.4096892630070744,0.30654822980900476,-0.005879680154908751
2026,28,11782,0.41221853104490197,0.4109658801561704,0.30928821282975894,0.001373427646107317
2026,29,9558,0.3928906528889056,0.39997907512031805,0.2977249564398934,-0.01795445050988903
2026,30,9689,0.37863979665354885,0.3839405511404686,0.2951083537077969,-0.0322053067452458
2026,31,10561,0.42947985665100985,0.43603825395322415,0.32297675887714866,0.018634753252215197
2026,32,11000,0.43526115317769687,0.4435454545454545,0.33316084825444375,0.024416049778902216
2026,33,10382,0.41060763484892293,0.41571951454440376,0.3371709022969636,-0.00023746854987172217
2026,34,11097,0.4227447917463685,0.42813372983689285,0.32841148639198603,0.011899688347573822
2026,35,11269,0.41269480124281976,0.41893690655781346,0.3185495944496453,0.001849697844025111
2026,36,12872,0.38790740879214425,0.3913144810441268,0.2710470014513893,-0.022937694606650405
2026,37,10222,0.3705883483588112,0.3682253962042653,0.27530353839634786,-0.04025675503998344
2026,38,10120,0.39984303278836564,0.4015810276679842,0.30001726125756034,-0.011002070610429016
2026,39,9502,0.43218628645660795,0.43980214691643865,0.3235648589866171,0.021341183057813295
2026,40,10571,0.4614314574218082,0.47204616403367705,0.3649538189027201,0.050586354023013536
2026,41,9061,0.4188275378910339,0.42489791413751243,0.30673682906669997,0.007982434492239232
2026,42,10205,0.44699632680519963,0.45467907888290054,0.339028914430964,0.036151223406404975
2026,43,6718,0.43474250170530465,0.4476034534087526,0.3354138119727819,0.023897398306509998
2026,44,4200,0.30534099527595876,0.3019047619047619,0.2368160404405734,-0.1055041081228359
2026,45,8368,0.4111935374546034,0.4140774378585086,0.3018452979599967,0.0003484340558087551
2026,46,9943,0.40535658102901806,0.404103389319119,0.3337061881737834,-0.005488522369776594
2026,47,8649,0.41436371477228184,0.4183142559833507,0.32131029751358897,0.0035186113734871904
2026,48,6363,0.35990987427518917,0.36020744931636023,0.3142788609998674,-0.050935229123605485
2026,49,8230,0.44187889263024815,0.4499392466585662,0.3402726549778545,0.0310337892314535
2026,50,8432,0.4678006777758266,0.47663662239089183,0.3340364188160384,0.05695557437703197
2026,51,8744,0.44246453962666693,0.452195791399817,0.34331589182614064,0.03161943622787228
2026,52,9233,0.49415759326006803,0.5112097909671829,0.39190704670807985,0.08331248986127338
2026,53,9010,0.5265956605094372,0.5476137624861265,0.41939007142179086,0.11575055711064253
2026,54,8602,0.5270806465437495,0.5460358056265985,0.3971518919343414,0.11623554314495488
2026,55,8995,0.4782740646905435,0.4894941634241245,0.35547685704679083,0.06742896129174886
2026,56,9408,0.5830449902505094,0.6084183673469388,0.4605153218037886,0.17219988685171472
2026,57,8423,0.5200787190789412,0.5384067434405794,0.40321212631550096,0.10923361568014656
2026,58,8710,0.41213422533671074,0.4190585533869116,0.31823364866041526,0.0012891219379160823
2026,59,8583,0.37238348441993396,0.37469416288011187,0.3369892209482621,-0.03846161897886069
2026,60,7621,0.44614995930060597,0.45597690591785855,0.34200716602372583,0.035304855901811316
2026,61,5673,0.3546801562666126,0.355367530407192,0.2942233526762258,-0.056164947132182064
2026,62,5900,0.38367853941577407,0.38796610169491524,0.292169991688718,-0.027166563983020586
2026,63,5882,0.3733570191114463,0.379632777966678,0.2561458727281814,-0.037488084287348344
2026,64,6023,0.39688007201263087,0.4032873983064918,0.29977923285199626,-0.013965031386163784
2026,65,6579,0.4260683163082071,0.4373005015959872,0.3120389315338265,0.01522321290941242
2026,66,7235,0.42407031210156126,0.4337249481686247,0.3189902719716624,0.013225208702766611
2026,67,7990,0.4420465398639865,0.4525657071339174,0.3273007580480982,0.031201436465191856
2026,68,7242,0.4544432315418203,0.4660314830157415,0.3461958900128851,0.04359812814302566
2026,69,7992,0.42472740068543563,0.4303053053053053,0.3328067476992598,0.013882297286640977
2026,70,9080,0.48622397241561616,0.49922907488986784,0.35993492079720246,0.0753788690168215
2026,71,7072,0.408282572918925,0.4133201357466063,0.2913036291186007,-0.0025625304798696513
2026,72,8733,0.42709795171025955,0.43730676743387153,0.3275729653921316,0.016252848311464896
2026,73,8018,0.4719172121577005,0.48528311299575955,0.35480790198071477,0.06107210875890584
2026,74,5893,0.42025935665272707,0.4361106397420669,0.32494047576968205,0.009414253253932414
2026,75,6708,0.4112203735758586,0.4241204531902206,0.33153912803389257,0.0003752701770639577
2026,76,7668,0.4394079003903051,0.4503129890453834,0.32162809489497657,0.02856279699151043
2026,77,7683,0.39667626556795643,0.40088507093583237,0.2830330308518087,-0.014168837830838221
2026,78,7046,0.411906646864811,0.42066420664206644,0.29715641627006306,0.0010615434660163348
2026,79,6714,0.42387326795620706,0.4334226988382484,0.3115365453604939,0.013028164557412403
2026,80,6138,0.3796401318481238,0.38677093515803196,0.30207217166140876,-0.031204971550670868
2026,81,7300,0.44753552312745826,0.4586301369863014,0.32220759039613966,0.036690419728663604
2026,82,7302,0.4636413315706778,0.47754039989044095,0.34165588728574003,0.05279622817188312
2026,83,7503,0.4580173469489304,0.468479274956684,0.33431826885806387,0.04717224355013577
2026,84,6832,0.4437328245081427,0.4519906323185012,0.33102000610927035,0.03288772110934807
2026,85,6903,0.4514651960574169,0.4632768361581921,0.334495790646451,0.040620092658622264
2026,86,7775,0.4697032269943877,0.485016077170418,0.3385777398177132,0.05885812359559306
2026,87,9846,0.4716403658046405,0.48496851513304895,0.3315172836872234,0.060795262405845873
2026,88,7837,0.4914363035771754,0.5077197907362511,0.35739480659679945,0.08059120017838073
2026,89,6601,0.443259131037367,0.4573549462202697,0.3183581041796779,0.032414027638572374
2026,90,7874,0.4686869336428759,0.48298196596393195,0.3217186947091316,0.05784183024408124
2026,91,7627,0.43260181932266245,0.441326865084568,0.33312665026428445,0.021756715923867798
2026,92,7272,0.43768287927992705,0.4451320132013201,0.31745194193015525,0.026837775881132397
2026,93,7167,0.32066103168437055,0.311148318682852,0.20670108995719386,-0.09018407171442411
2026,94,5279,0.3289993457114393,0.3222201174464861,0.24964644836204003,-0.08184575768735536
2026,95,4760,0.28255493608851207,0.2665966386554622,0.21480133316495276,-0.1282901673102826
2026,96,3199,0.21830028006396476,0.20787746170678337,0.17537045002526017,-0.1925448233348299
2026,97,4994,0.40802715493626834,0.4118942731277533,0.3036346409655772,-0.0028179484625263096
2026,98,5111,0.3193186580374213,0.3130502837018196,0.2553706299169526,-0.09152644536137333
2026,99,5105,0.3124628925519511,0.30558276199804113,0.23146474411531856,-0.09838221084684357
2026,100,4363,0.2835857397791296,0.2816869126747651,0.2293884587613743,-0.12725936361966506
2026,101,5868,0.3441758449204839,0.3440695296523517,0.26217625567782543,-0.06666925847831073
2026,102,6409,0.3092906566061452,0.30363551256046184,0.22907226512831327,-0.10155444679264947
2026,103,5191,0.22744086547723308,0.21556540165671353,0.16074272987459332,-0.18340423792156157
