year,age_bracket,n,members,anger,share_angry,negative,joy,anger_se,anger_dev
2011,30,528,2,0.13532444488814552,0.08333333333333333,0.09325242007153892,0.46885483826785773,0.009166125583891906,-0.06388801802031185
2011,35,3524,12,0.14502438312057073,0.10385925085130533,0.1044547400199873,0.48246100322703095,0.003997601902773996,-0.054188079787886645
2011,40,3149,10,0.17611488361306732,0.13337567481740234,0.11495456524302271,0.419759399292499,0.004608367733480191,-0.023097579295390053
2011,45,8394,32,0.1597182835179985,0.12258756254467476,0.10920274355070717,0.47514680521366315,0.0027769775365431588,-0.03949417939045888
2011,50,13315,38,0.23889838194592086,0.20766053323319564,0.1804499657797007,0.4037529103719523,0.0027188172687352004,0.03968591903746349
2011,55,12943,51,0.18403934124752636,0.14919261376805995,0.11737333111541286,0.4472837904576292,0.0024083344278170173,-0.015173121660931016
2011,60,10400,47,0.20304586823422982,0.16971153846153847,0.13835535494691262,0.42069254592110294,0.002829450903349619,0.0038334053257724487
2011,65,6040,26,0.2096602403376458,0.17582781456953642,0.1393197854766017,0.3748309865676403,0.0037586560909144777,0.010447777429188426
2011,70,6083,19,0.24271132087387964,0.2160118362650008,0.16475338863281078,0.3980125607915784,0.004057113476502393,0.04349885796542227
2011,75,1652,9,0.15643537047597608,0.11924939467312348,0.09763729796888922,0.4676263708780242,0.006155963938599738,-0.04277709243248129
2012,35,2701,10,0.13640144139063476,0.10551647537948908,0.1035880082331202,0.5520213263868591,0.0047083927867179855,-0.05847224160424272
2012,40,3463,14,0.2045824271504405,0.1770141495812879,0.15456220944779284,0.4353146289664592,0.0049300130326849255,0.009708744155563026
2012,45,6833,33,0.16033954311586937,0.1289331186887165,0.11427333473995138,0.5134507828176329,0.0031919549006513646,-0.03453413987900811
2012,50,16584,39,0.22952954247473703,0.20375060299083453,0.16913194220491598,0.4499894365202692,0.002439475505766837,0.03465585947985955
2012,55,13011,51,0.18544067380874768,0.152486357697333,0.129849049246691,0.4742240502411216,0.0024704606198208455,-0.009433009186129798
2012,60,11596,55,0.19746113899024959,0.16988616764401518,0.1404050611427942,0.46822824065833973,0.002685686482113658,0.0025874559953721066
2012,65,8706,40,0.1584936069298297,0.12474155754651964,0.11662895835603057,0.5001263958378979,0.002788636343002032,-0.036380076065047784
2012,70,7203,22,0.2332696527975513,0.19727891156462585,0.15195727856562216,0.3916337781302723,0.0035616797879642155,0.03839596980267382
2012,75,4332,12,0.1714558978865481,0.14012003693444136,0.10835811814751402,0.501983247491611,0.004147414328248221,-0.02341778510832937
2012,80,290,2,0.2634409497636531,0.24482758620689654,0.1583694898282531,0.37839968586179973,0.01869078359738785,0.06856726676877564
2013,30,3397,5,0.2094194512593036,0.18928466293788637,0.13288974296209075,0.5316940207616392,0.005275929649070707,0.0023820132006895367
2013,35,10946,20,0.173549196389822,0.1439795359035264,0.12423053481858674,0.5276848008791855,0.0026587786467862436,-0.03348824166879208
2013,40,14572,27,0.24482094059656292,0.2246774636288773,0.1631361661886147,0.4627623279584608,0.002738669685132184,0.03778350253794885
2013,45,16217,38,0.19254346915772896,0.16310045014490968,0.12997471047792042,0.48188624564169935,0.002270688684063523,-0.014493968900885112
2013,50,32827,68,0.20151050359656525,0.17238858256922654,0.13855414418750645,0.48488285706819,0.0016405720092762589,-0.005526934462048827
2013,55,26568,66,0.20413423328732921,0.17818428184281843,0.142905430486553,0.4688765221161708,0.0018296458078688317,-0.002903204771284862
2013,60,25091,68,0.21154266366808816,0.18277470009166633,0.14074024555370482,0.45946317716308416,0.001900112666672299,0.004505225609474084
2013,65,21647,55,0.19587421604198893,0.16759828151706935,0.13800530621116044,0.478536516335182,0.0019958025229351766,-0.011163222016625146
2013,70,12735,30,0.23902594657054643,0.20871613663133098,0.15285439952284416,0.39976642328401507,0.0027390292850041,0.031988508511932356
2013,75,8180,16,0.1952445656364877,0.16638141809290954,0.12670571342986453,0.4642606777079804,0.0031483431604946107,-0.011792872422126371
2013,80,1080,4,0.317412255499167,0.30092592592592593,0.21089481262304752,0.34058004599970043,0.010678849882464553,0.11037481744055294
2014,30,3065,3,0.1518595206289177,0.12822185970636216,0.12284928373160633,0.5661740032223708,0.0047897622937790475,-0.014893424327747956
2014,35,8108,14,0.14758837138753814,0.12074494326591022,0.10105009949742265,0.5722884173612637,0.002926499876903132,-0.019164573569127513
2014,40,15615,29,0.16434555393833042,0.13691962856227985,0.12006361466045025,0.5440344528519059,0.0022071299587040965,-0.002407391018335231
2014,45,18346,31,0.15085942078708242,0.122533522293688,0.11956594380902823,0.580726715452585,0.0019326869442045022,-0.01589352416958323
2014,50,28763,61,0.15735247000444533,0.12940235719500748,0.11262218290201115,0.5435758986052187,0.0015557074179832538,-0.009400474952220322
2014,55,32785,66,0.17034557192745867,0.14076559402165625,0.12491197204836053,0.5059621333997809,0.0015173740928796614,0.003592626970793017
2014,60,30594,73,0.17072832950519734,0.14244623128718048,0.11914589556867503,0.5116340341818674,0.0015665840710537928,0.003975384548531691
2014,65,22944,58,0.17054184036638653,0.13846757322175732,0.1272001326973473,0.496128416883682,0.0017909830652926213,0.0037888954097208827
2014,70,19480,36,0.18285155606735068,0.14851129363449692,0.13780373920893257,0.4632732283473646,0.0019918610805999795,0.01609861111068503
2014,75,7075,16,0.17078950596647502,0.13780918727915195,0.11293426169971063,0.49349782243584916,0.0031593496859248166,0.00403656100980937
2014,80,2499,8,0.21300427409793798,0.1752701080432173,0.1643776523789075,0.39839884708775264,0.005840582799051948,0.046251329141272335
2014,85,281,1,0.2255190758455505,0.18149466192170818,0.1525044284373177,0.3811855163297606,0.01709829380132417,0.058766130888884854
2015,30,3101,6,0.11493685059133774,0.08287649145436955,0.09186839763365232,0.5971272314503135,0.004024404246238515,-0.053034687151598064
2015,35,9800,20,0.13506867414280982,0.105,0.09860629372002927,0.5693907724637111,0.002469205662486782,-0.03290286360012598
2015,40,10267,33,0.18183480912088923,0.15944287523132367,0.1312110136599653,0.5344509762547456,0.0028897116296468903,0.013863271377953429
2015,45,19373,36,0.15794937692239652,0.13023279822433284,0.12066064815642003,0.5564774232029583,0.0019225376584850904,-0.010022160820539278
2015,50,31254,71,0.15548378012801087,0.1281435976195047,0.1119218093809504,0.5532600218430981,0.0015035850924095668,-0.012487757614924933
2015,55,34513,79,0.15226809708836284,0.1226784110335236,0.11088722869764531,0.5514738979994119,0.0014041104585744112,-0.015703440654572964
2015,60,37033,83,0.16588251279261174,0.1382550698026085,0.11500246145605256,0.5370386032654074,0.0014156726121714708,-0.0020890249503240643
2015,65,24900,57,0.1871532156190229,0.16164658634538154,0.1393888687245977,0.5254687698807635,0.0018528011136122596,0.0191816778760871
2015,70,19041,36,0.1975600632505598,0.16627277979097738,0.15632119444637826,0.4545936917922797,0.00212129184450371,0.029588525507624003
2015,75,8497,17,0.21567624252340173,0.18500647287277863,0.13947149823301705,0.4639083602716084,0.003297120491070383,0.04770470478046593
2015,80,2134,7,0.20336674886381195,0.16869728209934395,0.14431650669813886,0.42662276276657857,0.006193213905201398,0.03539521112087615
2015,85,492,1,0.22175746642969307,0.18699186991869918,0.14815726487592573,0.4586412373474019,0.01363385783129618,0.05378592868675727
2016,30,865,1,0.0485293535413382,0.009248554913294798,0.029121684767117434,0.6622669602991916,0.003081384380449092,-0.13563791120332486
2016,35,11110,19,0.16100312765357844,0.136993699369937,0.12045694279336076,0.5505506744191242,0.002638084304696748,-0.023164137091084613
2016,40,9544,32,0.16060741926339567,0.13306789606035205,0.12456131661171006,0.5214798991888553,0.0027859526942903244,-0.023559845481267383
2016,45,19439,40,0.15333279298398145,0.12757857914501775,0.11516593567902705,0.5655237626996256,0.0019245672627239575,-0.030834471760681603
2016,50,27922,67,0.17511095775050473,0.15210228493660913,0.13465210821948906,0.5291014664564972,0.0017068571498553824,-0.009056306994158325
2016,55,38386,74,0.17283402126109854,0.14916896785286302,0.13331867314418047,0.5331290594310865,0.0014569188728538731,-0.011333243483564515
2016,60,40783,92,0.16214442207374472,0.13503175342667287,0.11955086571987943,0.5290442091617099,0.0013441294125769577,-0.022022842670918336
2016,65,33121,74,0.21072246174295609,0.18870203194347998,0.15611258516995163,0.5033773502763919,0.0017185078686587413,0.026555196998293035
2016,70,19591,41,0.2312748607578435,0.2094329028635598,0.19193763123370144,0.46059752277649185,0.0023295547113821443,0.04710759601318046
2016,75,9761,23,0.2601098809651498,0.24075402110439503,0.18637405963529166,0.4445961242559656,0.0034575786013890763,0.07594261622048676
2016,80,5426,10,0.218063224434303,0.19240692959823075,0.15902176876566562,0.444280731016643,0.004190583283403705,0.03389595968963996
2016,85,552,2,0.2881121044587074,0.26811594202898553,0.20136828947748206,0.30428858399365866,0.013901896759453785,0.10394483971404433
2017,30,1169,2,0.072836786257605,0.04362703165098375,0.043181650751745175,0.6768003303280389,0.004836312710591547,-0.2159814238565127
2017,35,7706,17,0.2494917757209531,0.22735530755255645,0.17893352807938512,0.44713212311722395,0.0038388885297447337,-0.03932643439316458
2017,40,17619,36,0.2503554507773209,0.23128440887678076,0.18902065416392,0.46927196803905574,0.0025448892765135224,-0.03846275933679677
2017,45,20466,38,0.20572151149240436,0.18039675559464477,0.14363011286731425,0.5111800329458013,0.0021874160500605774,-0.08309669862171332
2017,50,40863,68,0.298545809202737,0.288378239483151,0.22535676125330323,0.4177289302068724,0.0018004177124956576,0.00972759908861931
2017,55,45045,85,0.28437255922841287,0.27317127317127315,0.2238195644127588,0.44266087920301594,0.0016964308776671302,-0.0044456508857048105
2017,60,52175,92,0.24551601595694675,0.22928605654048875,0.18349892063116566,0.4751613437314752,0.001479764252096478,-0.04330219415717093
2017,65,40007,82,0.3326265162496157,0.3213437648411528,0.24802816059158594,0.3638310263690034,0.0018654301806391126,0.04380830613549802
2017,70,31990,48,0.35342642487085413,0.3500781494216943,0.27435302460485483,0.374366776367126,0.0021517305701944244,0.06460821475673645
2017,75,11595,17,0.40468146897723506,0.4018111254851229,0.30472028760544,0.31825966265495526,0.003654261207940269,0.11586325886311738
2017,80,7566,10,0.22066694379908122,0.1936293946603225,0.15964777065860483,0.4461011309149603,0.0036070277746538203,-0.06815126631503646
2017,85,2166,2,0.44978493319747803,0.45060018467220686,0.3251375949868803,0.2204293918742997,0.007989418299169044,0.16096672308336035
2018,30,1564,4,0.09921124959951076,0.0741687979539642,0.06641193670264589,0.6618092946739167,0.005232986292941953,-0.18809559703743095
2018,35,6136,17,0.3166774276837435,0.3093220338983051,0.24803417495803162,0.4187354031495123,0.0047477669217081755,0.02937058104680179
2018,40,17812,33,0.291237169646413,0.28042892432068267,0.2343371836318287,0.45620237615010406,0.00269363409729688,0.0039303230094712704
2018,45,22401,47,0.2507463602926972,0.23436453729744208,0.1874592363820703,0.49111976346470326,0.0022973421505142226,-0.036560486344244525
2018,50,32727,67,0.2822145180090809,0.27200782228740794,0.2204045697780491,0.4582773761378032,0.00199706933948681,-0.005092328627860854
2018,55,39830,100,0.2389749613502036,0.22573437107707758,0.1837518135037885,0.5143683788050544,0.0017160257179734087,-0.048331885286738124
2018,60,52481,106,0.2381002119136684,0.2229187706026943,0.18305433951614686,0.5069145556249445,0.0014802516166133363,-0.04920663472327333
2018,65,38989,87,0.3328228228114922,0.32865680063607683,0.25630830853966335,0.41173404694691346,0.001925807949714243,0.0455159761745505
2018,70,33251,61,0.3755024168261695,0.37361282367447596,0.2928698296216494,0.3783575406037755,0.00215282429231774,0.0881955701892278
2018,75,15527,25,0.3477572847154778,0.3430797964835448,0.2729314858422748,0.37411622183315896,0.003046866673542249,0.06045043807853606
2018,80,5164,13,0.2373151425669896,0.2168861347792409,0.17210893933279392,0.48264049262393266,0.004632214958177616,-0.049991704069952125
2018,85,1044,4,0.430417100318183,0.4329501915708812,0.31729833837395616,0.2959980665223487,0.011995054672651705,0.14311025368124125
2019,25,1833,1,0.4595049370409981,0.4724495362793235,0.36176954001133405,0.32664708333980114,0.009212530162990137,0.1499842345801986
2019,30,7134,14,0.213023622388187,0.19358003924866835,0.16804031331217054,0.5409983324571971,0.0037691921683031307,-0.09649708007261248
2019,35,27467,32,0.3145303028522703,0.3091710052062475,0.23735954859576316,0.4391978680547695,0.0022506294366601166,0.005009600391470803
2019,40,32894,41,0.2876319137790812,0.2790782513528303,0.2237659230481867,0.46822867181016825,0.0019850597626231625,-0.021888788681718285
2019,45,53177,64,0.27639254966703297,0.26396750474829345,0.2109295145202788,0.4658930616496487,0.0015379031443114176,-0.03312815279376652
2019,50,53529,69,0.3115418011961367,0.3044517924863158,0.24128904627729458,0.447142686378378,0.0016145771572780698,0.0020210987353372345
2019,55,57841,88,0.2861940372839784,0.2762227485693539,0.21239238777897845,0.464989779745091,0.0015035682042018495,-0.023326665176821082
2019,60,70867,91,0.30479348317161875,0.29721873368422536,0.22945037692264247,0.44444768886051816,0.0013911030846689826,-0.00472721928918074
2019,65,65459,92,0.3219106674103379,0.31503689332253776,0.24302750780662558,0.41762844128260745,0.0014670440029384217,0.012389964949538423
2019,70,45354,59,0.36160952240046634,0.36010054239978834,0.27950841408341365,0.3899086140237958,0.0018179031647520946,0.05208881993966685
2019,75,24576,32,0.3596679705466291,0.357421875,0.2643025517335147,0.39525288672468645,0.002453790259025911,0.05014726808582959
2019,80,3679,8,0.3023055470843485,0.29518891002989944,0.19880727937063872,0.46719390063461286,0.006132003897449975,-0.00721515537645101
2019,85,2198,4,0.2887128343728555,0.2825295723384895,0.23261159939632212,0.42601445437751345,0.007377108212669976,-0.020807868087943993
2020,30,6101,5,0.22886287988154524,0.20619570562202919,0.20960736874420338,0.40127332554717965,0.004144982813755623,-0.05915371669572256
2020,35,26170,25,0.2840537459176282,0.2707298433320596,0.24018249118102178,0.40105127878424834,0.0022249242657402944,-0.003962850659639583
2020,40,40841,38,0.3089822940045127,0.29612399304620357,0.2572083864551002,0.37620245918873796,0.001804534492444807,0.02096569742724491
2020,45,66419,58,0.2637108640590929,0.24742919947605355,0.2252899328508637,0.40416843956839066,0.0013497290116393618,-0.024305732518174916
2020,50,53874,63,0.28123883762286217,0.26658499461706947,0.23973843811471857,0.39780700112282424,0.0015448748708527037,-0.006777758954405633
2020,55,76180,94,0.2568992376769703,0.2402861643475978,0.21844619872889384,0.41681824984424365,0.00125066887384271,-0.031117358900297487
2020,60,79875,84,0.2804353698648466,0.26661658841940533,0.23364953261961743,0.39775669816997433,0.0012626020576575094,-0.00758122671242123
2020,65,80150,94,0.2902660872781979,0.27564566437928884,0.2352897716335126,0.3658830975725461,0.0012702476818960116,0.0022494907009301124
2020,70,58356,64,0.3534513063371815,0.3489958187675646,0.29899113747533973,0.33608146271182826,0.0015939423837016398,0.06543470975991372
2020,75,31458,34,0.30994165793162776,0.29553690635132557,0.26341935554479257,0.3541914825466469,0.002060540398838518,0.021925061354359954
2020,80,8684,13,0.2866994446552222,0.2756794104099493,0.23364619652178206,0.4039870640590329,0.0038955203251455255,-0.001317151922045623
2020,85,3182,5,0.2524533854482261,0.22972972972972974,0.22174949746003514,0.39740405533837986,0.005874254381481883,-0.035563211129041705
2021,25,1948,1,0.5245690883602947,0.545687885010267,0.40352189515482345,0.2566651910081127,0.008988722818532444,0.2233845866878555
2021,30,18730,12,0.32419000568198514,0.3190069407367859,0.26557543496668723,0.4033872688635791,0.002735003035638339,0.02300550400954593
2021,35,22824,22,0.3494752753353512,0.3463897651594812,0.28568261105307874,0.3869388427070329,0.002537594201801676,0.04829077366291201
2021,40,51884,44,0.34682360873798607,0.3443836250096369,0.29006706630165247,0.38373862754289834,0.001671084201011194,0.04563910706554686
2021,45,58097,59,0.26337318168891743,0.2510800901939859,0.21808606945592907,0.45163112580522774,0.0014407184890624623,-0.037811319983521774
2021,50,60841,60,0.340121646188243,0.3361877681168949,0.2857319436019798,0.38343035597594427,0.00153970785959874,0.03893714451580377
2021,55,95476,102,0.28970480469767884,0.2808035527252922,0.23931112904045754,0.432024165876128,0.0011645135798249576,-0.011479696974760367
2021,60,86163,89,0.2994078332144863,0.2922484128918445,0.2505064400481739,0.4271478597279115,0.0012495832058863586,-0.0017766684579529346
2021,65,83388,98,0.3160089772409082,0.30921715354727297,0.26194077766365337,0.39160353284070265,0.0012792042977685398,0.014824475568468998
2021,70,58368,71,0.265905207946034,0.25304961622807015,0.21077793180155854,0.46208551635796186,0.0014510375461559651,-0.0352792937264052
2021,75,30132,31,0.2609712401402875,0.24452409398645958,0.2217378300432641,0.4327547573879872,0.0019682749298612083,-0.04021326153215171
2021,80,10170,15,0.22312908588888924,0.2030481809242871,0.16738060538066576,0.49878398475842506,0.0032227991494250883,-0.07805541578354996
2021,85,4320,6,0.201467323151236,0.17685185185185184,0.1689684288002388,0.4761223840695392,0.004643887967381372,-0.09971717852120321
2022,25,410,1,0.46778385443045056,0.4658536585365854,0.3786441164190608,0.21947968915536453,0.0188670422190512,0.13891575784741972
2022,30,6942,9,0.3172304418622332,0.31302218380870067,0.2620988831155322,0.40778289211334245,0.004357043171352141,-0.011637654720797641
2022,35,20356,22,0.37273137244474785,0.37443505600314403,0.29772919487441185,0.3842318061831442,0.0027204433478516614,0.04386327586171701
2022,40,30583,40,0.35493433588909395,0.3528430827583952,0.28874601199423827,0.38485478447000077,0.002186502798224922,0.02606623930606311
2022,45,40861,57,0.3091598501858793,0.299772399109175,0.24521218348041335,0.4275639074141969,0.0018101888638397494,-0.01970824639715152
2022,50,51103,55,0.3617862589739672,0.3637751208343933,0.29964320131876726,0.3765637113355593,0.0016951702648008299,0.03291816239093637
2022,55,62230,92,0.3278881201291211,0.3245219347581552,0.2684506871222304,0.4182804754845522,0.0015005588434792928,-0.0009799764539097366
2022,60,62476,94,0.34029294440868896,0.3404507330815033,0.27997424612263927,0.40974378702324293,0.0015159935374345797,0.011424847825658113
2022,65,57942,93,0.31640267288316815,0.3113458285872079,0.2564878452074442,0.41914240741561365,0.0015365608421436395,-0.012465423699862699
2022,70,44594,78,0.319787887233093,0.3163654303269498,0.2528825917180466,0.42737489442828724,0.001752814339577306,-0.009080209349937862
2022,75,25999,41,0.28105086194460177,0.2698180699257664,0.222289367154184,0.44769460697909613,0.002173287179437073,-0.047817234638429074
2022,80,9841,16,0.2658381610749633,0.2525149883141957,0.1840574627842321,0.49664572122093326,0.0034978641589357993,-0.06302993550806757
2022,85,3146,8,0.26361945005564774,0.24507310870947235,0.19868391206463887,0.41484980538779914,0.006020498360652607,-0.0652486465273831
2023,25,1232,1,0.32421222205769706,0.31006493506493504,0.28103298446720665,0.4079731947261622,0.010807782405513982,-0.023739195543543923
2023,30,3626,11,0.404851672121581,0.4067843353557639,0.3320823634226724,0.31961107815692114,0.0065539090183386155,0.05690025452034003
2023,35,18302,34,0.3851541838770348,0.391541907988198,0.29676022459390544,0.38918029469687343,0.0029137015256246682,0.03720276627579383
2023,40,26135,58,0.3553293095292427,0.3558063898986034,0.2849875375551477,0.40588290510509933,0.0023802757058560297,0.007377891928001701
2023,45,29123,64,0.32731391029185763,0.3244514644782474,0.26576527795296057,0.4339260503505279,0.002222949608742927,-0.02063750730938335
2023,50,41216,74,0.3791227648298954,0.37997379658385094,0.30148391209133324,0.3712612273675235,0.0019202250036238389,0.03117134722865439
2023,55,32886,78,0.34602218867229717,0.34756431308155444,0.28154140793358623,0.4132207041652794,0.002116769294997515,-0.0019292289289438158
2023,60,37434,90,0.3458754574796622,0.3471443073142063,0.2770059370929726,0.4225791666593776,0.001981222730455358,-0.0020759601215787904
2023,65,34282,89,0.31045252676765195,0.3069832565194563,0.2540870145209617,0.442588542396538,0.001986514347930846,-0.03749889083358904
2023,70,33872,67,0.36441256684577994,0.36797354747283895,0.2986648879440065,0.40037037888301785,0.002105155794004033,0.016461149244538953
2023,75,15856,42,0.30450575818350223,0.30045408678102925,0.24591435476325668,0.44803413804646347,0.002907801484189867,-0.04344565941773876
2023,80,5733,15,0.3206414644744981,0.3218210361067504,0.25382643630645274,0.43294830170027765,0.0048480329871273655,-0.027309953126742892
2023,85,1543,6,0.35747272221127685,0.3545042125729099,0.2592496154994335,0.37663306985460876,0.00990329699385455,0.009521304610035863
2023,90,309,1,0.23584791009456016,0.21359223300970873,0.15800836846732735,0.41394474940874815,0.018068884222238242,-0.11210350750668083
2024,25,760,1,0.2844164695566226,0.2657894736842105,0.2665151914606165,0.42822670311495464,0.01342246878959316,-0.04875692681292504
2024,30,1272,4,0.4086811845922995,0.419811320754717,0.34130061755852653,0.3427470268388044,0.011299667342743092,0.07550778822275189
2024,35,20863,32,0.3466051717877749,0.3463068590327374,0.2741686512114882,0.418835192310168,0.0026725899652663924,0.013431775418227265
2024,40,41685,59,0.3426066015152194,0.3463596017752189,0.2712894493244809,0.4517880119997347,0.0019092945775400175,0.009433205145671753
2024,45,42051,71,0.33038382447537173,0.3311217331335759,0.2649508801582733,0.44517376270308606,0.001875788348263598,-0.0027895718941758907
2024,50,54115,75,0.3587648983666255,0.36217314977363024,0.28378420679920024,0.40960068156293306,0.001679061018898338,0.02559150199707788
2024,55,43728,81,0.34985026242648176,0.35407519209659716,0.2858665797679736,0.4308494492914716,0.0018566643918564694,0.016676866056934136
2024,60,48792,91,0.32670116066459365,0.32691834727004426,0.25910828025203925,0.44651167959492094,0.0017166090226514471,-0.006472235704953977
2024,65,46732,88,0.28545281832141944,0.28186253530771205,0.23275015454394715,0.48802339734816014,0.0016804305879883302,-0.04772057804812818
2024,70,46530,77,0.3405261173489612,0.3435203094777563,0.2731451659478858,0.4372599120620971,0.0017818135242266228,0.007352720979413585
2024,75,18359,47,0.29458510912544666,0.2925540606786862,0.2247944946208345,0.48728660967438303,0.002708524571915217,-0.03858828724410096
2024,80,7098,19,0.3170942383174157,0.31882220343758805,0.24979862659399338,0.45733914989131774,0.0044345879235120995,-0.016079158052131948
2024,85,1699,6,0.5188643512197646,0.5297233666862861,0.38934001618921715,0.34160328647554833,0.010258601376831926,0.18569095485021697
2024,90,1071,1,0.31596125509062944,0.30718954248366015,0.204599435894357,0.37230524192342446,0.011390219665279202,-0.01721214127891818
2025,25,1080,1,0.477927260343589,0.48518518518518516,0.38696889123034284,0.2892192689805395,0.012356076966811139,0.041387150981624654
2025,30,4229,7,0.47249046535955486,0.48285646724994086,0.34978108013899767,0.3372859446914128,0.006477370608731897,0.0359503559975905
2025,35,22677,33,0.4089280880085193,0.4129293998324293,0.3135070865867872,0.3723060566840461,0.0026619517099492167,-0.027612021353445038
2025,40,31920,51,0.3924551586179284,0.39865288220551376,0.2904875773870735,0.42180048504379375,0.0022503095699724293,-0.044084950744035956
2025,45,53574,68,0.4449774624874032,0.4534662336207862,0.33969228301263454,0.3464168869323837,0.0017470457435771795,0.008437353125438862
2025,50,60890,76,0.44174630455722835,0.45020528822466743,0.3344486180653832,0.3339514005223857,0.001628066102576203,0.005206195195263996
2025,55,46280,88,0.42552302258517616,0.4328867761452031,0.3228332151953443,0.3798478798082705,0.0018901382562680573,-0.011017086776788199
2025,60,52839,82,0.40958199612398144,0.41582921705558396,0.3055993520837904,0.38445139153049357,0.0017453213094384148,-0.026958113237982917
2025,65,34981,68,0.43473518206145956,0.44561333295217403,0.3348722216856739,0.37204260525910865,0.0021922080612273797,-0.0018049273005047994
2025,70,47986,70,0.43031047988063553,0.43973242195640394,0.31743520262440117,0.3845248639604539,0.0018691870072777722,-0.0062296294813288244
2025,75,21836,43,0.5434321336545479,0.568052756915186,0.41526182433699,0.2827973180836659,0.002769778049556939,0.10689202429258354
2025,80,10102,18,0.5323972166090191,0.5552365868144922,0.41349332341927997,0.279320994914535,0.0040298398185554815,0.09585710724705471
2025,85,1996,6,0.4940968930732015,0.5165330661322646,0.3645397299986504,0.28887974912742104,0.008935014523326098,0.057556783711237125
2025,90,1032,1,0.3848413487778103,0.375,0.19132953978000594,0.3538475275182259,0.011994987838037636,-0.05169876058415407
2026,25,997,1,0.3475419171229229,0.3370110330992979,0.26452508743421743,0.371199313330734,0.011998716037348338,-0.046070155152716674
2026,30,5378,5,0.49112187284540193,0.504090740052064,0.37592837675864654,0.27186756575206145,0.005483640408931219,0.09750980056976233
2026,35,16980,30,0.37411724840912275,0.37208480565371027,0.2846304017858292,0.3845890613522071,0.003015363717178883,-0.019494823866516853
2026,40,22845,45,0.3579908488292437,0.3592033267673452,0.27328306044164535,0.4345000578593002,0.0026207626149880557,-0.0356212234463959
2026,45,52317,65,0.384760129189577,0.38417722728749737,0.289413244865878,0.3780308950697204,0.0017185504779732349,-0.008851943086062575
2026,50,46722,65,0.41402783692029893,0.41794015667137535,0.31617341496314527,0.3481096712448445,0.0018495396717663176,0.02041576464465933
2026,55,53032,83,0.37564869701095177,0.37513199577613515,0.28921716228415456,0.4018928288351261,0.0017203735541330052,-0.01796337526468783
2026,60,44645,82,0.3687358550297691,0.36781274498824057,0.2788416692910565,0.4000782334403604,0.0018621598411188679,-0.024876217245870524
2026,65,29354,63,0.4005915837367739,0.41054030115146145,0.30782224659873236,0.39632337334653356,0.00237045885746957,0.006979511461134291
2026,70,39607,68,0.3922615545650282,0.39462721236145126,0.2922302325352227,0.3898890092805165,0.0020277478937974834,-0.0013505177106113986
2026,75,21412,48,0.4628064965157533,0.4736129273304689,0.35809467289226793,0.3380546504593689,0.002860725319250163,0.06919442424011368
2026,80,7619,20,0.4757900453238754,0.4917968237301483,0.3765348664370535,0.3181687685110219,0.004708956631415847,0.08217797304823582
2026,85,1174,6,0.4529401893391126,0.46507666098807493,0.3396537510678767,0.35255917058496067,0.011999063208176938,0.05932811706347302
2026,90,758,1,0.2749373498636895,0.2612137203166227,0.12311439939171302,0.436211405511169,0.012200444907063042,-0.1186747224119501
