cycle,party,weeks_to_election,n,anger
2012,Democrat,0,531,0.08971814496930261
2012,Democrat,1,686,0.09384110956466363
2012,Democrat,2,523,0.1204010520520376
2012,Democrat,3,630,0.13320806649336148
2012,Democrat,4,489,0.11252309366535007
2012,Democrat,5,514,0.14422613609824983
2012,Democrat,6,844,0.1987338515773186
2012,Democrat,7,786,0.16913576732666893
2012,Democrat,8,624,0.1083208441888042
2012,Democrat,9,352,0.11603823490043975
2012,Democrat,10,591,0.0977364186908224
2012,Democrat,11,456,0.1323492100529716
2012,Democrat,12,531,0.12234004566765157
2012,Democrat,13,826,0.21793279169267157
2012,Democrat,14,1032,0.17520449575047595
2012,Democrat,15,944,0.1783583879907876
2012,Democrat,16,941,0.2682933057791986
2012,Democrat,17,467,0.18949809770959347
2012,Democrat,18,839,0.17972404442958453
2012,Democrat,19,838,0.19987528353900624
2012,Democrat,20,715,0.1499746532081724
2012,Democrat,21,660,0.16575623053253036
2012,Democrat,22,703,0.21397463195714808
2012,Democrat,23,494,0.12038285726858566
2012,Democrat,24,661,0.21279107350024778
2012,Democrat,25,672,0.19545754673821475
2012,Democrat,26,586,0.17547943682009323
2012,Democrat,27,761,0.22636067564752194
2012,Democrat,28,695,0.18565417082926675
2012,Democrat,29,572,0.18391369180216527
2012,Democrat,30,376,0.12399302252216582
2012,Democrat,31,623,0.26299756937578056
2012,Democrat,32,852,0.17890936356287082
2012,Democrat,33,503,0.16662647934523125
2012,Democrat,34,682,0.1776718203479539
2012,Democrat,35,885,0.20739365514015284
2012,Democrat,36,532,0.11071404952492873
2012,Democrat,37,520,0.2049201698642439
2012,Democrat,38,676,0.18271030738781696
2012,Democrat,39,787,0.19248584578324965
2012,Democrat,40,643,0.14868986236386314
2012,Democrat,41,750,0.22157704972662032
2012,Democrat,42,457,0.12161242312199438
2012,Democrat,43,391,0.11853581221054887
2012,Democrat,46,556,0.326828824159381
2012,Democrat,47,643,0.25869653715345065
2012,Democrat,48,660,0.18976119801783087
2012,Democrat,49,307,0.13266400041222476
2012,Democrat,50,646,0.20759840770739912
2012,Democrat,51,625,0.15280429555922748
2012,Democrat,52,522,0.19302468758497487
2012,Democrat,53,594,0.1886103400687753
2012,Democrat,54,573,0.1520034250743154
2012,Democrat,55,770,0.1839365502885942
2012,Democrat,56,661,0.1762416008923276
2012,Democrat,57,633,0.16452749910886513
2012,Democrat,58,535,0.1714835463788047
2012,Democrat,59,513,0.1633520631689658
2012,Democrat,60,606,0.10873030930782111
2012,Democrat,61,303,0.16279810588659333
2012,Democrat,62,471,0.11624573100350338
2012,Democrat,63,335,0.21598058614824245
2012,Democrat,65,353,0.18047935593867986
2012,Democrat,66,716,0.29207181899909807
2012,Democrat,67,651,0.2781379667258093
2012,Democrat,68,529,0.2476281873144153
2012,Democrat,69,537,0.20763890345423053
2012,Democrat,70,414,0.19385224875571108
2012,Democrat,71,589,0.15090602264282607
2012,Democrat,72,571,0.1936836223494777
2012,Democrat,73,417,0.17602748398912504
2012,Democrat,74,414,0.21685263211726422
2012,Democrat,75,472,0.22267110920826888
2012,Democrat,76,482,0.1762925361126615
2012,Democrat,77,570,0.27224774216505976
2012,Democrat,78,611,0.2172868908523946
2012,Democrat,79,476,0.1323082197434073
2012,Democrat,81,593,0.3079028807550631
2012,Democrat,82,660,0.37045020385095
2012,Democrat,83,575,0.2577575222451402
2012,Democrat,84,477,0.1583585064707859
2012,Democrat,85,476,0.2077087405345113
2012,Democrat,86,668,0.2340367672432348
2012,Democrat,87,417,0.21222001965642331
2012,Democrat,88,388,0.17796689351497352
2012,Democrat,89,368,0.30173497581753234
2012,Democrat,90,353,0.24195708247381803
2012,Democrat,91,356,0.17537397058586474
2012,Democrat,92,364,0.13399425820718713
2012,Republican,0,563,0.13322398844580324
2012,Republican,1,539,0.13283188453597294
2012,Republican,2,486,0.15813577788452707
2012,Republican,3,499,0.18028157394480163
2012,Republican,4,530,0.1921396537227029
2012,Republican,5,584,0.21267725859867562
2012,Republican,6,810,0.2301839708753022
2012,Republican,7,952,0.21152884500324257
2012,Republican,8,877,0.19540446203445194
2012,Republican,9,422,0.17350527160840717
2012,Republican,10,544,0.14739910688470392
2012,Republican,11,516,0.1705776227452222
2012,Republican,12,511,0.15701692615437035
2012,Republican,13,812,0.2607871109729844
2012,Republican,14,870,0.27684061117951986
2012,Republican,15,953,0.21925232210611886
2012,Republican,16,923,0.2668959876141013
2012,Republican,17,693,0.2291496915125905
2012,Republican,18,1120,0.30758717612147196
2012,Republican,19,945,0.2543405310605608
2012,Republican,20,906,0.19032903139687105
2012,Republican,21,1068,0.21265158773581272
2012,Republican,22,975,0.22764326429424378
2012,Republican,23,838,0.1710442883525986
2012,Republican,24,858,0.19973899821407815
2012,Republican,25,737,0.17812911868209128
2012,Republican,26,589,0.14639113585706579
2012,Republican,27,1008,0.2116015609418456
2012,Republican,28,789,0.1491304989842195
2012,Republican,29,736,0.19444509447898978
2012,Republican,30,569,0.17537555076028033
2012,Republican,31,695,0.23065695440825476
2012,Republican,32,797,0.2600628446040902
2012,Republican,33,599,0.19880125629723394
2012,Republican,34,870,0.17829164771159747
2012,Republican,35,863,0.18719848497961739
2012,Republican,36,839,0.17310690359602082
2012,Republican,37,898,0.269014308549555
2012,Republican,38,872,0.2734377640918957
2012,Republican,39,1105,0.23988292298503053
2012,Republican,40,1078,0.22077238725080173
2012,Republican,41,1270,0.2894096954795349
2012,Republican,42,612,0.1741313170078606
2012,Republican,43,689,0.19708679869962945
2012,Republican,46,976,0.2554513626096419
2012,Republican,47,1069,0.2017193246215505
2012,Republican,48,977,0.18343177206238528
2012,Republican,49,444,0.11839820248985176
2012,Republican,50,1053,0.19884810368074962
2012,Republican,51,777,0.1579509750637855
2012,Republican,52,795,0.19160967013335922
2012,Republican,53,656,0.17990129177171804
2012,Republican,54,785,0.1881728972183766
2012,Republican,55,809,0.20179116339290373
2012,Republican,56,623,0.22254936353499324
2012,Republican,57,647,0.1933562279285912
2012,Republican,58,727,0.23056155492896227
2012,Republican,59,819,0.21833287492924358
2012,Republican,60,1006,0.18721728064846543
2012,Republican,61,552,0.1744206217404428
2012,Republican,62,531,0.1439528848121746
2012,Republican,63,503,0.13465265905721555
2012,Republican,64,555,0.2015082234155957
2012,Republican,65,756,0.22722673017492212
2012,Republican,66,1405,0.2374802042501465
2012,Republican,67,1165,0.2586273900540985
2012,Republican,68,976,0.24800201783578874
2012,Republican,69,1020,0.2786847150660869
2012,Republican,70,588,0.1665814234170315
2012,Republican,71,779,0.19102652823141225
2012,Republican,72,788,0.150886265736494
2012,Republican,73,727,0.14628409066056883
2012,Republican,74,801,0.16968480319298626
2012,Republican,75,895,0.20708678317303097
2012,Republican,76,1102,0.14516557225688764
2012,Republican,77,951,0.14719429556534994
2012,Republican,78,787,0.1538148872794529
2012,Republican,79,753,0.11566301824458211
2012,Republican,80,424,0.13876592128467308
2012,Republican,81,835,0.1975223345581643
2012,Republican,82,992,0.24247602896291703
2012,Republican,83,972,0.2042321549443942
2012,Republican,84,763,0.18058598779390905
2012,Republican,85,665,0.15933064034670816
2012,Republican,86,689,0.20482780215842716
2012,Republican,87,675,0.20776825546045546
2012,Republican,88,618,0.16199051178042387
2012,Republican,89,633,0.23719248442879715
2012,Republican,90,604,0.21226461944000685
2012,Republican,91,533,0.15550802633914168
2012,Republican,92,566,0.17666026559829476
2012,Republican,93,689,0.1724025358071521
2012,Republican,94,309,0.1421856999843348
2012,Republican,95,456,0.11310220298279698
2014,Democrat,0,1758,0.10418344533867685
2014,Democrat,1,1712,0.12246643756755636
2014,Democrat,2,1789,0.1257106323438593
2014,Democrat,3,1851,0.10487682013110791
2014,Democrat,4,2036,0.12326688781011967
2014,Democrat,5,2158,0.11733641620122062
2014,Democrat,6,2495,0.15839613051357154
2014,Democrat,7,2446,0.15886916184359257
2014,Democrat,8,1866,0.13819100827029593
2014,Democrat,9,1492,0.1201076258514476
2014,Democrat,10,1902,0.11643229868164096
2014,Democrat,11,1610,0.12811027855918922
2014,Democrat,12,1640,0.09185126705276893
2014,Democrat,13,2431,0.22572980518366625
2014,Democrat,14,2586,0.17560361045605755
2014,Democrat,15,2609,0.16850270813067925
2014,Democrat,16,709,0.1942932931200584
2014,Democrat,17,1927,0.13322272865569532
2014,Democrat,18,2767,0.17964262073677145
2014,Democrat,19,2510,0.1480217306354302
2014,Democrat,20,2229,0.14985206178792687
2014,Democrat,21,2401,0.12073390232496078
2014,Democrat,22,2180,0.16531087542529466
2014,Democrat,23,2055,0.1429883311643127
2014,Democrat,24,2573,0.14274976914359444
2014,Democrat,25,2734,0.1461365748939105
2014,Democrat,26,2799,0.14086585246396183
2014,Democrat,27,2424,0.12708000530563326
2014,Democrat,28,1730,0.09676976827123994
2014,Democrat,29,2369,0.1842743387575933
2014,Democrat,30,3035,0.18833153915746503
2014,Democrat,31,2796,0.1463380582771865
2014,Democrat,32,2410,0.10202875688818913
2014,Democrat,33,2260,0.14492515569317888
2014,Democrat,34,2294,0.1567243834247621
2014,Democrat,35,2210,0.1525245462396768
2014,Democrat,36,1893,0.12364854136894163
2014,Democrat,37,1847,0.12064802356247861
2014,Democrat,38,2267,0.14210435623396722
2014,Democrat,39,2232,0.14199853945155477
2014,Democrat,40,612,0.13128875188979935
2014,Democrat,41,1882,0.16132479194810517
2014,Democrat,42,2204,0.1734601227940988
2014,Democrat,43,1442,0.12394155311978186
2014,Democrat,44,515,0.17690336664288658
2014,Democrat,45,1200,0.1538558533465645
2014,Democrat,46,2008,0.1558862276135506
2014,Democrat,47,2165,0.12303945390845264
2014,Democrat,48,1305,0.10074538923942723
2014,Democrat,49,2094,0.12780530225503797
2014,Democrat,50,2198,0.1465586367595197
2014,Democrat,51,1720,0.11392212095697475
2014,Democrat,52,2204,0.1612497994508476
2014,Democrat,53,1561,0.14847004613442338
2014,Democrat,54,1658,0.1961924961301306
2014,Democrat,55,1565,0.37229961724773336
2014,Democrat,56,1976,0.43270344884480777
2014,Democrat,57,2714,0.41449238184644577
2014,Democrat,58,2122,0.2579573354610083
2014,Democrat,59,1677,0.13404527354844417
2014,Democrat,60,1243,0.10693499581867338
2014,Democrat,61,1291,0.12810323107843363
2014,Democrat,62,1212,0.0991148868235283
2014,Democrat,63,1139,0.09699317663858945
2014,Democrat,64,1026,0.11614168213624108
2014,Democrat,65,656,0.15390200331727633
2014,Democrat,66,719,0.19827471422718032
2014,Democrat,67,2527,0.1861536753252237
2014,Democrat,68,2195,0.22329905746114315
2014,Democrat,69,1148,0.1564491007761796
2014,Democrat,70,2242,0.18561032018125767
2014,Democrat,71,2017,0.1857645053917013
2014,Democrat,72,2137,0.1782145215079422
2014,Democrat,73,1882,0.1760746718104236
2014,Democrat,74,1436,0.11595438190925254
2014,Democrat,75,1540,0.13647286953138454
2014,Democrat,76,2159,0.18737665344449816
2014,Democrat,77,1692,0.1627707735329303
2014,Democrat,78,1478,0.10143057462892902
2014,Democrat,79,1639,0.1422670881151403
2014,Democrat,80,1718,0.15760489842340533
2014,Democrat,81,1708,0.1322921219109274
2014,Democrat,82,1367,0.13136182867580562
2014,Democrat,83,992,0.09278821545036232
2014,Democrat,84,1782,0.15240550088326685
2014,Democrat,85,1787,0.20048631630055128
2014,Democrat,86,1838,0.21584251656914505
2014,Democrat,87,2105,0.22363934668196883
2014,Democrat,88,1710,0.22526596804116772
2014,Democrat,89,1601,0.15078985664515357
2014,Democrat,90,1302,0.1616988293565495
2014,Democrat,91,1115,0.12428990074479326
2014,Democrat,92,1148,0.14345307058317242
2014,Democrat,93,881,0.12630349551523093
2014,Democrat,94,668,0.127900094785142
2014,Democrat,95,723,0.1559767441722316
2014,Democrat,96,320,0.24625198559224373
2014,Democrat,97,527,0.27095534837233926
2014,Democrat,98,832,0.21180380919898967
2014,Democrat,99,620,0.18563812017185433
2014,Democrat,100,854,0.1921634554832441
2014,Democrat,101,379,0.10624987678110875
2014,Democrat,102,582,0.13479864781264767
2014,Democrat,103,450,0.08067950704341961
2014,Republican,0,967,0.14551900650857108
2014,Republican,1,1264,0.14497566824562294
2014,Republican,2,1455,0.1829570669994475
2014,Republican,3,1238,0.1422972140960871
2014,Republican,4,1477,0.1466788727815024
2014,Republican,5,1433,0.162032804048613
2014,Republican,6,2035,0.14878013217135239
2014,Republican,7,1941,0.17704826955899927
2014,Republican,8,1564,0.19538549130872998
2014,Republican,9,1229,0.14160091028851135
2014,Republican,10,1295,0.13759200284850845
2014,Republican,11,1367,0.12695819799956576
2014,Republican,12,1287,0.1392674182804711
2014,Republican,13,1890,0.2072161418851465
2014,Republican,14,2446,0.2498117054200359
2014,Republican,15,2486,0.2757961038529666
2014,Republican,16,648,0.25789658998765835
2014,Republican,17,1475,0.17755376917231133
2014,Republican,18,2110,0.21070973238073537
2014,Republican,19,2178,0.22294705371048276
2014,Republican,20,1817,0.18586154209309447
2014,Republican,21,1879,0.16210145337723728
2014,Republican,22,2005,0.2170326585519102
2014,Republican,23,1810,0.1724416214095439
2014,Republican,24,2198,0.15997045172706376
2014,Republican,25,2444,0.17606637470402073
2014,Republican,26,2278,0.18463648893319307
2014,Republican,27,1769,0.16607994041887336
2014,Republican,28,1476,0.15730969801177283
2014,Republican,29,2018,0.19239279261351322
2014,Republican,30,2144,0.2006693826697301
2014,Republican,31,2040,0.20819078091162202
2014,Republican,32,2036,0.19733069505732806
2014,Republican,33,2140,0.18091560939738144
2014,Republican,34,2107,0.2226782613447158
2014,Republican,35,1961,0.26579132437951053
2014,Republican,36,1505,0.19354837915188697
2014,Republican,37,1135,0.16785922165024647
2014,Republican,38,2021,0.24880597198276952
2014,Republican,39,1715,0.2321384982786986
2014,Republican,40,402,0.15547344032721364
2014,Republican,41,1566,0.19229032656494266
2014,Republican,42,1872,0.21755640876616758
2014,Republican,43,897,0.20005350445273645
2014,Republican,44,334,0.1235227942296644
2014,Republican,45,990,0.2233762600588509
2014,Republican,46,1519,0.22269942105329002
2014,Republican,47,1703,0.17216741183638154
2014,Republican,48,967,0.19452306960618862
2014,Republican,49,1809,0.21178724956140127
2014,Republican,50,2048,0.2549575004443341
2014,Republican,51,1706,0.17510474404617096
2014,Republican,52,1795,0.25727503114278766
2014,Republican,53,1957,0.29834684842148596
2014,Republican,54,1461,0.3208811767641544
2014,Republican,55,1492,0.2850123607492993
2014,Republican,56,1918,0.35115630497594635
2014,Republican,57,2649,0.43341710424351637
2014,Republican,58,2372,0.3071303922183573
2014,Republican,59,2151,0.20454679474527704
2014,Republican,60,1764,0.20348385339518354
2014,Republican,61,1425,0.16132950946133126
2014,Republican,62,1549,0.1726019419735722
2014,Republican,63,1273,0.190665445573268
2014,Republican,64,1443,0.18832799348669102
2014,Republican,65,719,0.17469935411242807
2014,Republican,66,926,0.2906966005466058
2014,Republican,67,2186,0.2599150469245036
2014,Republican,68,1928,0.25500930566944496
2014,Republican,69,1651,0.2596616418721963
2014,Republican,70,2241,0.23955902692738013
2014,Republican,71,2384,0.251094791513552
2014,Republican,72,2630,0.19292448360867756
2014,Republican,73,2106,0.21004519951224668
2014,Republican,74,2317,0.2040830616222033
2014,Republican,75,1917,0.16108610082940472
2014,Republican,76,3186,0.2963084913199745
2014,Republican,77,2586,0.2916021519783547
2014,Republican,78,1972,0.16978706872118088
2014,Republican,79,1658,0.20442079302357158
2014,Republican,80,1476,0.18357534564054775
2014,Republican,81,1892,0.19543915259898945
2014,Republican,82,1265,0.13815044595127401
2014,Republican,83,972,0.13194499140961763
2014,Republican,84,1626,0.19312479261877094
2014,Republican,85,1745,0.18644463764450228
2014,Republican,86,1585,0.23003108833449354
2014,Republican,87,1775,0.2587404408282272
2014,Republican,88,1385,0.2147164374566385
2014,Republican,89,1708,0.20455159725369426
2014,Republican,90,1263,0.18048677930567097
2014,Republican,91,1074,0.20534790301300043
2014,Republican,92,1192,0.21514054255922568
2014,Republican,93,946,0.2180502278618042
2014,Republican,94,746,0.1745862827721194
2014,Republican,95,876,0.1636225987081182
2014,Republican,96,312,0.2614129825587719
2014,Republican,97,382,0.16417239875537562
2014,Republican,98,672,0.17471195173649384
2014,Republican,99,680,0.19524956162306753
2014,Republican,100,740,0.16634184778951158
2014,Republican,101,310,0.09053908837808956
2014,Republican,102,577,0.15859737054588502
2014,Republican,103,455,0.09591131913322178
2016,Democrat,0,1162,0.11785025240391775
2016,Democrat,1,1051,0.15042397153912046
2016,Democrat,2,985,0.18696428136143664
2016,Democrat,3,1069,0.13260912006220826
2016,Democrat,4,1421,0.15835208383295096
2016,Democrat,5,2210,0.20625180699103995
2016,Democrat,6,2962,0.23799128623589355
2016,Democrat,7,3552,0.23328003572480469
2016,Democrat,8,2583,0.18657956445900464
2016,Democrat,9,1642,0.13345854881306912
2016,Democrat,10,2102,0.13485494115346464
2016,Democrat,11,1752,0.1497975386419763
2016,Democrat,12,1931,0.18634748047074
2016,Democrat,13,634,0.15190978744801734
2016,Democrat,14,680,0.11235070125377901
2016,Democrat,15,1824,0.14515584769501483
2016,Democrat,16,2966,0.2516274723679327
2016,Democrat,17,3363,0.3374980312708816
2016,Democrat,18,2427,0.2929930583820235
2016,Democrat,19,5015,0.3565372324162855
2016,Democrat,20,3185,0.27349004112483766
2016,Democrat,21,2933,0.229734659468818
2016,Democrat,22,2356,0.18203980029787525
2016,Democrat,23,2187,0.16758373386286637
2016,Democrat,24,3171,0.23438303869163887
2016,Democrat,25,2967,0.17831936025925177
2016,Democrat,26,2383,0.1408607054064445
2016,Democrat,27,2861,0.17003253818437852
2016,Democrat,28,2892,0.14328073247955445
2016,Democrat,29,3000,0.17801886307898288
2016,Democrat,30,2862,0.18368968576050326
2016,Democrat,31,2294,0.15349257444959205
2016,Democrat,32,2322,0.1688055353789469
2016,Democrat,33,3052,0.1719282294762703
2016,Democrat,34,2654,0.1538060371902264
2016,Democrat,35,3023,0.15285401052699538
2016,Democrat,36,2868,0.15732870241101035
2016,Democrat,37,2483,0.1324248574831663
2016,Democrat,38,2332,0.14256979404770134
2016,Democrat,39,819,0.13227837105191817
2016,Democrat,40,2013,0.14946072662255686
2016,Democrat,41,1142,0.18706304266487758
2016,Democrat,42,1754,0.1318933717561875
2016,Democrat,43,1176,0.21467794700079046
2016,Democrat,44,516,0.20486850677195273
2016,Democrat,45,313,0.10263869173069018
2016,Democrat,46,902,0.17885097110785436
2016,Democrat,47,1290,0.18490826030868257
2016,Democrat,48,1435,0.2039454083561975
2016,Democrat,49,855,0.134777544357144
2016,Democrat,50,1248,0.2045901680978251
2016,Democrat,51,1134,0.1505303239031831
2016,Democrat,52,1298,0.18003690758331153
2016,Democrat,53,1456,0.15440633220970376
2016,Democrat,54,1578,0.20727349666058806
2016,Democrat,55,1179,0.16870268934348676
2016,Democrat,56,1175,0.21056129044714444
2016,Democrat,57,1399,0.20664585486029124
2016,Democrat,58,1604,0.14567724809902918
2016,Democrat,59,1575,0.21002430917636034
2016,Democrat,60,1390,0.17608464891258493
2016,Democrat,61,888,0.13913863961352035
2016,Democrat,62,1655,0.1221505582107518
2016,Democrat,63,1840,0.1094792597992953
2016,Democrat,64,1838,0.10316020575751296
2016,Democrat,65,2271,0.13334731472051653
2016,Democrat,66,2648,0.17136001339892004
2016,Democrat,67,2962,0.1912872057211894
2016,Democrat,68,3060,0.1362559715483727
2016,Democrat,69,3729,0.1875727186119346
2016,Democrat,70,2094,0.12029076802189378
2016,Democrat,71,2874,0.17057930115592862
2016,Democrat,72,2830,0.15984595553347242
2016,Democrat,73,2273,0.18407533779798516
2016,Democrat,74,482,0.17578240925894423
2016,Democrat,75,2163,0.1449318835018801
2016,Democrat,76,2152,0.14965408064185237
2016,Democrat,77,3046,0.1696190224117792
2016,Democrat,78,2568,0.12891697508429475
2016,Democrat,79,2972,0.1601730541454272
2016,Democrat,80,3226,0.12661041007502788
2016,Democrat,81,2782,0.18108788488809713
2016,Democrat,82,2460,0.1393640690940296
2016,Democrat,83,1700,0.10055057039265247
2016,Democrat,84,2418,0.14848861125847856
2016,Democrat,85,2678,0.1627763768025452
2016,Democrat,86,2390,0.14408985342592717
2016,Democrat,87,2401,0.15191261560153038
2016,Democrat,88,2972,0.23313825973646443
2016,Democrat,89,2106,0.16841807937075307
2016,Democrat,90,1359,0.17707468754960726
2016,Democrat,92,1078,0.17357576966431712
2016,Democrat,93,3152,0.17227623771390344
2016,Democrat,94,2050,0.14957138163332895
2016,Democrat,95,2236,0.17335774980390475
2016,Democrat,96,734,0.092188014842986
2016,Democrat,97,669,0.10690931355029411
2016,Democrat,98,1249,0.10837675209937869
2016,Democrat,99,2186,0.16376129087038963
2016,Democrat,100,1936,0.16791247926310401
2016,Democrat,101,1283,0.10049258935572296
2016,Democrat,102,2112,0.17235172169393714
2016,Democrat,103,761,0.17817834180286557
2016,Republican,0,913,0.11706793630268192
2016,Republican,1,1086,0.16574975010264892
2016,Republican,2,1087,0.15710656876417037
2016,Republican,3,1228,0.13559645146369656
2016,Republican,4,1221,0.13344702439269784
2016,Republican,5,2251,0.1752231854350467
2016,Republican,6,2999,0.1766246634291093
2016,Republican,7,2647,0.17481688499358503
2016,Republican,8,3009,0.19697198585179057
2016,Republican,9,1656,0.14049386643933398
2016,Republican,10,1854,0.10537712670412586
2016,Republican,11,1859,0.15092878262580017
2016,Republican,12,1869,0.1272811496018897
2016,Republican,13,544,0.11631952308423077
2016,Republican,14,578,0.130013212098363
2016,Republican,15,1605,0.09066430131478287
2016,Republican,16,2731,0.19495597502205783
2016,Republican,17,3077,0.19003712725612223
2016,Republican,18,2051,0.17194691651783656
2016,Republican,19,3005,0.22117987753662238
2016,Republican,20,2584,0.17257991112677104
2016,Republican,21,2832,0.14446984755472506
2016,Republican,22,2082,0.14649077033352081
2016,Republican,23,2162,0.14727461808076805
2016,Republican,24,2866,0.1781901578283729
2016,Republican,25,2904,0.14313771807605954
2016,Republican,26,2235,0.08777604395579922
2016,Republican,27,2643,0.1509837177057049
2016,Republican,28,2486,0.13380723843581027
2016,Republican,29,2946,0.1626604520457336
2016,Republican,30,2113,0.13290129641689788
2016,Republican,31,2006,0.1258998816263707
2016,Republican,32,2027,0.1443949845862094
2016,Republican,33,2825,0.17131469334665259
2016,Republican,34,2509,0.16841551417729125
2016,Republican,35,2397,0.12702838669371358
2016,Republican,36,2742,0.14413478077220493
2016,Republican,37,2176,0.18647287443202323
2016,Republican,38,2368,0.17986435832957598
2016,Republican,39,766,0.18509037856270338
2016,Republican,40,1770,0.13354634341946933
2016,Republican,41,1340,0.16534272168498876
2016,Republican,42,1755,0.2559810963390326
2016,Republican,43,1599,0.21207619107632972
2016,Republican,44,731,0.22903910607402755
2016,Republican,45,475,0.12366683636252818
2016,Republican,46,1121,0.22207870321467943
2016,Republican,47,1304,0.18937808858085012
2016,Republican,48,1565,0.19713954533310457
2016,Republican,49,783,0.14018739357062568
2016,Republican,50,1408,0.18676549497600223
2016,Republican,51,1628,0.1842489951235558
2016,Republican,52,1523,0.19126907586763983
2016,Republican,53,1431,0.21050955946843583
2016,Republican,54,1628,0.24753456468566915
2016,Republican,55,1206,0.15471945071992949
2016,Republican,56,1352,0.1499456694937234
2016,Republican,57,1501,0.16961702238830387
2016,Republican,58,1330,0.12060603637185256
2016,Republican,59,1504,0.19691769973631265
2016,Republican,60,1581,0.2863681198235903
2016,Republican,61,868,0.16405256433908136
2016,Republican,62,1715,0.11482268976951805
2016,Republican,63,1829,0.12931849105177196
2016,Republican,64,1675,0.1390805595660054
2016,Republican,65,1565,0.17748941215641867
2016,Republican,66,2209,0.2140294722528667
2016,Republican,67,2883,0.22220795486507433
2016,Republican,68,2857,0.1973663007340625
2016,Republican,69,3130,0.19852075520322654
2016,Republican,70,1765,0.11830701145710207
2016,Republican,71,2445,0.1971828515508073
2016,Republican,72,2470,0.14425029630427766
2016,Republican,73,2236,0.16173900745822406
2016,Republican,74,343,0.1985925466579768
2016,Republican,75,2172,0.17607224892531598
2016,Republican,76,2187,0.13464284048626088
2016,Republican,77,2770,0.1533080571452122
2016,Republican,78,2635,0.10171458334935939
2016,Republican,79,2710,0.11080779343434503
2016,Republican,80,2333,0.14003162893182824
2016,Republican,81,2586,0.17414418798428366
2016,Republican,82,2243,0.14562337541461948
2016,Republican,83,1745,0.11834805883162983
2016,Republican,84,2360,0.14253342543922018
2016,Republican,85,2814,0.17990240881132794
2016,Republican,86,2409,0.1496394886274738
2016,Republican,87,2023,0.1683602328116449
2016,Republican,88,3193,0.21462184013542157
2016,Republican,89,2311,0.20794525256175717
2016,Republican,90,1226,0.15300998933762192
2016,Republican,92,1164,0.15292726274895005
2016,Republican,93,3324,0.2002535489268453
2016,Republican,94,1781,0.16434072505877234
2016,Republican,95,2277,0.18294014271633388
2016,Republican,96,752,0.09739754202978765
2016,Republican,97,407,0.09870601213406725
2016,Republican,98,932,0.1785507632647801
2016,Republican,99,1337,0.2044953514021461
2016,Republican,100,1538,0.20629185434280664
2016,Republican,101,921,0.1460596671500865
2016,Republican,102,1699,0.3012964318051722
2016,Republican,103,411,0.2356781463440136
2018,Democrat,0,2771,0.29893100620487734
2018,Democrat,1,3079,0.37597215764548786
2018,Democrat,2,2840,0.4241144110356838
2018,Democrat,3,3096,0.32627706570855824
2018,Democrat,4,2934,0.3842651215639034
2018,Democrat,5,3385,0.38813509690538156
2018,Democrat,6,3032,0.3686164642093177
2018,Democrat,7,3181,0.35584650856595873
2018,Democrat,8,2989,0.38638927463199674
2018,Democrat,9,2260,0.42437935489254586
2018,Democrat,10,3198,0.34075772135781757
2018,Democrat,11,2800,0.3658667460430713
2018,Democrat,12,2570,0.36725080251614
2018,Democrat,13,2863,0.3657034838414701
2018,Democrat,14,3436,0.3991069208263562
2018,Democrat,15,3649,0.42927430946725476
2018,Democrat,16,4032,0.5069453971695371
2018,Democrat,17,2716,0.44409985219247416
2018,Democrat,18,3802,0.39068266676501495
2018,Democrat,19,4108,0.4919405068247511
2018,Democrat,20,4286,0.4746051840911125
2018,Democrat,21,995,0.44966847733196674
2018,Democrat,22,2764,0.37799100421673004
2018,Democrat,23,2724,0.3343069094300568
2018,Democrat,24,3953,0.38035265730680745
2018,Democrat,25,3543,0.3219219429295951
2018,Democrat,26,3261,0.334420720966803
2018,Democrat,27,3468,0.3103150222144351
2018,Democrat,28,3619,0.3332891073390588
2018,Democrat,29,3723,0.4133206981487158
2018,Democrat,30,3222,0.3266707968883376
2018,Democrat,31,2833,0.3038658202733309
2018,Democrat,32,3732,0.3124280124741765
2018,Democrat,33,2496,0.32982936217442144
2018,Democrat,34,2481,0.30074588872634206
2018,Democrat,35,3303,0.3191116470357168
2018,Democrat,36,3044,0.34059828416974886
2018,Democrat,37,2803,0.36796174355065886
2018,Democrat,38,2931,0.3655033342663233
2018,Democrat,39,3385,0.39777630479535864
2018,Democrat,40,2977,0.37942171944400715
2018,Democrat,41,3219,0.5093445738639513
2018,Democrat,42,2689,0.3657191711042926
2018,Democrat,43,2440,0.37999506241977826
2018,Democrat,44,1035,0.28091317992387477
2018,Democrat,45,1882,0.4339840047469206
2018,Democrat,46,3327,0.4617377763386197
2018,Democrat,47,3136,0.37411857542217464
2018,Democrat,48,3192,0.5095149866176331
2018,Democrat,49,1699,0.33739380088726334
2018,Democrat,50,3064,0.4218899102983528
2018,Democrat,51,3271,0.3887426195627329
2018,Democrat,52,3579,0.3919332162830323
2018,Democrat,53,3236,0.35470723209998195
2018,Democrat,54,3514,0.3199355512839945
2018,Democrat,55,6004,0.28996352239337864
2018,Democrat,56,4421,0.337778601866585
2018,Democrat,57,4431,0.3124388380022814
2018,Democrat,58,4728,0.39017894044644535
2018,Democrat,59,4138,0.31079968046961887
2018,Democrat,60,3394,0.21507941863180452
2018,Democrat,61,2884,0.3185333101202872
2018,Democrat,62,3232,0.31122324643956295
2018,Democrat,63,3368,0.345600529144559
2018,Democrat,64,3020,0.3855869821275874
2018,Democrat,65,2789,0.25568952519772525
2018,Democrat,66,4141,0.3739343926882242
2018,Democrat,67,4070,0.38479753955809687
2018,Democrat,68,4391,0.401219493070135
2018,Democrat,69,2947,0.35903037531939114
2018,Democrat,70,2565,0.37577657957559496
2018,Democrat,71,4528,0.4291150849573758
2018,Democrat,72,3792,0.3016773217896423
2018,Democrat,73,3654,0.38774648476399676
2018,Democrat,74,2298,0.38917759258380713
2018,Democrat,75,2827,0.3860960486104503
2018,Democrat,76,3645,0.39519254926180747
2018,Democrat,77,3575,0.3968367703946737
2018,Democrat,78,3412,0.4789127249490816
2018,Democrat,79,3781,0.3723873592866597
2018,Democrat,80,2442,0.3016161558383818
2018,Democrat,81,2210,0.2936284989636914
2018,Democrat,82,2907,0.34857713894098086
2018,Democrat,83,3240,0.35363828734441566
2018,Democrat,84,4037,0.48943322503411896
2018,Democrat,85,3745,0.46475884497367115
2018,Democrat,86,3707,0.4395643960119765
2018,Democrat,87,3604,0.42505019854891946
2018,Democrat,88,2893,0.3516554105951236
2018,Democrat,89,2787,0.4162737075535157
2018,Democrat,90,2917,0.41049199673649844
2018,Democrat,91,3072,0.42259705001727826
2018,Democrat,92,3562,0.48364065110904114
2018,Democrat,93,2681,0.36186427545046984
2018,Democrat,94,2579,0.33809307708104147
2018,Democrat,95,2627,0.401833853498243
2018,Democrat,96,787,0.3152350080394798
2018,Democrat,97,847,0.25487580027875467
2018,Democrat,98,1806,0.24036367273201562
2018,Democrat,99,2529,0.2386982978519366
2018,Democrat,100,2025,0.2081712741129974
2018,Democrat,101,872,0.2001489875015777
2018,Democrat,102,1123,0.2602182958915312
2018,Democrat,103,858,0.20388236262624984
2018,Republican,0,1697,0.12049778698834891
2018,Republican,1,2194,0.1869176256334759
2018,Republican,2,1830,0.1328073154554748
2018,Republican,3,2318,0.1251534505510611
2018,Republican,4,2144,0.13787388710093115
2018,Republican,5,2327,0.1385183042799994
2018,Republican,6,2174,0.11594747021394201
2018,Republican,7,2980,0.10829675037526344
2018,Republican,8,2763,0.11067100065408751
2018,Republican,9,1536,0.12433135163306967
2018,Republican,10,1862,0.10570129227502398
2018,Republican,11,1828,0.1341018713119132
2018,Republican,12,1800,0.1144470991124399
2018,Republican,13,1926,0.1209479013427914
2018,Republican,14,2183,0.15794970395778993
2018,Republican,15,2443,0.1788109746788115
2018,Republican,16,2492,0.20811405981555253
2018,Republican,17,1684,0.11236449830027213
2018,Republican,18,2196,0.14088320360775147
2018,Republican,19,2468,0.1760745097963612
2018,Republican,20,2778,0.1522024037439478
2018,Republican,21,526,0.17069538262895814
2018,Republican,22,1749,0.13171704833700895
2018,Republican,23,2015,0.12908613405446925
2018,Republican,24,2515,0.13350895550972217
2018,Republican,25,2360,0.11856502242104182
2018,Republican,26,2205,0.140646539850038
2018,Republican,27,2304,0.12343572939274357
2018,Republican,28,2512,0.1213335204906769
2018,Republican,29,2903,0.19212739988595254
2018,Republican,30,1815,0.14067407346628197
2018,Republican,31,1696,0.09180736908017008
2018,Republican,32,2350,0.18014805974498233
2018,Republican,33,1644,0.1481903954159804
2018,Republican,34,1695,0.1527495247479473
2018,Republican,35,2260,0.1286964879697807
2018,Republican,36,1781,0.10733639044663097
2018,Republican,37,1653,0.1393723788387235
2018,Republican,38,2099,0.1498656818115655
2018,Republican,39,2595,0.15420615941928503
2018,Republican,40,2257,0.13727806652819768
2018,Republican,41,3139,0.37027190873985644
2018,Republican,42,1862,0.13979396726771046
2018,Republican,43,1672,0.13915120667703315
2018,Republican,44,831,0.11126302419035336
2018,Republican,45,1573,0.13322532568742668
2018,Republican,46,1799,0.12163536321437023
2018,Republican,47,1848,0.12566697079808253
2018,Republican,48,1928,0.1508429194539708
2018,Republican,49,1030,0.1004915796107278
2018,Republican,50,1916,0.14406279485202678
2018,Republican,51,2107,0.0985001437244455
2018,Republican,52,2267,0.13831860523130277
2018,Republican,53,1959,0.1361825084280472
2018,Republican,54,1840,0.13213547622929225
2018,Republican,55,2219,0.11801168251339449
2018,Republican,56,2131,0.12486182312240299
2018,Republican,57,2933,0.10950026812652323
2018,Republican,58,2331,0.11147340509234654
2018,Republican,59,2656,0.12012711036727688
2018,Republican,60,2908,0.12943749893741732
2018,Republican,61,1863,0.11138233773973213
2018,Republican,62,2377,0.09572338524713743
2018,Republican,63,2117,0.13523573608563955
2018,Republican,64,1758,0.2213709275971937
2018,Republican,65,2059,0.11082866462603422
2018,Republican,66,2052,0.15441588529151434
2018,Republican,67,2358,0.14415345410875616
2018,Republican,68,2540,0.14409916039068604
2018,Republican,69,1516,0.126169238090552
2018,Republican,70,1739,0.1551165596762476
2018,Republican,71,2293,0.12660064336848256
2018,Republican,72,2451,0.1312091095218764
2018,Republican,73,2111,0.14386015958653448
2018,Republican,74,1276,0.1276014880072851
2018,Republican,75,1559,0.13035299445635676
2018,Republican,76,2006,0.12211910152254424
2018,Republican,77,1553,0.1168029544878324
2018,Republican,78,1734,0.16010496749745676
2018,Republican,79,2169,0.14076909655683625
2018,Republican,80,1594,0.09618121314644253
2018,Republican,81,1310,0.08025790152339023
2018,Republican,82,2072,0.16032159164265647
2018,Republican,83,1926,0.13901210201566658
2018,Republican,84,1823,0.17117744011245567
2018,Republican,85,2062,0.12844462113777422
2018,Republican,86,2030,0.14380146665292162
2018,Republican,87,2329,0.13563427012177812
2018,Republican,88,1892,0.1226214658177062
2018,Republican,89,1583,0.14179116942898023
2018,Republican,90,1614,0.14993696107212892
2018,Republican,91,2204,0.18337017600044284
2018,Republican,92,1897,0.18424694816352144
2018,Republican,93,2442,0.14824179981882477
2018,Republican,94,1864,0.17617933045325265
2018,Republican,95,2312,0.19141860288317286
2018,Republican,96,925,0.13375369608125373
2018,Republican,97,914,0.20614582236756365
2018,Republican,98,1536,0.1522132931889549
2018,Republican,99,2122,0.10643608422408321
2018,Republican,100,2041,0.13227430972878013
2018,Republican,101,1026,0.11164280263658025
2018,Republican,102,1063,0.1197282446584264
2018,Republican,103,997,0.10367998621569444
2020,Democrat,0,7129,0.23497903720373967
2020,Democrat,1,7774,0.35197725667259894
2020,Democrat,2,6778,0.2981852035319301
2020,Democrat,3,6491,0.3268885798447415
2020,Democrat,4,7300,0.32625339803777076
2020,Democrat,5,8091,0.34485516321252324
2020,Democrat,6,7762,0.2815885558612278
2020,Democrat,7,6991,0.3081416794558647
2020,Democrat,8,5127,0.317925983765247
2020,Democrat,9,5332,0.3189668425118054
2020,Democrat,10,6930,0.3506471573741378
2020,Democrat,11,6836,0.38511432076541674
2020,Democrat,12,6522,0.33563053825070777
2020,Democrat,13,7828,0.3318916912790598
2020,Democrat,14,7881,0.351202388354664
2020,Democrat,15,7132,0.3314650028933765
2020,Democrat,16,6316,0.3509283162308919
2020,Democrat,17,5717,0.2889284727453419
2020,Democrat,18,7406,0.3554371454965315
2020,Democrat,19,6901,0.31332805673299613
2020,Democrat,20,6362,0.33977405530866384
2020,Democrat,21,6544,0.3731295490992645
2020,Democrat,22,6525,0.3919194273118258
2020,Democrat,23,5336,0.23257771005822245
2020,Democrat,24,6723,0.23711934382881802
2020,Democrat,25,7220,0.245193481445248
2020,Democrat,26,7014,0.22603249809703924
2020,Democrat,27,7331,0.22381510799657947
2020,Democrat,28,7483,0.24862590970163592
2020,Democrat,29,7033,0.19579332667903743
2020,Democrat,30,7557,0.22801800050034643
2020,Democrat,31,7853,0.18621893654636495
2020,Democrat,32,9583,0.1991110545998583
2020,Democrat,33,7496,0.2121641668438573
2020,Democrat,34,6398,0.2400654862971383
2020,Democrat,35,6725,0.285267412078508
2020,Democrat,36,4651,0.29331361319668714
2020,Democrat,37,5310,0.30946347968365207
2020,Democrat,38,7982,0.3881523188728799
2020,Democrat,39,6557,0.35753885196608237
2020,Democrat,40,6751,0.40141636563753047
2020,Democrat,41,5298,0.36533188472590533
2020,Democrat,42,5553,0.3696620883981117
2020,Democrat,43,3349,0.3813335906144673
2020,Democrat,44,2706,0.24936650683435682
2020,Democrat,45,6040,0.347042491738777
2020,Democrat,46,8722,0.32652427903086617
2020,Democrat,47,8812,0.37624025957487567
2020,Democrat,48,4179,0.25787491386326855
2020,Democrat,49,7856,0.32715639417398057
2020,Democrat,50,8753,0.36084689621916377
2020,Democrat,51,6212,0.254607503957522
2020,Democrat,52,7150,0.30116152859214773
2020,Democrat,53,8126,0.30371173423505887
2020,Democrat,54,7436,0.3447535447428449
2020,Democrat,55,4538,0.30612959343036605
2020,Democrat,56,4905,0.32538570811507783
2020,Democrat,57,5438,0.36454844516400575
2020,Democrat,58,6063,0.35162120537180164
2020,Democrat,59,5436,0.31987068563107107
2020,Democrat,60,4858,0.34075077748142363
2020,Democrat,61,3787,0.2897336393316107
2020,Democrat,62,3908,0.3020814135602743
2020,Democrat,63,4114,0.33406139099705595
2020,Democrat,64,4169,0.330638363034348
2020,Democrat,65,4552,0.3605572483201572
2020,Democrat,66,5517,0.36264137746231084
2020,Democrat,67,5486,0.31516488727303194
2020,Democrat,68,6366,0.3880952567552918
2020,Democrat,69,3937,0.33573546613892313
2020,Democrat,70,6111,0.3493546193992593
2020,Democrat,71,6615,0.3418441063442527
2020,Democrat,72,5918,0.3045251157657086
2020,Democrat,73,6002,0.2838509780123519
2020,Democrat,74,5465,0.27825468045140445
2020,Democrat,75,4967,0.3120696113349895
2020,Democrat,76,6387,0.33286277349648674
2020,Democrat,77,5882,0.3071105259634359
2020,Democrat,78,4806,0.32292112588885935
2020,Democrat,79,2801,0.2864357974986728
2020,Democrat,80,4500,0.29435525283258823
2020,Democrat,81,4759,0.2931313821774882
2020,Democrat,82,5295,0.31737604994305724
2020,Democrat,83,5753,0.32700302260477004
2020,Democrat,84,5172,0.30666057045032374
2020,Democrat,85,5332,0.32640226881372775
2020,Democrat,86,6440,0.3104106988735072
2020,Democrat,87,5348,0.3118171685262254
2020,Democrat,88,4654,0.3272735957464213
2020,Democrat,89,5255,0.3217886526018406
2020,Democrat,90,6828,0.29726249225960455
2020,Democrat,91,5313,0.29180775367707973
2020,Democrat,92,5653,0.43182324900203883
2020,Democrat,93,5872,0.4188965238377085
2020,Democrat,94,6358,0.4982072427462287
2020,Democrat,95,4715,0.39914408761737347
2020,Democrat,96,1335,0.4122979636851712
2020,Democrat,97,2983,0.481078180325871
2020,Democrat,98,3662,0.3895167566941805
2020,Democrat,99,3034,0.32764996573020166
2020,Democrat,100,3585,0.301180895011498
2020,Democrat,101,2129,0.3285032063547632
2020,Democrat,102,2866,0.34262146751241357
2020,Democrat,103,2532,0.310401189341254
2020,Republican,0,3298,0.2413238836700868
2020,Republican,1,4213,0.29164943472081484
2020,Republican,2,3464,0.3202302012443741
2020,Republican,3,3386,0.30680547916628553
2020,Republican,4,3594,0.24974465589605233
2020,Republican,5,3982,0.2559877955357674
2020,Republican,6,4277,0.2283908385756324
2020,Republican,7,3594,0.24279647197200707
2020,Republican,8,2662,0.24346031226335998
2020,Republican,9,2899,0.254893988842259
2020,Republican,10,3210,0.28800630729806515
2020,Republican,11,3111,0.25428199858848655
2020,Republican,12,3015,0.2915304031355884
2020,Republican,13,3511,0.2873599141623562
2020,Republican,14,3550,0.33495848874587725
2020,Republican,15,3274,0.2814285880955711
2020,Republican,16,3012,0.3057642210495088
2020,Republican,17,3079,0.2606861847539025
2020,Republican,18,3655,0.3907957160726913
2020,Republican,19,3404,0.279306349639215
2020,Republican,20,3084,0.24870662990188644
2020,Republican,21,3022,0.27659815714003
2020,Republican,22,3373,0.3597196448146204
2020,Republican,23,3059,0.24837523846588383
2020,Republican,24,3890,0.337435385545268
2020,Republican,25,3972,0.23715855423338789
2020,Republican,26,3602,0.21097343398176904
2020,Republican,27,3889,0.20027121565706776
2020,Republican,28,4396,0.2753078974993159
2020,Republican,29,4130,0.1970489539026754
2020,Republican,30,4290,0.17647385826987802
2020,Republican,31,4397,0.13873035937025788
2020,Republican,32,6225,0.22431414366048952
2020,Republican,33,4302,0.16579098703369138
2020,Republican,34,3426,0.1900320832800529
2020,Republican,35,3401,0.2152505363188454
2020,Republican,36,2543,0.221181011990202
2020,Republican,37,2546,0.2531931262619893
2020,Republican,38,4630,0.268442777354928
2020,Republican,39,3667,0.3210336274307659
2020,Republican,40,3887,0.382311137214316
2020,Republican,41,2900,0.30797446482076213
2020,Republican,42,3354,0.33013465951102994
2020,Republican,43,2181,0.3879208147533474
2020,Republican,44,1383,0.23570815452380578
2020,Republican,45,4267,0.415821630241974
2020,Republican,46,4693,0.38380655897203764
2020,Republican,47,5245,0.39007664814252263
2020,Republican,48,2268,0.26377485029262243
2020,Republican,49,3807,0.3308668308631432
2020,Republican,50,5014,0.40092220822995395
2020,Republican,51,3210,0.20203646812762055
2020,Republican,52,3742,0.34529910617588133
2020,Republican,53,4119,0.3211563293598606
2020,Republican,54,3685,0.3450128469956733
2020,Republican,55,2072,0.3230648867868635
2020,Republican,56,2325,0.30467629261154644
2020,Republican,57,2791,0.30720844346244425
2020,Republican,58,2951,0.232645658615447
2020,Republican,59,2974,0.23043680329391858
2020,Republican,60,2606,0.16542126807030033
2020,Republican,61,2172,0.13780122042786241
2020,Republican,62,2000,0.15591507777350488
2020,Republican,63,1635,0.16935498996278903
2020,Republican,64,1790,0.16834152405899455
2020,Republican,65,2114,0.22018589352851412
2020,Republican,66,2779,0.25832471137074803
2020,Republican,67,2670,0.27162858984356375
2020,Republican,68,3111,0.25464784984642413
2020,Republican,69,1839,0.16954722986548992
2020,Republican,70,2850,0.2390824432981511
2020,Republican,71,2900,0.23170976636128435
2020,Republican,72,3097,0.22383877416598422
2020,Republican,73,2773,0.19705640058611845
2020,Republican,74,2673,0.20989933850423473
2020,Republican,75,2547,0.1901440090872055
2020,Republican,76,3139,0.20509251357136604
2020,Republican,77,3204,0.1985532162506389
2020,Republican,78,2514,0.214120042283983
2020,Republican,79,1696,0.16845903129927497
2020,Republican,80,2158,0.20194466543199185
2020,Republican,81,2603,0.2233862624758775
2020,Republican,82,2659,0.23932502683267506
2020,Republican,83,2895,0.2182175513722054
2020,Republican,84,2727,0.23594425755785522
2020,Republican,85,2667,0.18286762660212835
2020,Republican,86,3049,0.27008087595111624
2020,Republican,87,3077,0.2288490713141625
2020,Republican,88,2360,0.22877213797626733
2020,Republican,89,2401,0.24187622113478777
2020,Republican,90,3943,0.1916522992665131
2020,Republican,91,2811,0.20377590020188194
2020,Republican,92,2736,0.2678601417128182
2020,Republican,93,2537,0.23687695426709296
2020,Republican,94,2840,0.286613991111517
2020,Republican,95,2068,0.23240980543389853
2020,Republican,96,628,0.2244625285855097
2020,Republican,97,1693,0.22883435930122664
2020,Republican,98,1721,0.16670317964085563
2020,Republican,99,1560,0.13021587884301344
2020,Republican,100,1834,0.11782663918812246
2020,Republican,101,1000,0.14212740472191945
2020,Republican,102,1522,0.14136077066560357
2020,Republican,103,1285,0.08182108560577035
2022,Democrat,0,3625,0.19185990066890574
2022,Democrat,1,3247,0.25327473580002585
2022,Democrat,2,2968,0.23240100077856735
2022,Democrat,3,2974,0.2317063759199908
2022,Democrat,4,2564,0.23085265490916584
2022,Democrat,5,2493,0.22609694866161692
2022,Democrat,6,2706,0.265768693673823
2022,Democrat,7,2555,0.24792270458398163
2022,Democrat,8,2152,0.2502089589464194
2022,Democrat,9,1736,0.23665277046083863
2022,Democrat,10,1876,0.23827708297734781
2022,Democrat,11,1501,0.24248983053633846
2022,Democrat,12,1974,0.24178506225241836
2022,Democrat,13,5368,0.25869742179311667
2022,Democrat,14,6289,0.28314275765046065
2022,Democrat,15,5744,0.28937612663674644
2022,Democrat,16,6398,0.2904905540801025
2022,Democrat,17,4922,0.24843629991559238
2022,Democrat,18,4537,0.300016343452575
2022,Democrat,19,6706,0.3305033516196635
2022,Democrat,20,5394,0.21932009774165087
2022,Democrat,21,6367,0.2851124034364195
2022,Democrat,22,5123,0.24288329637365638
2022,Democrat,23,4495,0.2947358763550882
2022,Democrat,24,5599,0.27311140507613335
2022,Democrat,25,6419,0.28293523051434166
2022,Democrat,26,5424,0.2020673969048223
2022,Democrat,27,5956,0.2757019699447025
2022,Democrat,28,4731,0.20080541804973434
2022,Democrat,29,4617,0.19467179265060056
2022,Democrat,30,5451,0.2298394550100448
2022,Democrat,31,6364,0.23089604158795776
2022,Democrat,32,5735,0.23448302747507976
2022,Democrat,33,6080,0.2510195013076698
2022,Democrat,34,6422,0.25269142223853586
2022,Democrat,35,8015,0.2651366118856439
2022,Democrat,36,6754,0.32422876293367775
2022,Democrat,37,4433,0.2562536534907062
2022,Democrat,38,5629,0.21960789337448167
2022,Democrat,39,6466,0.2351745428484189
2022,Democrat,40,5861,0.19341572205228752
2022,Democrat,41,5826,0.24217632924686283
2022,Democrat,42,5643,0.21358786472352922
2022,Democrat,43,5703,0.27467966993879406
2022,Democrat,44,3453,0.15922646183057187
2022,Democrat,45,4090,0.14972441277397264
2022,Democrat,46,7171,0.20549388863804763
2022,Democrat,47,8122,0.23700081706921966
2022,Democrat,48,8415,0.20962458154199334
2022,Democrat,49,5550,0.14875058020213366
2022,Democrat,50,9489,0.1813505980122761
2022,Democrat,51,7763,0.12416674223245361
2022,Democrat,52,7915,0.15914797005976067
2022,Democrat,53,7728,0.19022403119470443
2022,Democrat,54,7568,0.2380130819424526
2022,Democrat,55,6487,0.1734712986370021
2022,Democrat,56,5732,0.2013014482245462
2022,Democrat,57,6866,0.23307505670445652
2022,Democrat,58,7198,0.2339442575735134
2022,Democrat,59,6713,0.22184367655633128
2022,Democrat,60,6431,0.1715283217946193
2022,Democrat,61,5250,0.21965349378374716
2022,Democrat,62,5378,0.18894008141124946
2022,Democrat,63,5513,0.15134846498219556
2022,Democrat,64,5410,0.15856383158175477
2022,Democrat,65,5720,0.1716339420834947
2022,Democrat,66,6822,0.20670478510748452
2022,Democrat,67,6394,0.22610408113511965
2022,Democrat,68,6770,0.1807759924484981
2022,Democrat,69,5289,0.21039468365664882
2022,Democrat,70,5258,0.22227492185740652
2022,Democrat,71,6253,0.2409261196458007
2022,Democrat,72,6572,0.23057158983695733
2022,Democrat,73,6255,0.2160743378575141
2022,Democrat,74,5215,0.1942208580123591
2022,Democrat,75,5251,0.2532915870978835
2022,Democrat,76,3383,0.3236435854598547
2022,Democrat,77,6705,0.25768751801414547
2022,Democrat,78,6149,0.22018133041037377
2022,Democrat,79,7491,0.1584351820823493
2022,Democrat,80,6541,0.22756952806067662
2022,Democrat,81,6921,0.25363247844906894
2022,Democrat,82,6254,0.19639258050699462
2022,Democrat,83,5916,0.17361825411041104
2022,Democrat,84,6926,0.26050308473531125
2022,Democrat,85,6341,0.24821854746352515
2022,Democrat,86,2691,0.20759845401905547
2022,Democrat,87,7236,0.23055614529434573
2022,Democrat,88,7852,0.23012664038569927
2022,Democrat,89,6969,0.20521741410092478
2022,Democrat,90,6791,0.3049266900875589
2022,Democrat,91,6896,0.2478487260954745
2022,Democrat,92,6577,0.2659479227093749
2022,Democrat,93,7264,0.22796442396395827
2022,Democrat,94,5926,0.34820533841361967
2022,Democrat,95,7910,0.4963127699318282
2022,Democrat,96,4235,0.27436587606702956
2022,Democrat,97,4616,0.33412450659040366
2022,Democrat,98,5744,0.2527600694899311
2022,Democrat,99,7004,0.25507781592120327
2022,Democrat,100,7517,0.24716579081093923
2022,Democrat,101,4612,0.21234182424829984
2022,Democrat,102,6798,0.2655775270769131
2022,Democrat,103,5768,0.23410772618377645
2022,Democrat,104,5452,0.2710120763288628
2022,Republican,0,2494,0.371201051996032
2022,Republican,1,2464,0.40076907909707343
2022,Republican,2,2286,0.43512233162493535
2022,Republican,3,2202,0.4245697148061771
2022,Republican,4,1876,0.42187371632423815
2022,Republican,5,2180,0.36916061040022574
2022,Republican,6,2143,0.43075175977925234
2022,Republican,7,2234,0.4297267092614257
2022,Republican,8,1965,0.452823300792601
2022,Republican,9,1579,0.4681974652281091
2022,Republican,10,1818,0.4689867706359513
2022,Republican,11,1542,0.4210281891361164
2022,Republican,12,1944,0.5225028052606041
2022,Republican,13,4426,0.46061264619633546
2022,Republican,14,4513,0.4577575354106764
2022,Republican,15,4087,0.43670011818026594
2022,Republican,16,4943,0.47934846043298085
2022,Republican,17,3455,0.46172118274166146
2022,Republican,18,3205,0.40355189822631626
2022,Republican,19,4810,0.38674675152528637
2022,Republican,20,4009,0.3971087773895947
2022,Republican,21,5084,0.44763560849360984
2022,Republican,22,3518,0.4183053901964918
2022,Republican,23,2646,0.31824364406105976
2022,Republican,24,4301,0.444512673260703
2022,Republican,25,5007,0.43650685471578554
2022,Republican,26,4317,0.3980567320136175
2022,Republican,27,4668,0.4278062130135006
2022,Republican,28,3794,0.384603190582278
2022,Republican,29,3519,0.3897416797709001
2022,Republican,30,4403,0.458796541379139
2022,Republican,31,4963,0.4488145999940037
2022,Republican,32,4234,0.40545186220175977
2022,Republican,33,4875,0.3844864463730691
2022,Republican,34,4857,0.4725260288982476
2022,Republican,35,6511,0.46101232827033156
2022,Republican,36,5894,0.48657600718709504
2022,Republican,37,4230,0.4169756723236486
2022,Republican,38,4624,0.4849115038484175
2022,Republican,39,5189,0.4845391662461487
2022,Republican,40,4219,0.4272616536359378
2022,Republican,41,4696,0.4516335293435249
2022,Republican,42,4371,0.4752144335200863
2022,Republican,43,3623,0.4592774298100925
2022,Republican,44,2568,0.38719851193857824
2022,Republican,45,2426,0.32111420677779035
2022,Republican,46,4827,0.3895897666210016
2022,Republican,47,5817,0.42389718616867683
2022,Republican,48,5944,0.39515672131719803
2022,Republican,49,3654,0.34703488138354716
2022,Republican,50,6353,0.47774460432217886
2022,Republican,51,5255,0.37225188349970006
2022,Republican,52,6294,0.48976509607582575
2022,Republican,53,5664,0.47664825413422135
2022,Republican,54,5733,0.47470517921283095
2022,Republican,55,4671,0.4144136106554623
2022,Republican,56,4095,0.44664356122077675
2022,Republican,57,4969,0.4588552593265923
2022,Republican,58,5258,0.48433431715380537
2022,Republican,59,5019,0.45045378506031464
2022,Republican,60,5380,0.4380498981465963
2022,Republican,61,4061,0.38041847213982116
2022,Republican,62,5339,0.4032061224136802
2022,Republican,63,5156,0.45625845524289155
2022,Republican,64,5142,0.47552162027768924
2022,Republican,65,4773,0.4148702338034384
2022,Republican,66,5468,0.44733668693553197
2022,Republican,67,5305,0.4355633987974495
2022,Republican,68,4858,0.460191790773817
2022,Republican,69,4010,0.4127041863296135
2022,Republican,70,3955,0.3513807031597386
2022,Republican,71,4992,0.40659909036982683
2022,Republican,72,4952,0.40553170174393377
2022,Republican,73,5202,0.4004021607037177
2022,Republican,74,4542,0.37494029243803123
2022,Republican,75,4343,0.35646197680954766
2022,Republican,76,2951,0.43627826834945826
2022,Republican,77,5705,0.38388686086680485
2022,Republican,78,4739,0.3689057428333189
2022,Republican,79,4962,0.39520816646375745
2022,Republican,80,4374,0.38795095621610326
2022,Republican,81,5160,0.4063768513621618
2022,Republican,82,4250,0.37155071837909737
2022,Republican,83,4028,0.31903391114198865
2022,Republican,84,4788,0.3523926191512766
2022,Republican,85,4326,0.3934105299569286
2022,Republican,86,2435,0.4839577942600883
2022,Republican,87,5225,0.43924169620980275
2022,Republican,88,5664,0.42061982321443425
2022,Republican,89,4687,0.3107754120363568
2022,Republican,90,4740,0.36882973096101596
2022,Republican,91,4768,0.36771237654837075
2022,Republican,92,4289,0.36819644225511583
2022,Republican,93,4113,0.36004738837655803
2022,Republican,94,2966,0.3563143504602647
2022,Republican,95,3729,0.3966463638489432
2022,Republican,96,3053,0.31560225120452445
2022,Republican,97,1942,0.293433873600784
2022,Republican,98,2860,0.3049137330042537
2022,Republican,99,3689,0.2798775926937457
2022,Republican,100,3862,0.3027786924308412
2022,Republican,101,2310,0.27748184700685985
2022,Republican,102,3007,0.2775487401727884
2022,Republican,103,3077,0.25438471204989554
2022,Republican,104,2583,0.25126305901533064
2024,Democrat,0,4624,0.16640629668378273
2024,Democrat,1,3693,0.24049533316333452
2024,Democrat,2,3585,0.21536050061955062
2024,Democrat,3,3644,0.16289337446865074
2024,Democrat,4,3771,0.2289019251535927
2024,Democrat,5,3678,0.2682027425902479
2024,Democrat,6,3624,0.2885944625238372
2024,Democrat,7,3697,0.2751078267872972
2024,Democrat,8,3441,0.26134476988270244
2024,Democrat,9,2701,0.20122832353463033
2024,Democrat,10,2563,0.19017921682625974
2024,Democrat,11,2901,0.20732446361269888
2024,Democrat,12,3008,0.19752366252601433
2024,Democrat,13,3338,0.24592817446954635
2024,Democrat,14,3526,0.2665138570101846
2024,Democrat,15,3473,0.22541123381760877
2024,Democrat,16,3511,0.33759647782436275
2024,Democrat,17,2705,0.22174577367924111
2024,Democrat,18,4103,0.33553784088529653
2024,Democrat,19,3797,0.2919326864567055
2024,Democrat,20,4590,0.28434938139602756
2024,Democrat,21,3685,0.2641089789141627
2024,Democrat,22,3836,0.25111943637860923
2024,Democrat,23,3581,0.25336886951957327
2024,Democrat,24,4056,0.25823038723428837
2024,Democrat,25,3578,0.21914075959844503
2024,Democrat,26,3819,0.2319048219353095
2024,Democrat,27,3533,0.23605936018859733
2024,Democrat,28,4077,0.2431786797965516
2024,Democrat,29,4168,0.2613778523506414
2024,Democrat,30,3782,0.21086473527560448
2024,Democrat,31,3415,0.186599329280862
2024,Democrat,32,4177,0.23628628033023574
2024,Democrat,33,3799,0.23126602245562874
2024,Democrat,34,6325,0.23369042106922494
2024,Democrat,35,4427,0.2706872087725871
2024,Democrat,36,4095,0.292296920207776
2024,Democrat,37,3823,0.2796884806300025
2024,Democrat,38,4215,0.2652907946790002
2024,Democrat,39,4437,0.26219412395262537
2024,Democrat,40,3986,0.26007216767049535
2024,Democrat,41,3839,0.327846692495427
2024,Democrat,42,3807,0.2552660927814971
2024,Democrat,43,3173,0.27896758008441863
2024,Democrat,44,1985,0.18545741027687918
2024,Democrat,45,2547,0.20295261334535356
2024,Democrat,46,4033,0.3045921637921437
2024,Democrat,47,4334,0.27772771229705956
2024,Democrat,48,4070,0.29134862398207007
2024,Democrat,49,2679,0.21777504890011334
2024,Democrat,50,4030,0.2283398762451619
2024,Democrat,51,4240,0.26533251797427854
2024,Democrat,52,4379,0.2882640001698597
2024,Democrat,53,4443,0.3032363151244554
2024,Democrat,54,4051,0.29110729923622164
2024,Democrat,55,3879,0.305941007090622
2024,Democrat,56,3457,0.29603472448621965
2024,Democrat,57,4270,0.3918781021732043
2024,Democrat,58,3651,0.28627101389981524
2024,Democrat,59,3909,0.262959722586283
2024,Democrat,60,2971,0.22979479871040762
2024,Democrat,61,2461,0.17017321923406312
2024,Democrat,62,2612,0.2191799401229313
2024,Democrat,63,2466,0.1995548239362631
2024,Democrat,64,2927,0.21547915684081534
2024,Democrat,65,2469,0.23437797093230955
2024,Democrat,66,3026,0.26740454326113544
2024,Democrat,67,2807,0.261386178440199
2024,Democrat,68,2962,0.31929966943620863
2024,Democrat,69,1890,0.2403141769164158
2024,Democrat,70,2387,0.3081288076361706
2024,Democrat,71,3005,0.30178311325008433
2024,Democrat,72,2394,0.24373949294148906
2024,Democrat,73,2844,0.3148849171577493
2024,Democrat,74,2503,0.2738905651180451
2024,Democrat,75,2182,0.34740090642361726
2024,Democrat,76,2547,0.3398192853410518
2024,Democrat,77,2498,0.32964664396141663
2024,Democrat,78,2066,0.3067255070324156
2024,Democrat,79,2163,0.3328948648042815
2024,Democrat,80,2127,0.32761840268857445
2024,Democrat,81,1796,0.32691266904180594
2024,Democrat,82,1922,0.3243420602771687
2024,Democrat,83,1955,0.30700831074693985
2024,Democrat,84,2101,0.3298368648856857
2024,Democrat,85,1545,0.27974031999176757
2024,Democrat,86,2187,0.2859219509195221
2024,Democrat,87,1521,0.290414924292478
2024,Democrat,88,1612,0.31584641240954875
2024,Democrat,89,1337,0.2591103527697727
2024,Democrat,90,1927,0.26560959309995846
2024,Democrat,91,1956,0.32086889602394836
2024,Democrat,92,1686,0.36501315439383425
2024,Democrat,93,1485,0.3522540667081747
2024,Democrat,94,1324,0.32451204442893217
2024,Democrat,95,1951,0.3638173100175284
2024,Democrat,96,1474,0.20760529095166724
2024,Democrat,97,2864,0.18789003027392312
2024,Democrat,98,3118,0.24177364757728975
2024,Democrat,99,3253,0.21769163408774747
2024,Democrat,100,3309,0.22543357807681882
2024,Democrat,101,2246,0.20211283851125486
2024,Democrat,102,3273,0.23131574601933175
2024,Democrat,103,2861,0.1782205501987642
2024,Republican,0,3930,0.3650246346348058
2024,Republican,1,3490,0.38413738672098513
2024,Republican,2,3335,0.3741202374163462
2024,Republican,3,3270,0.3105310831812071
2024,Republican,4,3583,0.3679919695388604
2024,Republican,5,3992,0.3891327334759208
2024,Republican,6,3762,0.39943190323471617
2024,Republican,7,3605,0.3737783977858743
2024,Republican,8,3249,0.4190431719741312
2024,Republican,9,2475,0.413774320553198
2024,Republican,10,3107,0.4097672425764114
2024,Republican,11,3075,0.40223888325792684
2024,Republican,12,2754,0.3681923103969904
2024,Republican,13,3248,0.4241883969761654
2024,Republican,14,3859,0.4591485776779939
2024,Republican,15,3789,0.4569003299599099
2024,Republican,16,4709,0.4191631660074823
2024,Republican,17,3050,0.3798790789949784
2024,Republican,18,4386,0.4443462458122785
2024,Republican,19,3263,0.41819219096383087
2024,Republican,20,4556,0.38891576552840035
2024,Republican,21,3799,0.39497672519410015
2024,Republican,22,4016,0.48634981501188207
2024,Republican,23,3652,0.38213875236277606
2024,Republican,24,4275,0.43155747307573405
2024,Republican,25,4035,0.3897408659631084
2024,Republican,26,3922,0.4274522783374224
2024,Republican,27,3272,0.4332251171515981
2024,Republican,28,3950,0.4837892164602357
2024,Republican,29,4169,0.4935214815517335
2024,Republican,30,3098,0.4031541255074857
2024,Republican,31,2692,0.3391938418463733
2024,Republican,32,4003,0.443746945595654
2024,Republican,33,4049,0.42911822015785783
2024,Republican,34,6620,0.48832040061186605
2024,Republican,35,4365,0.4320869984528752
2024,Republican,36,3732,0.42200362274764125
2024,Republican,37,3696,0.4304069255960468
2024,Republican,38,4247,0.4537565106791796
2024,Republican,39,4752,0.48922695063904353
2024,Republican,40,4282,0.45059715498215747
2024,Republican,41,3904,0.41867494323127713
2024,Republican,42,3676,0.4348209289582071
2024,Republican,43,3104,0.4609820560485271
2024,Republican,44,1965,0.37934963021192786
2024,Republican,45,2384,0.3470555154322303
2024,Republican,46,3789,0.4250899687294245
2024,Republican,47,4206,0.4173404350295562
2024,Republican,48,4161,0.4510043375605905
2024,Republican,49,2323,0.34554240505403094
2024,Republican,50,3141,0.42515851315640185
2024,Republican,51,3902,0.36808253446011985
2024,Republican,52,3711,0.4355754540106109
2024,Republican,53,3816,0.382576161956664
2024,Republican,54,3435,0.43371456295598887
2024,Republican,55,3303,0.40132702119993013
2024,Republican,56,3151,0.4937703904576992
2024,Republican,57,3657,0.4537621839056013
2024,Republican,58,3241,0.4388720659143701
2024,Republican,59,3356,0.3749677220891431
2024,Republican,60,2631,0.400213180752864
2024,Republican,61,1917,0.32416819246732625
2024,Republican,62,2520,0.3220901875156126
2024,Republican,63,2028,0.34152000864046483
2024,Republican,64,2206,0.41202795982615414
2024,Republican,65,2145,0.3323009981917074
2024,Republican,66,2791,0.3912610868749515
2024,Republican,67,2692,0.3886932757531568
2024,Republican,68,2981,0.41891673276093416
2024,Republican,69,2003,0.4066175019949269
2024,Republican,70,2052,0.3569777510119838
2024,Republican,71,2692,0.40359988991973056
2024,Republican,72,2696,0.3499021301075722
2024,Republican,73,2839,0.41462263111507325
2024,Republican,74,2564,0.3832461247887163
2024,Republican,75,2553,0.3893354527024451
2024,Republican,76,2805,0.41429076213962374
2024,Republican,77,3241,0.44266173486899274
2024,Republican,78,2472,0.4046667463537592
2024,Republican,79,2710,0.38574377443895735
2024,Republican,80,2493,0.4239504524527922
2024,Republican,81,2227,0.4169231293914103
2024,Republican,82,1864,0.33507133947931184
2024,Republican,83,2496,0.43594164536420393
2024,Republican,84,2591,0.4144271031082818
2024,Republican,85,2216,0.45335558392597103
2024,Republican,86,2567,0.45794174980454183
2024,Republican,87,2208,0.42369882748048904
2024,Republican,88,2121,0.4584170589412315
2024,Republican,89,1877,0.39380287139224496
2024,Republican,90,2640,0.4713174082563703
2024,Republican,91,3027,0.4839687349656575
2024,Republican,92,2318,0.45702170383573265
2024,Republican,93,1894,0.4155990034776987
2024,Republican,94,1936,0.4283608981217681
2024,Republican,95,2136,0.382596035529153
2024,Republican,96,1191,0.3414009921995596
2024,Republican,97,1976,0.4151978152233783
2024,Republican,98,2422,0.4211076279983123
2024,Republican,99,2378,0.39115041294573794
2024,Republican,100,2221,0.4380473703989245
2024,Republican,101,1480,0.3586088269561957
2024,Republican,102,1867,0.380429704681819
2024,Republican,103,1672,0.26140484366477934
2026,Democrat,10,1890,0.43452139526024147
2026,Democrat,11,3100,0.42312237022459626
2026,Democrat,12,3481,0.4374483193766355
2026,Democrat,13,3810,0.44198675178293273
2026,Democrat,14,4303,0.4862722500474994
2026,Democrat,15,4775,0.4967661468720756
2026,Democrat,16,3986,0.46867400329250225
2026,Democrat,17,3828,0.36406378040105775
2026,Democrat,18,5067,0.4846157687504814
2026,Democrat,19,4333,0.3793924256951604
2026,Democrat,20,4739,0.4328401556690928
2026,Democrat,21,5065,0.4879950131268056
2026,Democrat,22,4123,0.44449560112890696
2026,Democrat,23,4347,0.4333963824433069
2026,Democrat,24,4963,0.4786602422935052
2026,Democrat,25,4495,0.4169024080923811
2026,Democrat,26,5071,0.4708467804009708
2026,Democrat,27,4673,0.47107306201009547
2026,Democrat,28,5048,0.49673693350199116
2026,Democrat,29,4410,0.45181612057269227
2026,Democrat,30,5010,0.48639928315266107
2026,Democrat,31,4917,0.4945255417479227
2026,Democrat,32,5110,0.5042770172644283
2026,Democrat,33,4925,0.4685478437136443
2026,Democrat,34,5113,0.5123892495003921
2026,Democrat,35,4865,0.4982449856426429
2026,Democrat,36,5703,0.5113302279228951
2026,Democrat,37,4673,0.4375896002966157
2026,Democrat,38,4523,0.4865968881505199
2026,Democrat,39,4516,0.5244273653207409
2026,Democrat,40,5300,0.5767772770666887
2026,Democrat,41,4228,0.5134127773846744
2026,Democrat,42,4963,0.5299679925556421
2026,Democrat,43,3025,0.5262330617564769
2026,Democrat,44,1798,0.31446862701938855
2026,Democrat,45,4029,0.5030655160848653
2026,Democrat,46,4759,0.48647604405656486
2026,Democrat,47,4199,0.49572677289686473
2026,Democrat,48,2939,0.41508198504986743
2026,Democrat,49,4093,0.5064025059966527
2026,Democrat,50,4172,0.5303259402219843
2026,Democrat,51,4192,0.4873576489914136
2026,Democrat,52,4607,0.5147936826007106
2026,Democrat,53,4168,0.5460009222724291
2026,Democrat,54,4262,0.5438807842920214
2026,Democrat,55,4190,0.5216329485860371
2026,Democrat,56,4627,0.5889762957415942
2026,Democrat,57,4120,0.5629734859524919
2026,Democrat,58,4161,0.5175477576943871
2026,Democrat,59,3651,0.4412862636151225
2026,Democrat,60,3755,0.5346290242486198
2026,Democrat,61,2817,0.42951697028031455
2026,Democrat,62,2894,0.4651395197442534
2026,Democrat,63,2862,0.460635632343244
2026,Democrat,64,3089,0.4619438636625308
2026,Democrat,65,3340,0.5108601972128928
2026,Democrat,66,3589,0.4956861573989472
2026,Democrat,67,3746,0.542498273067415
2026,Democrat,68,3482,0.5363225062323722
2026,Democrat,69,3827,0.5871716301524046
2026,Democrat,70,4538,0.6110300463466787
2026,Democrat,71,3216,0.49252561791768107
2026,Democrat,72,4044,0.5135392169570587
2026,Democrat,73,3858,0.5425808505815859
2026,Democrat,74,2955,0.4683993478184298
2026,Democrat,75,3379,0.5109210138639959
2026,Democrat,76,3805,0.5363752512409353
2026,Democrat,77,3681,0.4845733426508631
2026,Democrat,78,3514,0.5040187854499371
2026,Democrat,79,3207,0.49455272663767424
2026,Democrat,80,3055,0.42498003975328197
2026,Democrat,81,3632,0.546688077239769
2026,Democrat,82,3582,0.587800961565138
2026,Democrat,83,3750,0.5343883177531262
2026,Democrat,84,3264,0.5340044709757386
2026,Democrat,85,3206,0.5200370401690155
2026,Democrat,86,3640,0.5573482537202046
2026,Democrat,87,4578,0.5854561335035218
2026,Democrat,88,3873,0.6079114639024009
2026,Democrat,89,3116,0.5438637621227033
2026,Democrat,90,3674,0.5633156712478251
2026,Democrat,91,3749,0.5238772900645897
2026,Democrat,92,3217,0.5472164745645219
2026,Democrat,93,3024,0.3332739564915534
2026,Democrat,94,2208,0.2733663857876124
2026,Democrat,95,2059,0.2525817120446398
2026,Democrat,96,1358,0.13577471958371826
2026,Democrat,97,2228,0.41506678502357947
2026,Democrat,98,2039,0.26904293256453243
2026,Democrat,99,2046,0.2607465370365656
2026,Democrat,100,1822,0.18777417931227786
2026,Democrat,101,2532,0.2664656221558006
2026,Democrat,102,2718,0.2530326742006944
2026,Democrat,103,1929,0.18925610474060242
2026,Republican,10,2578,0.35239077673967034
2026,Republican,11,4301,0.3145479661969252
2026,Republican,12,4713,0.33768444106578765
2026,Republican,13,5642,0.3510949947815227
2026,Republican,14,5868,0.3228953200972994
2026,Republican,15,6363,0.3330733447680204
2026,Republican,16,4919,0.31274469113783937
2026,Republican,17,5672,0.26883377242139317
2026,Republican,18,6696,0.31406560540129735
2026,Republican,19,5355,0.31361023919008163
2026,Republican,20,6365,0.26721594361171347
2026,Republican,21,6876,0.33101188049874086
2026,Republican,22,5186,0.30201753671770404
2026,Republican,23,5984,0.30192453719970935
2026,Republican,24,6912,0.3044914018262514
2026,Republican,25,6128,0.29023227649344213
2026,Republican,26,6126,0.32899515474438784
2026,Republican,27,6453,0.356477584616106
2026,Republican,28,6687,0.3470220460654426
2026,Republican,29,5124,0.3412251108356735
2026,Republican,30,4645,0.2607381436391358
2026,Republican,31,5609,0.37177227298258564
2026,Republican,32,5858,0.3738207222700511
2026,Republican,33,5422,0.35607853892909613
2026,Republican,34,5956,0.3453694512373959
2026,Republican,35,6364,0.3458908507105058
2026,Republican,36,7135,0.2886616133869715
2026,Republican,37,5515,0.3132072473054622
2026,Republican,38,5564,0.32855303482094605
2026,Republican,39,4946,0.34546007075732266
2026,Republican,40,5232,0.34372265174259026
2026,Republican,41,4795,0.33373279076446394
2026,Republican,42,5203,0.3661335162812525
2026,Republican,43,3663,0.35732758157950634
2026,Republican,44,2369,0.2945438320403537
2026,Republican,45,4304,0.32393762086635824
2026,Republican,46,5141,0.3285309490336526
2026,Republican,47,4399,0.33568566204473177
2026,Republican,48,3386,0.30903528440191935
2026,Republican,49,4093,0.37509494925267317
2026,Republican,50,4229,0.4050951667287893
2026,Republican,51,4502,0.3986579180511624
2026,Republican,52,4571,0.4720925387134439
2026,Republican,53,4794,0.5089840136589245
2026,Republican,54,4292,0.5099848662288243
2026,Republican,55,4750,0.43830181358960507
2026,Republican,56,4727,0.5764502884428228
2026,Republican,57,4258,0.4768849392071587
2026,Republican,58,4503,0.3130557414364751
2026,Republican,59,4893,0.3195652367219583
2026,Republican,60,3809,0.3578340885471225
2026,Republican,61,2812,0.2762743907384137
2026,Republican,62,2957,0.29971350735008695
2026,Republican,63,2965,0.2838205888834397
2026,Republican,64,2890,0.32295812045024214
2026,Republican,65,3189,0.3330994657135381
2026,Republican,66,3604,0.35097523900363947
2026,Republican,67,4192,0.35039508513511314
2026,Republican,68,3717,0.37530791600574814
2026,Republican,69,4119,0.27142747339520545
2026,Republican,70,4489,0.3579413218345509
2026,Republican,71,3800,0.33328931119562566
2026,Republican,72,4642,0.34866693869168125
2026,Republican,73,4098,0.4018846750700289
2026,Republican,74,2904,0.3697861185970526
2026,Republican,75,3293,0.3078582247051292
2026,Republican,76,3820,0.3408243254424409
2026,Republican,77,3956,0.31227166681381885
2026,Republican,78,3492,0.3167391968873689
2026,Republican,79,3471,0.35643922958116003
2026,Republican,80,3041,0.33117987427087814
2026,Republican,81,3608,0.3453817573389423
2026,Republican,82,3674,0.34015783639116465
2026,Republican,83,3698,0.3784707768902328
2026,Republican,84,3500,0.35704251941280174
2026,Republican,85,3653,0.38834281285290084
2026,Republican,86,4068,0.38956114317639845
2026,Republican,87,5213,0.36949698251178825
2026,Republican,88,3901,0.3747003375161301
2026,Republican,89,3439,0.34901319788638896
2026,Republican,90,4146,0.3824470249548046
2026,Republican,91,3829,0.3414926032278396
2026,Republican,92,4010,0.3481391495334082
2026,Republican,93,4095,0.3087763816973374
2026,Republican,94,3021,0.365897809225728
2026,Republican,95,2671,0.3041992217578825
2026,Republican,96,1815,0.2777585797981659
2026,Republican,97,2731,0.3999664261311372
2026,Republican,98,3023,0.3508609099029568
2026,Republican,99,3023,0.3463729854234597
2026,Republican,100,2510,0.3496281856201604
2026,Republican,101,3288,0.40182400739859675
2026,Republican,102,3657,0.3492046432315082
2026,Republican,103,3235,0.24828891655850516
