year,party,age_bracket,n,anger,anger_dev
2011,Democrat,35,659,0.15258883194127354,-0.053183143810890066
2011,Democrat,45,1739,0.1492762572730261,-0.05649571847913751
2011,Democrat,50,3023,0.2030477946745235,-0.0027241810776401088
2011,Democrat,55,5045,0.18508756433496376,-0.020684411417199844
2011,Democrat,60,6013,0.2056235330047759,-0.0001484427473877059
2011,Democrat,65,3562,0.22707468883955673,0.02130271308739312
2011,Democrat,70,3942,0.26195035589445914,0.056178380142295536
2011,Democrat,75,819,0.1440368706311562,-0.06173510512100741
2011,Republican,30,528,0.13532444488814552,-0.05768694646169917
2011,Republican,35,2865,0.14328442787699544,-0.049726963472849245
2011,Republican,40,3098,0.17108912995864328,-0.021922261391201403
2011,Republican,45,6655,0.1624468610747238,-0.030564530275120877
2011,Republican,50,10292,0.24942853403700463,0.056417142687159944
2011,Republican,55,7898,0.18336976851061554,-0.009641622839229147
2011,Republican,60,4387,0.19951281642996868,0.006501425080123996
2011,Republican,65,1156,0.16228190830998948,-0.030729483039855204
2011,Republican,70,904,0.15658203524689857,-0.03642935610294612
2011,Republican,75,833,0.16862549217214354,-0.024385899177701148
2012,Democrat,35,795,0.13731503481068794,-0.03623826206549274
2012,Democrat,45,2355,0.1510587639566867,-0.022494532919493992
2012,Democrat,50,4819,0.19529100848061523,0.02173771160443455
2012,Democrat,55,6214,0.17288954703049303,-0.00066374984568765
2012,Democrat,60,6095,0.16879100188967436,-0.004762294986506321
2012,Democrat,65,6488,0.1588106384062617,-0.014742658469918984
2012,Democrat,70,3492,0.21769644501701718,0.0441431481408365
2012,Democrat,75,2550,0.14438302869470243,-0.02917026818147825
2012,Democrat,80,290,0.2634409497636531,0.08988765288747244
2012,Republican,35,1906,0.1360203780281257,-0.07203890193123147
2012,Republican,40,3405,0.20650170446536265,-0.0015575754939945174
2012,Republican,45,4478,0.16522034591173254,-0.04283893404762462
2012,Republican,50,11765,0.24355380897007683,0.03549452901071967
2012,Republican,55,6797,0.19691525109285454,-0.01114402886650262
2012,Republican,60,5501,0.2292270880227902,0.021167808063433047
2012,Republican,65,2218,0.1575662398337562,-0.05049304012560096
2012,Republican,70,634,0.18335286032831538,-0.02470641963104178
2012,Republican,75,1782,0.21019653561898727,0.002137255659630105
2013,Democrat,30,2309,0.16730370278937695,-0.011013529282386109
2013,Democrat,35,4659,0.12255038026404247,-0.05576685180772059
2013,Democrat,40,4314,0.14825134122305741,-0.030065890848705645
2013,Democrat,45,6309,0.1795267012262344,0.0012094691544713432
2013,Democrat,50,13772,0.1895095447758547,0.011192312704091628
2013,Democrat,55,10870,0.1600093967672189,-0.018307835304544162
2013,Democrat,60,12078,0.17819590486497341,-0.00012132720678964537
2013,Democrat,65,15277,0.18701964623360975,0.008702414161846694
2013,Democrat,70,7187,0.20313860943278653,0.024821377361023467
2013,Democrat,75,4790,0.1758088942617664,-0.0025083378099966525
2013,Democrat,80,1019,0.3297693036908834,0.15145207161912036
2013,Republican,30,1088,0.29879928877498435,0.06739255490751248
2013,Republican,35,6287,0.21134202036469185,-0.020064713502780024
2013,Republican,40,10258,0.28543326772634486,0.05402653385887299
2013,Republican,45,9908,0.2008320025529449,-0.03057473131452698
2013,Republican,50,19055,0.21018419579697598,-0.0212225380704959
2013,Republican,55,15698,0.23468825118601688,0.0032815173185450075
2013,Republican,60,13013,0.24249341697816423,0.011086683110692358
2013,Republican,65,5754,0.2286391938129504,-0.0027675400545214834
2013,Republican,70,1801,0.26226876286902506,0.030862029001553187
2013,Republican,75,3390,0.22270676796242134,-0.008699965905050538
2014,Democrat,30,2292,0.12434320741216855,-0.0205119714779773
2014,Democrat,35,3794,0.09356932763295503,-0.05128585125719082
2014,Democrat,40,8656,0.13356275284419036,-0.011292426045955484
2014,Democrat,45,11399,0.13988180570165093,-0.004973373188494917
2014,Democrat,50,12279,0.13554436379617518,-0.009310815093970665
2014,Democrat,55,13217,0.12312504610304924,-0.02173013278709661
2014,Democrat,60,16535,0.14130674777684848,-0.0035484311132973623
2014,Democrat,65,17525,0.17389638492537293,0.029041206035227085
2014,Democrat,70,12621,0.16816736397709928,0.02331218508695343
2014,Democrat,75,3635,0.13148545426498467,-0.013369724625161172
2014,Democrat,80,1504,0.19738232077129106,0.05252714188114521
2014,Democrat,85,281,0.2255190758455505,0.08066389695540466
2014,Republican,30,773,0.23344734713964088,0.03986730599288582
2014,Republican,35,4314,0.19509607931634856,0.0015160381695935032
2014,Republican,40,6959,0.2026349527414453,0.00905491159469024
2014,Republican,45,6947,0.16887206428194837,-0.02470797686480669
2014,Republican,50,16484,0.17359741881124885,-0.01998262233550621
2014,Republican,55,19568,0.20224017995184643,0.008660138805091366
2014,Republican,60,14059,0.2053314914568474,0.011751450310092337
2014,Republican,65,5241,0.1615365776195614,-0.03204346352719367
2014,Republican,70,3702,0.227788673148016,0.03420863200126095
2014,Republican,75,3440,0.21232154897081146,0.018741507824056397
2014,Republican,80,995,0.2366177593273621,0.04303771818060703
2015,Democrat,30,2052,0.12163169825253065,-0.03967888615213644
2015,Democrat,35,4059,0.11649218915880688,-0.044818395245860204
2015,Democrat,40,3552,0.14877444232056528,-0.012536142084101809
2015,Democrat,45,8601,0.15535915332370775,-0.00595143108095933
2015,Democrat,50,12951,0.15213468743973377,-0.009175896964933317
2015,Democrat,55,18330,0.14514581697123644,-0.01616476743343065
2015,Democrat,60,15842,0.1630701840076796,0.0017595996030125294
2015,Democrat,65,18555,0.1834297850118321,0.022119200607165018
2015,Democrat,70,10788,0.16793364031636338,0.006623055911696291
2015,Democrat,75,3950,0.2157881621162914,0.054477577711624314
2015,Democrat,80,901,0.1829749966969509,0.021664412292283802
2015,Democrat,85,492,0.22175746642969307,0.06044688202502599
2015,Republican,30,1049,0.10184073295476212,-0.06895081415662688
2015,Republican,35,5741,0.14820261466712054,-0.02258893244426846
2015,Republican,40,6715,0.19932258616850662,0.028531039057117624
2015,Republican,45,10772,0.16001756418310226,-0.01077398292828674
2015,Republican,50,18303,0.1578535610057837,-0.012937986105605287
2015,Republican,55,16183,0.16033529072037958,-0.010456256391009416
2015,Republican,60,21191,0.16798495782167572,-0.0028065892897132794
2015,Republican,65,6345,0.19804182947503948,0.027250282363650485
2015,Republican,70,4455,0.20600726222828467,0.03521571511689567
2015,Republican,75,4547,0.21557901745370428,0.04478747034231528
2015,Republican,80,1233,0.21826777781948253,0.047476230708093536
2016,Democrat,35,4626,0.1775003625812807,-0.021261278185609217
2016,Democrat,40,3986,0.15086647945494058,-0.04789516131194935
2016,Democrat,45,9325,0.15962361426304916,-0.03913802650384077
2016,Democrat,50,12267,0.1868454623908039,-0.011916178376086023
2016,Democrat,55,19286,0.20291172212096867,0.0041500813540787385
2016,Democrat,60,15659,0.1724808628978388,-0.026280777869051142
2016,Democrat,65,24299,0.23242115329438723,0.0336595125274973
2016,Democrat,70,12817,0.19755948533613144,-0.0012021554307584947
2016,Democrat,75,5814,0.24316355837740505,0.044401917610515124
2016,Democrat,80,2148,0.20897402490352174,0.010212384136631808
2016,Democrat,85,552,0.2881121044587074,0.08935046369181746
2016,Republican,30,865,0.0485293535413382,-0.10900762765860889
2016,Republican,35,6484,0.14923320032853976,-0.008303780871407318
2016,Republican,40,5558,0.1675932749806504,0.01005629378070333
2016,Republican,45,10114,0.147532722939755,-0.010004258260192078
2016,Republican,50,15655,0.16591599330320034,0.008379012103253258
2016,Republican,55,19100,0.14246341713631028,-0.015073564063636802
2016,Republican,60,25124,0.1557020431983869,-0.0018349380015601768
2016,Republican,65,8822,0.15095636493857778,-0.006580616261369299
2016,Republican,70,3913,0.18932949302769453,0.03179251182774745
2016,Republican,75,3071,0.19399989027095074,0.03646290907100366
2016,Republican,80,3278,0.22401917336417432,0.06648219216422724
2017,Democrat,35,3207,0.38456563725048226,0.008250812453471534
2017,Democrat,40,12527,0.29984440554969827,-0.07647041924731246
2017,Democrat,45,6201,0.36223283063743783,-0.014081994159572897
2017,Democrat,50,26911,0.3704625657783538,-0.005852259018656936
2017,Democrat,55,28360,0.380606830393556,0.004292005596545245
2017,Democrat,60,26635,0.3565338755868269,-0.019780949210183807
2017,Democrat,65,30532,0.39644511074085526,0.020130285943844528
2017,Democrat,70,26781,0.3962858083409815,0.019970983543970755
2017,Democrat,75,6705,0.4144714428501177,0.038156618053106994
2017,Democrat,80,2127,0.3843093234018896,0.007994498604878886
2017,Democrat,85,2166,0.44978493319747803,0.0734701084004673
2017,Republican,30,1169,0.072836786257605,-0.06332182062141338
2017,Republican,35,4499,0.15320774061866368,0.01704913373964531
2017,Republican,40,5092,0.12860601314307663,-0.007552593735941748
2017,Republican,45,14265,0.13768599168740245,0.0015273848083840746
2017,Republican,50,13952,0.15983079800674896,0.023672191127730585
2017,Republican,55,16685,0.12080025295071094,-0.015358353928307436
2017,Republican,60,25540,0.1297383851330682,-0.0064202217459501665
2017,Republican,65,9475,0.12697909387425668,-0.009179513004761691
2017,Republican,70,4806,0.13512111179952294,-0.0010374950794954374
2017,Republican,75,2136,0.17563875232564202,0.03948014544662365
2017,Republican,80,5439,0.15667221288987485,0.020513606010856472
2018,Democrat,35,2955,0.4082648276753232,0.03262552482372866
2018,Democrat,40,13209,0.339206164728226,-0.036433138123368514
2018,Democrat,45,7150,0.44152468505904885,0.06588538220745432
2018,Democrat,50,20540,0.35787003680380347,-0.017769266047791055
2018,Democrat,55,19519,0.33906480649646886,-0.03657449635512566
2018,Democrat,60,28276,0.3347457147551347,-0.04089358809645982
2018,Democrat,65,27779,0.4036754062384684,0.0280361033868739
2018,Democrat,70,28035,0.4203149638239368,0.04467566097234227
2018,Democrat,75,9078,0.36739896078382484,-0.00824034206776969
2018,Democrat,80,1502,0.4302855709074102,0.05464626805581568
2018,Democrat,85,790,0.5153505536804235,0.13971125082882896
2018,Republican,30,1453,0.09995691143299971,-0.04786930970326907
2018,Republican,35,3181,0.23159702310181396,0.08377080196554518
2018,Republican,40,4603,0.15358293196758005,0.005756710831311268
2018,Republican,45,15251,0.1613053385839952,0.013479117447726424
2018,Republican,50,12182,0.1547158893887819,0.006889668252513109
2018,Republican,55,20311,0.14278798447019025,-0.005038236666078527
2018,Republican,60,24205,0.1252000574685,-0.02262616366776879
2018,Republican,65,11210,0.15724620238169995,0.00941998124543117
2018,Republican,70,4697,0.13331169927570463,-0.01451452186056415
2018,Republican,75,3676,0.1633616457813621,0.015535424645093332
2018,Republican,80,3662,0.15816670363544624,0.010340482499177461
2018,Republican,85,254,0.16625399734113572,0.018427776204866936
2019,Democrat,25,1833,0.4595049370409981,0.12839057868413056
2019,Democrat,30,5868,0.21440084247733862,-0.11671351587952891
2019,Democrat,35,16429,0.2905057554921167,-0.04060860286475082
2019,Democrat,40,26222,0.282808022469739,-0.048306335887128515
2019,Democrat,45,29633,0.2972072792365107,-0.03390707912035684
2019,Democrat,50,38470,0.32954398313497174,-0.0015703752218957923
2019,Democrat,55,31849,0.33555889797118194,0.004444539614314402
2019,Democrat,60,38644,0.32580379808868715,-0.0053105602681803865
2019,Democrat,65,43505,0.355731911131629,0.024617552774761464
2019,Democrat,70,40632,0.3813552601743533,0.05024090181748575
2019,Democrat,75,14613,0.3438586780185218,0.01274431966165429
2019,Democrat,80,2687,0.38507962766944653,0.053965269312579
2019,Democrat,85,1095,0.39377923302786194,0.06266487467099441
2019,Republican,30,1266,0.20664010936832777,-0.05206358115529536
2019,Republican,35,11038,0.35028852794558085,0.09158483742195772
2019,Republican,40,6672,0.30659055855029993,0.0478868680266768
2019,Republican,45,23544,0.2501946698958669,-0.008509020627756214
2019,Republican,50,14817,0.25970868349763016,0.001004992974007024
2019,Republican,55,25992,0.22570536969292176,-0.032998320830701366
2019,Republican,60,32223,0.279596493144148,0.020892802620524842
2019,Republican,65,21954,0.25488902178335565,-0.0038146687402674795
2019,Republican,70,4461,0.1907774320987509,-0.06792625842487224
2019,Republican,75,4218,0.20021190811540346,-0.05849178240821967
2019,Republican,80,992,0.07809793162854359,-0.18060575889507954
2019,Republican,85,1103,0.18440847668724164,-0.07429521383638149
2020,Democrat,30,6101,0.22886287988154524,-0.06744312402516678
2020,Democrat,35,15604,0.2619630228057198,-0.03434298110099221
2020,Democrat,40,26389,0.2664340957520051,-0.029871908154706917
2020,Democrat,45,38307,0.24596445535489497,-0.05034154855181705
2020,Democrat,50,35650,0.297292804349479,0.0009868004427669996
2020,Democrat,55,45738,0.27601787862188026,-0.02028812528483176
2020,Democrat,60,45134,0.2958630020916889,-0.000443001815023103
2020,Democrat,65,48681,0.30341937527475865,0.007113371368046628
2020,Democrat,70,52780,0.3707000363746064,0.07439403246789439
2020,Democrat,75,21795,0.30428546013159496,0.007979456224882941
2020,Democrat,80,7567,0.31520039878138967,0.018894394874677645
2020,Democrat,85,1783,0.2890967746287171,-0.007209229277994944
2020,Republican,35,10566,0.3166776001139389,0.050000704587712386
2020,Republican,40,14452,0.3866742676888071,0.11999737216258055
2020,Republican,45,28112,0.2878931235294866,0.021216228003260063
2020,Republican,50,17726,0.24217775748703432,-0.02449913803919221
2020,Republican,55,30442,0.2281741736358991,-0.03850272189032744
2020,Republican,60,34741,0.26039245938655575,-0.006284436139670779
2020,Republican,65,31469,0.2699185956845479,0.00324170015832137
2020,Republican,70,5576,0.19018230142769668,-0.07649459409852985
2020,Republican,75,4687,0.17468101078461984,-0.09199588474160669
2020,Republican,80,1117,0.09362270349791756,-0.17305419202830896
2020,Republican,85,1399,0.20575205384792922,-0.060924841678297315
2021,Democrat,30,10295,0.22937344402966334,0.008246331328335271
2021,Democrat,35,9867,0.18957209071023456,-0.0315550219910935
2021,Democrat,40,25367,0.2389695083848915,0.01784239568356344
2021,Democrat,45,42055,0.21355342581699757,-0.007573686884330494
2021,Democrat,50,29268,0.22138631932096114,0.0002592066196330789
2021,Democrat,55,49457,0.20384716702233321,-0.01727994567899485
2021,Democrat,60,43031,0.21084516128240294,-0.010281951418925128
2021,Democrat,65,40863,0.2215542740461602,0.0004271613448321443
2021,Democrat,70,48556,0.2466642955915351,0.02553718289020704
2021,Democrat,75,24283,0.24255618592770228,0.021429073226374218
2021,Democrat,80,9052,0.1884787110743233,-0.032648401627004775
2021,Democrat,85,2003,0.1709842455558966,-0.05014286714543145
2021,Republican,25,1948,0.5245690883602947,0.11537983232674315
2021,Republican,30,8435,0.4399145465486898,0.030725290515138226
2021,Republican,35,12957,0.4712445678178723,0.06205531178432072
2021,Republican,40,26517,0.45000024876728617,0.04081099273373462
2021,Republican,45,16042,0.3939784574147366,-0.015210798618814969
2021,Republican,50,31572,0.4502018463304389,0.04101259029688736
2021,Republican,55,46019,0.3819767181792749,-0.02721253785427663
2021,Republican,60,43132,0.38776312246398736,-0.021426133569564187
2021,Republican,65,42525,0.40677211743248937,-0.0024171386010621854
2021,Republican,70,9812,0.3611214472739029,-0.04806780875964867
2021,Republican,75,3497,0.33773048219175394,-0.07145877384179761
2021,Republican,85,2317,0.22781933196585177,-0.18136992406769978
2022,Democrat,30,4500,0.29681100494807794,0.04807405641945495
2022,Democrat,35,7711,0.1766736731662993,-0.07206327536232368
2022,Democrat,40,14286,0.2610103566883952,0.012273408159772181
2022,Democrat,45,29941,0.26109988278002516,0.012362934251402169
2022,Democrat,50,22678,0.23715137333679964,-0.01158557519182335
2022,Democrat,55,31678,0.23526225714194376,-0.013474691386679227
2022,Democrat,60,30328,0.23496964595886494,-0.013767302569758055
2022,Democrat,65,32014,0.24839561436107682,-0.0003413341675461701
2022,Democrat,70,29645,0.27087793870324667,0.022140990174623676
2022,Democrat,75,22644,0.2762682518792833,0.027531303350660286
2022,Democrat,80,7513,0.20564845224899947,-0.04308849627962352
2022,Democrat,85,1528,0.21983426339261194,-0.028902685136011047
2022,Republican,25,410,0.46778385443045056,0.035526350598293566
2022,Republican,30,2442,0.3548583968637479,-0.07739910696840907
2022,Republican,35,12645,0.49228858234084255,0.060031078508685554
2022,Republican,40,16297,0.43726838306717475,0.005010879235017751
2022,Republican,45,10920,0.44093306301542873,0.00867555918327173
2022,Republican,50,28425,0.4612223165458119,0.02896481271365492
2022,Republican,55,30552,0.4239277276084287,-0.008329776223728325
2022,Republican,60,32148,0.4396535576781385,0.007396053845981521
2022,Republican,65,25928,0.40037281988741963,-0.03188468394473737
2022,Republican,70,14949,0.416780022102803,-0.015477481729353981
2022,Republican,75,2797,0.3387208506401693,-0.09353665319198767
2022,Republican,80,787,0.37889306898390945,-0.053364434848247544
2022,Republican,85,1618,0.3049691195371797,-0.1272883842949773
2023,Democrat,25,1232,0.32421222205769706,0.03873808262904094
2023,Democrat,30,1793,0.3949268903727168,0.10945275094406065
2023,Democrat,35,6772,0.2517351953019,-0.0337389441267561
2023,Democrat,40,12851,0.26851276422782083,-0.016961375200835294
2023,Democrat,45,16869,0.31021882676910556,0.024744687340449434
2023,Democrat,50,18657,0.2911964996880903,0.005722360259434178
2023,Democrat,55,14398,0.27989625734359735,-0.005577882085058772
2023,Democrat,60,15213,0.27401941723404144,-0.011454722194614686
2023,Democrat,65,17585,0.2720737806670442,-0.013400358761611941
2023,Democrat,70,16812,0.28634529693428645,0.0008711575056303267
2023,Democrat,75,13325,0.2915071248173308,0.006032985388674694
2023,Democrat,80,3073,0.2704153130619838,-0.015058826366672329
2023,Democrat,85,894,0.41942620089473476,0.13395206146607863
2023,Republican,30,1833,0.414559873799548,0.00574015583499482
2023,Republican,35,11035,0.4573769299336635,0.04855721196911034
2023,Republican,40,13284,0.4393160171224806,0.030496299157927398
2023,Republican,45,12254,0.3508472026001084,-0.05797251536444481
2023,Republican,50,22559,0.45184054171498145,0.04302082375042826
2023,Republican,55,18488,0.3975194387410239,-0.011300279223529275
2023,Republican,60,22221,0.39506973047622523,-0.013749987488327953
2023,Republican,65,16697,0.3508723776497977,-0.05794734031475551
2023,Republican,70,17060,0.44134497843734083,0.03252526047278764
2023,Republican,75,2311,0.39679995538003515,-0.012019762584518034
2023,Republican,80,1857,0.3471533014515779,-0.061666416512975275
2023,Republican,85,649,0.27213156667504984,-0.13668815128950335
2023,Republican,90,309,0.23584791009456016,-0.17297180786999303
2024,Democrat,25,760,0.2844164695566226,0.03465094801545146
2024,Democrat,30,751,0.32287784986391405,0.07311232832274292
2024,Democrat,35,9530,0.26802398007282946,0.018258458531658334
2024,Democrat,40,18137,0.21607854957547776,-0.03368697196569337
2024,Democrat,45,22068,0.25282584574081235,0.0030603241996412234
2024,Democrat,50,24262,0.2395034227764075,-0.010262098764763639
2024,Democrat,55,19899,0.2607944774773906,0.01102895593621947
2024,Democrat,60,18520,0.22589623952918328,-0.023869282011987847
2024,Democrat,65,27548,0.23804475102129305,-0.011720770519878076
2024,Democrat,70,19998,0.26017325859467866,0.010407737053507532
2024,Democrat,75,15794,0.27827921520832927,0.02851369366715814
2024,Democrat,80,4023,0.24087144792037793,-0.008894073620793197
2024,Democrat,85,1635,0.531085752266593,0.2813202307254219
2024,Republican,30,521,0.5323631507746747,0.12063559600642865
2024,Republican,35,10583,0.40669684398027095,-0.005030710787975068
2024,Republican,40,23548,0.4400602824236232,0.0283327276553772
2024,Republican,45,19983,0.41603410094608473,0.00430654617783871
2024,Republican,50,29853,0.4556905648245985,0.0439630100563525
2024,Republican,55,23829,0.42421851391424736,0.012490959146001346
2024,Republican,60,30272,0.38837224745858806,-0.023355307309657958
2024,Republican,65,19184,0.3535302494089863,-0.05819730535925971
2024,Republican,70,26532,0.40109058551450255,-0.010636969253743467
2024,Republican,75,2477,0.40459471053117113,-0.007132844237074887
2024,Republican,80,1766,0.32848864095575586,-0.08323891381249016
2024,Republican,90,1071,0.31596125509062944,-0.09576629967761657
2025,Democrat,25,1080,0.477927260343589,-0.03324717690131318
2025,Democrat,30,2314,0.4658906870161794,-0.045283750228722774
2025,Democrat,35,13039,0.45513806070377305,-0.05603637654112914
2025,Democrat,40,13772,0.4437270571411169,-0.06744738010378531
2025,Democrat,45,23069,0.494661939108509,-0.016512498136393217
2025,Democrat,50,25387,0.4856755366460228,-0.02549890059887938
2025,Democrat,55,21678,0.5148218062936931,0.003647369048790927
2025,Democrat,60,20960,0.5061591027637335,-0.005015334481168643
2025,Democrat,65,19127,0.5400490061094247,0.028874568864522554
2025,Democrat,70,20584,0.5406197289754541,0.02944529173055188
2025,Democrat,75,18172,0.5775426548541588,0.0663682176092566
2025,Democrat,80,6433,0.5872360975775096,0.07606166033260742
2025,Democrat,85,1879,0.511613319693614,0.00043888244871181925
2025,Republican,30,1915,0.4804653411227772,0.11545490925239166
2025,Republican,35,9567,0.34497956470339586,-0.020030867166989708
2025,Republican,40,17258,0.33936125373487286,-0.025649178135512707
2025,Republican,45,30505,0.4074042387151597,0.04239380684477412
2025,Republican,50,35503,0.4103339896813523,0.04532355781096675
2025,Republican,55,24602,0.3468375891556489,-0.01817284271473668
2025,Republican,60,31879,0.346083889057599,-0.01892654281278655
2025,Republican,65,15854,0.30767970630988717,-0.0573307255604984
2025,Republican,70,27402,0.34744771134666924,-0.017562720523716324
2025,Republican,75,3664,0.3742573543861722,0.009246922515786626
2025,Republican,80,2153,0.31722762450663206,-0.04778280736375351
2025,Republican,90,1032,0.3848413487778103,0.019830916907424723
2026,Democrat,25,997,0.3475419171229229,-0.1286849787104603
2026,Democrat,30,2103,0.5444505246995168,0.06822362886613359
2026,Democrat,35,7455,0.4165403245188706,-0.05968657131451266
2026,Democrat,40,11143,0.4078336289070136,-0.06839326692636966
2026,Democrat,45,18163,0.4654556637301727,-0.010771232103210515
2026,Democrat,50,23670,0.4466619737409323,-0.02956492209245093
2026,Democrat,55,19473,0.46888630826950495,-0.007340587563878287
2026,Democrat,60,13916,0.4865700705966229,0.010343174763239649
2026,Democrat,65,15315,0.5069597223706402,0.030732826537257008
2026,Democrat,70,15841,0.5011642013564496,0.024937305523066333
2026,Democrat,75,17266,0.5314777775294048,0.0552508816960216
2026,Democrat,80,5626,0.5247310962342752,0.04850420040089193
2026,Democrat,85,1108,0.47062218554119584,-0.005604710292187398
2026,Republican,30,3275,0.45687755075404207,0.1306021360593389
2026,Republican,35,9525,0.3409136754539343,0.014638260759231136
2026,Republican,40,11306,0.3000781403540191,-0.026197274340684085
2026,Republican,45,34154,0.34184647357498316,0.015571058880279987
2026,Republican,50,23052,0.380518813037582,0.054243398342878835
2026,Republican,55,33559,0.3215464888391408,-0.004728925855562394
2026,Republican,60,30624,0.3158115472191983,-0.010463867475504873
2026,Republican,65,14039,0.2845556806683457,-0.04171973402635748
2026,Republican,70,23766,0.3196735369001748,-0.006601877794528366
2026,Republican,75,4146,0.17682522830984196,-0.1494501863848612
2026,Republican,80,1131,0.1733876964662827,-0.15288771822842048
2026,Republican,90,758,0.2749373498636895,-0.05133806483101366
