name,party,n,n_night,daytime,nighttime,night_minus_day
Mike Levin,Democrat,8330,730.0,0.2490125673249551,0.5643835616438356,0.3153709943188805
Mazie K. Hirono,Democrat,4596,1830.0,0.36724565756823824,0.651912568306011,0.2846669107377727
Joe Wilson,Republican,6518,346.0,0.2582528180354267,0.48265895953757226,0.22440614150214555
Jason Crow,Democrat,7457,754.0,0.2743876235496347,0.4827586206896552,0.2083709971400205
Tom Cotton,Republican,17722,1747.0,0.4606945239458119,0.6605609616485404,0.1998664377027285
Sean Casten,Democrat,15578,2133.0,0.2633568799124465,0.4580403187998125,0.194683438887366
Dan Sullivan,Republican,5433,363.0,0.2233695652173913,0.39669421487603307,0.17332464965864178
John W. Hickenlooper,Democrat,7428,319.0,0.3373229603032116,0.5047021943573667,0.1673792340541551
Jimmy Gomez,Democrat,10860,645.0,0.3068181818181818,0.4604651162790698,0.15364693446088795
Sara Jacobs,Democrat,5068,492.0,0.292909211398277,0.4451219512195122,0.15221273982123518
Jacky Rosen,Democrat,13097,794.0,0.19862766341639582,0.34886649874055414,0.15023883532415833
John Garamendi,Democrat,12118,849.0,0.21017699115044247,0.35217903415783275,0.14200204300739028
Scott H. Peters,Democrat,15393,459.0,0.15753871230643846,0.29193899782135074,0.1344002855149123
Judy Chu,Democrat,10822,711.0,0.3932244404113733,0.5274261603375527,0.13420171992617946
Jared Huffman,Democrat,7171,312.0,0.2975750102753802,0.42948717948717946,0.13191216921179927
Don Bacon,Republican,23831,2944.0,0.2697456023547551,0.39809782608695654,0.12835222373220145
Sean Maloney D-NY,Democrat,6953,326.0,0.25952121871599565,0.38650306748466257,0.12698184876866692
Jeff Merkley,Democrat,21119,1485.0,0.4282132110617567,0.5548821548821549,0.12666894382039817
Greg Stanton,Democrat,6684,311.0,0.22891818372044362,0.3504823151125402,0.12156413139209657
Mariannette Miller-Meeks,Republican,6927,486.0,0.17117117117117117,0.29218106995884774,0.12100989878767657
"Kildee, Dan",Democrat,8222,324.0,0.21809092329323543,0.33641975308641975,0.11832882979318432
Adam Smith,Democrat,10236,705.0,0.235390823494246,0.35319148936170214,0.11780066586745613
Brittany Pettersen,Democrat,2746,326.0,0.3459563543003851,0.46319018404907975,0.11723382974869462
Zoe Lofgren,Democrat,4386,304.0,0.29115797262301146,0.40789473684210525,0.11673676421909379
John Barrasso,Republican,9596,449.0,0.35884661835748793,0.47438752783964366,0.11554090948215573
Mark Kelly,Democrat,7398,687.0,0.22485345838218054,0.33915574963609896,0.11430229125391841
Steven Horsford,Democrat,11327,958.0,0.175654635527247,0.28914405010438415,0.11348941457713715
Brian Schatz,Democrat,9363,2346.0,0.31140050262737035,0.42284739982949704,0.1114468972021267
Andy Harris,Republican,5354,422.0,0.26611614278103357,0.3767772511848341,0.11066110840380056
Ron Wyden,Democrat,6171,1495.0,0.38524590163934425,0.4956521739130435,0.11040627227369926
Mark Meadows R-NC,Republican,5412,359.0,0.38847117794486213,0.4986072423398329,0.11013606439497076
Andy Kim,Democrat,6696,368.0,0.13777191825972313,0.24728260869565216,0.10951069043592904
Nicole Malliotakis,Republican,6387,860.0,0.46786632390745503,0.5744186046511628,0.10655228074370776
Ruben Gallego,Democrat,9031,1404.0,0.39145402997164847,0.49786324786324787,0.1064092178915994
Catherine Cortez Masto,Democrat,15774,1111.0,0.2545454545454545,0.3609360936093609,0.10639063906390639
Paul A. Gosar,Republican,18905,1331.0,0.3369875222816399,0.439519158527423,0.1025316362457831
Scott Perry,Republican,6056,304.0,0.29765962281299707,0.3980263157894737,0.1003666929764766
Val Demings D-FL,Democrat,11531,535.0,0.32781177463599914,0.4261682242990654,0.09835644966306628
Tammy Baldwin,Democrat,22018,300.0,0.21670173167179155,0.31333333333333335,0.0966316016615418
Angie Craig,Democrat,9434,358.0,0.18566374403937855,0.28212290502793297,0.09645916098855442
Bill Foster,Democrat,8881,310.0,0.22622710622710623,0.3193548387096774,0.09312773248257117
Veronica Escobar,Democrat,13116,945.0,0.3323635517281508,0.4253968253968254,0.09303327366867459
Adriano Espaillat,Democrat,14739,1023.0,0.2308064204215819,0.3235581622678397,0.09275174184625778
Darren Soto,Democrat,10206,697.0,0.1716854573997431,0.2611190817790531,0.08943362437930996
Mark Takano,Democrat,7776,405.0,0.31401065137238837,0.4,0.08598934862761165
Ron Johnson,Republican,10725,504.0,0.3213039978535015,0.40674603174603174,0.08544203389253024
Diana DeGette,Democrat,8521,369.0,0.3238572120820546,0.4092140921409214,0.08535688005886682
Christopher Murphy,Democrat,11667,1370.0,0.503666286459182,0.5875912408759124,0.08392495441673042
Suzan K. DelBene,Democrat,10706,348.0,0.1813929970926558,0.26436781609195403,0.08297481899929823
Ted Lieu,Democrat,21590,3546.0,0.497737556561086,0.577834179357022,0.08009662279593599
Patrick Leahy D-VT,Democrat,16556,376.0,0.2375249500998004,0.31648936170212766,0.07896441160232726
Ben Ray Luján,Democrat,10185,327.0,0.2608988159311087,0.3394495412844037,0.07855072535329499
Lee Zeldin R-NY,Republican,3588,529.0,0.29269347168179854,0.3686200378071834,0.07592656612538484
Jimmy Patronis,Republican,2428,365.0,0.23371335504885993,0.3095890410958904,0.07587568604703049
Bill Flores R-TX,Republican,11055,1304.0,0.22790095018715809,0.3029141104294479,0.0750131602422898
Adam B. Schiff,Democrat,14377,1666.0,0.5058738911532007,0.5804321728691476,0.07455828171594692
Pramila Jayapal,Democrat,35264,3196.0,0.41010999297917156,0.483729662077597,0.07361966909842543
"Casey, Robert Jr.",Democrat,15154,583.0,0.2895777320891982,0.36192109777015435,0.07234336568095617
Pete Stauber,Republican,6394,492.0,0.2753945321182485,0.3475609756097561,0.07216644349150758
Lauren Boebert,Republican,11455,2428.0,0.5172804532577904,0.5889621087314663,0.07168165547367589
Bradley Scott Schneider,Democrat,8703,373.0,0.23263558515699334,0.30294906166219837,0.07031347650520503
Andy Biggs,Republican,27309,3042.0,0.4670610379134176,0.537146614069691,0.07008557615627342
Nanette Diaz Barragán,Democrat,8394,624.0,0.2718209179834462,0.34134615384615385,0.06952523586270765
Ed Case,Democrat,4023,544.0,0.06306306306306306,0.1323529411764706,0.06928987811340753
Bryan Steil,Republican,7116,329.0,0.2013379369874838,0.270516717325228,0.06917878033774416
Susie Lee,Democrat,10657,395.0,0.18097960244251007,0.2481012658227848,0.06712166338027473
Dina Titus,Democrat,17967,871.0,0.18201988659709098,0.24913892078071181,0.06711903418362083
Dwight Evans,Democrat,23351,847.0,0.2293416572077185,0.29634002361275086,0.06699836640503234
Mark Pocan,Democrat,14064,777.0,0.4256478815302345,0.49163449163449163,0.06598661010425716
Lizzie Fletcher,Democrat,6705,375.0,0.118600129617628,0.184,0.065399870382372
Brandon Gill,Republican,3163,321.0,0.572064552031163,0.6355140186915887,0.06344946666042572
James P. McGovern,Democrat,17988,1740.0,0.38641985159179765,0.4494252873563218,0.06300543576452416
Ami Bera,Democrat,7660,330.0,0.17668952007835456,0.23939393939393938,0.06270441931558482
Sam T. Liccardo,Democrat,2214,505.0,0.41865079365079366,0.48118811881188117,0.06253732516108751
Kevin Brady R-TX,Republican,14235,415.0,0.2752380952380952,0.3373493975903614,0.062111302352266196
Dan Crenshaw,Republican,9142,579.0,0.4790752615592305,0.540587219343696,0.0615119577844655
Alexandria Ocasio-Cortez,Democrat,9627,374.0,0.38282763072950293,0.44385026737967914,0.06102263665017621
Jack Reed,Democrat,8865,324.0,0.17364496702036133,0.23148148148148148,0.05783651446112015
Joe Neguse,Democrat,9214,964.0,0.14144271570014144,0.1991701244813278,0.057727408781186346
Sydney Kamlager-Dove,Democrat,3274,359.0,0.46342710997442454,0.520891364902507,0.05746425492808244
Richard J. Durbin,Democrat,30510,913.0,0.3453717883273779,0.4019715224534502,0.056599734126072276
Hakeem S. Jeffries,Democrat,6969,884.0,0.5474917239623122,0.6029411764705882,0.05544945250827604
Tina Smith,Democrat,10144,310.0,0.3096654766627,0.36451612903225805,0.05485065236955805
Rashida Tlaib,Democrat,10077,716.0,0.4593513993780542,0.5111731843575419,0.051821784979487695
Sharice Davids,Democrat,7372,521.0,0.1017353579175705,0.15163147792706333,0.049896120009492825
Roger F. Wicker,Republican,13019,389.0,0.2329004329004329,0.2827763496143959,0.04987591671396299
David Schweikert,Republican,7782,408.0,0.1682946682946683,0.2181372549019608,0.04984258660729249
Jimmy Panetta,Democrat,9643,561.0,0.13470813237984366,0.1836007130124777,0.04889258063263405
Michael F. Bennet,Democrat,13436,886.0,0.23356458539808392,0.28216704288939054,0.04860245749130662
Steve Womack,Republican,12474,479.0,0.11507725093233884,0.162839248434238,0.04776199750189916
Jerrold Nadler,Democrat,10098,539.0,0.4545333510850752,0.5009276437847866,0.046394292699711404
Jamie Raskin,Democrat,9109,445.0,0.33131997642899236,0.3775280898876405,0.046208113458648115
Yassamin Ansari,Democrat,3512,390.0,0.5950950950950951,0.6410256410256411,0.04593054593054602
Edward J. Markey,Democrat,19329,574.0,0.3966947547194461,0.4425087108013937,0.045813956081947604
Robin L. Kelly,Democrat,8992,324.0,0.2820919175911252,0.3271604938271605,0.04506857623603533
Margaret Wood Hassan,Democrat,12823,328.0,0.2272635612018552,0.27134146341463417,0.04407790221277896
"Carper, Thomas ",Democrat,12583,440.0,0.1768661735036987,0.22045454545454546,0.04358837195084675
Patty Murray,Democrat,10883,1573.0,0.4817173003456431,0.5251112523839797,0.043393952038336625
"Bishop, Dan",Republican,4002,314.0,0.5500485908649174,0.5923566878980892,0.04230809703317173
Chuck Grassley,Republican,7381,808.0,0.2968066491688539,0.33910891089108913,0.042302261722235224
Michael Baumgartner,Republican,1464,356.0,0.2479740680713128,0.2893258426966292,0.04135177462531639
Josh Gottheimer,Democrat,13508,652.0,0.1997941327843541,0.24079754601226994,0.04100341322791584
"Menendez, Bob",Democrat,17271,423.0,0.3160071694471253,0.35697399527186763,0.040966825824742314
Ted Cruz,Republican,50753,4413.0,0.44865284471326455,0.4892363471561296,0.04058350244286507
Amy Klobuchar,Democrat,14557,1544.0,0.28006609229316654,0.31994818652849744,0.0398820942353309
"Cardin, Benjamin",Democrat,14034,560.0,0.23034330011074197,0.26964285714285713,0.03929955703211516
Elissa Slotkin,Democrat,5620,392.0,0.19579675445597233,0.23469387755102042,0.038897123095048086
Debbie Wasserman Schultz,Democrat,13095,568.0,0.40136422693806845,0.44014084507042256,0.03877661813235411
Dan Newhouse,Republican,4230,356.0,0.17521739130434782,0.21348314606741572,0.0382657547630679
Claudia Tenney,Republican,13098,995.0,0.45750473484848486,0.49547738693467336,0.037972652086188496
"Eric A. ""Rick"" Crawford",Republican,8294,371.0,0.19730718085106383,0.23450134770889489,0.03719416685783106
Raja Krishnamoorthi,Democrat,4603,634.0,0.4552380952380952,0.49053627760252366,0.03529818236442844
Lisa Murkowski,Republican,4499,722.0,0.08283002588438308,0.11772853185595568,0.034898505971572596
Warren Davidson,Republican,5385,1188.0,0.41741988496302385,0.4503367003367003,0.03291681537367647
Katie Boyd Britt,Republican,5060,514.0,0.259185036740147,0.2918287937743191,0.032643757034172105
Rob Portman R-OH,Republican,19132,870.0,0.16177849203160574,0.19425287356321838,0.03247438153161264
Kevin Cramer,Republican,11657,726.0,0.21975981181131607,0.25206611570247933,0.03230630389116326
Ritchie Torres,Democrat,8590,781.0,0.37409247229652276,0.4058898847631242,0.03179741246660145
Robert Garcia,Democrat,2861,597.0,0.5883268482490273,0.6197654941373534,0.03143864588832612
Thomas P. Tiffany,Republican,3843,520.0,0.6076624636275461,0.6384615384615384,0.030799074833992357
Norma J. Torres,Democrat,5056,687.0,0.3196022727272727,0.34934497816593885,0.02974270543866614
Abraham J. Hamadeh,Republican,1942,391.0,0.2926587301587302,0.32225063938618925,0.02959190922745908
Gregory F. Murphy,Republican,5536,469.0,0.39481836102506335,0.42430703624733473,0.029488675222271388
Troy A. Carter,Democrat,3094,330.0,0.21008403361344538,0.23939393939393938,0.029309905780494
Gregory W. Meeks,Democrat,8117,543.0,0.3895377529198881,0.4180478821362799,0.02851012921639179
Mike Quigley,Democrat,19651,558.0,0.24415214151493553,0.2724014336917563,0.02824929217682076
Mike Lee,Republican,32291,3046.0,0.4563609084794868,0.48456992777413,0.0282090192946432
Brendan F. Boyle,Democrat,14515,2588.0,0.29536703515091295,0.3234157650695518,0.028048729918638826
Debbie Mucarsel-Powell D-FL,Democrat,4640,383.0,0.29854522454142945,0.3263707571801567,0.027825532638727224
Tim Burchett,Republican,15741,2936.0,0.3250900360144058,0.3518392370572207,0.02674920104281492
Richard Blumenthal,Democrat,26883,1435.0,0.40741699901590095,0.43414634146341463,0.026729342447513682
Salud O. Carbajal,Democrat,8224,337.0,0.18572455951096728,0.21068249258160238,0.024957933070635097
Nick LaLota,Republican,3326,331.0,0.32554517133956384,0.3504531722054381,0.024908000865874247
Juan Ciscomani,Republican,2970,456.0,0.1135397692774742,0.13815789473684212,0.024618125459367923
Tammy Duckworth,Democrat,13250,701.0,0.39238605898123324,0.4165477888730385,0.02416172989180526
Barry Loudermilk,Republican,3976,433.0,0.2809224318658281,0.30484988452655887,0.023927452660730764
Al Green,Democrat,5086,409.0,0.2573814494482553,0.28117359413202936,0.023792144683774052
Alex Padilla,Democrat,9159,696.0,0.35983479607640684,0.38362068965517243,0.023785893578765593
Todd Young,Republican,13041,455.0,0.15229011634000628,0.17582417582417584,0.02353405948416956
John Kennedy,Republican,7738,724.0,0.4573791348600509,0.47928176795580113,0.021902633095750246
Shelley Moore Capito,Republican,16599,455.0,0.11693142192948469,0.13846153846153847,0.021530116532053778
Mike Thompson,Democrat,17867,1505.0,0.1356489295549436,0.1568106312292359,0.021161701674292294
Derrick Van Orden,Republican,9522,1771.0,0.410807669959326,0.43195934500282324,0.021151675043497242
Ro Khanna,Democrat,36028,6792.0,0.39272224291110286,0.41386925795053003,0.021147015039427175
Tim Ryan D-OH,Democrat,9769,530.0,0.2455390801708972,0.2660377358490566,0.020498655678159394
Ashley Hinson,Republican,8093,595.0,0.34054471701757777,0.3596638655462185,0.019119148528640717
Sheldon Whitehouse,Democrat,27507,1157.0,0.4429172795049957,0.46153846153846156,0.018621182033465855
Pete Olson R-TX,Republican,8009,368.0,0.14254787676935887,0.16032608695652173,0.017778210187162857
Jodey C. Arrington,Republican,6153,433.0,0.3273969260795316,0.3441108545034642,0.0167139284239326
"Greene, Marjorie Taylor",Republican,2996,301.0,0.6658464566929134,0.6810631229235881,0.015216666230674636
Lance Gooden,Republican,5471,777.0,0.7243547319655858,0.7387387387387387,0.01438400677315299
Andrew Ogles,Republican,3754,424.0,0.5610948191593352,0.5754716981132075,0.014376878953872296
Jeanne Shaheen,Democrat,16139,328.0,0.2242152466367713,0.23780487804878048,0.013589631412009168
Bonnie Watson Coleman,Democrat,9045,347.0,0.36687842910771007,0.3804034582132565,0.013525029105546427
Gary C. Peters,Democrat,12175,443.0,0.15893968662803176,0.17155756207674944,0.012617875448717675
Lloyd Doggett,Democrat,18701,898.0,0.3864136010552543,0.3986636971046771,0.012250096049422787
Lori Trahan,Democrat,10701,442.0,0.22092307692307692,0.2330316742081448,0.012108597285067885
Peter Meijer R-MI,Republican,1620,457.0,0.2813953488372093,0.29321663019693656,0.011821281359727265
W. Gregory Steube,Republican,7067,440.0,0.512035472972973,0.5227272727272727,0.01069179975429968
Terri A. Sewell,Democrat,11288,520.0,0.18564237775647172,0.19615384615384615,0.010511468397374435
J. French Hill,Republican,5500,354.0,0.163302752293578,0.17231638418079095,0.009013631887212964
"Jesús G. ""Chuy"" García",Democrat,11463,492.0,0.2838815022160019,0.2926829268292683,0.008801424613266384
Linda T. Sánchez,Democrat,2873,501.0,0.2771450265755505,0.28542914171656686,0.008284115141016346
Elijah Crane,Republican,5500,1460.0,0.4049694856146469,0.413013698630137,0.008044213015490076
John Cornyn,Republican,15584,5966.0,0.3328426862925483,0.34076433121019106,0.007921644917642745
Josh Hawley,Republican,14030,1393.0,0.5038852361028093,0.511127063890883,0.007241827788073696
Gabe Evans,Republican,1506,315.0,0.39381153305203936,0.4,0.006188466947960658
Nancy Mace,Republican,27921,3294.0,0.422739809990806,0.4286581663630844,0.005918356372278388
Rand Paul,Republican,20298,1528.0,0.3809086737035337,0.38612565445026176,0.0052169807467280505
Gus M. Bilirakis,Republican,9214,580.0,0.17080960977641993,0.17586206896551723,0.0050524591890973025
Janice D. Schakowsky,Democrat,5259,435.0,0.36975028376844493,0.37471264367816093,0.0049623599097159965
Alma S. Adams,Democrat,8173,336.0,0.21338717192110576,0.21726190476190477,0.0038747328407990056
Paul Tonko,Democrat,13739,425.0,0.22857395299522884,0.23058823529411765,0.0020142822988888087
Thomas Massie,Republican,26768,4951.0,0.3830339913908268,0.3847707533831549,0.0017367619923281397
Henry Cuellar,Democrat,9827,319.0,0.07036683485612982,0.07210031347962383,0.001733478623494003
Bill Huizenga,Republican,9704,905.0,0.24698532616591604,0.24861878453038674,0.001633458364470708
Mary Gay Scanlon,Democrat,11937,967.0,0.3037332366799565,0.3050672182006205,0.001333981520663996
"Stabenow, Debbie",Democrat,7559,321.0,0.1762684124386252,0.17757009345794392,0.0013016810193187123
Anna Paulina Luna,Republican,11236,715.0,0.40211559098574273,0.4027972027972028,0.0006816118114600922
Mark Alford,Republican,4954,536.0,0.3225152129817444,0.32276119402985076,0.00024598104810635846
Stephen F. Lynch,Democrat,5457,397.0,0.17625093353248694,0.17380352644836272,-0.00244740708412422
Steve Scalise,Republican,3639,460.0,0.6399790685504971,0.6369565217391304,-0.003022546811366711
Nancy Pelosi,Democrat,16582,3257.0,0.3140774733432312,0.3107153822536076,-0.003362091089623598
James Comer,Republican,4306,324.0,0.5422004521477016,0.5370370370370371,-0.005163415110664538
"Johnson, Bill",Republican,7907,322.0,0.1891156462585034,0.18322981366459629,-0.005885832593907125
Jahana Hayes,Democrat,9143,546.0,0.09036330049261083,0.08424908424908426,-0.0061142162435265796
Rick Larsen,Democrat,16516,1003.0,0.13881414122668645,0.13260219341974078,-0.006211947806945672
"Brown, Sherrod",Democrat,9482,301.0,0.2820610687022901,0.2757475083056478,-0.00631356039664227
Barbara Comstock R-VA,Republican,2211,302.0,0.04944649446494465,0.04304635761589404,-0.006400136849050615
Dennis Ross R-FL,Republican,9874,1438.0,0.29649070185962806,0.2899860917941586,-0.006504610065469485
Young Kim,Republican,7994,798.0,0.24426631039857494,0.23684210526315788,-0.007424205135417056
"Swalwell, Eric",Democrat,18495,1607.0,0.3193822534953852,0.3117610454262601,-0.007621208069125085
Sylvia R. Garcia,Democrat,11100,700.0,0.2124289195775792,0.2042857142857143,-0.008143205291864908
Joyce Beatty,Democrat,13105,549.0,0.2151815799326095,0.2058287795992714,-0.009352800333338102
Chip Roy,Republican,12830,1177.0,0.5126123876123876,0.5029736618521665,-0.009638725760221067
Mark Walker R-NC,Republican,4396,327.0,0.16878290492412512,0.15902140672782875,-0.009761498196296375
Ted Deutch D-FL,Democrat,11777,1271.0,0.36490384615384613,0.3548387096774194,-0.010065136476426761
Ilhan Omar,Democrat,15970,921.0,0.4240352191832147,0.41368078175895767,-0.010354437424257013
"Gaetz, Matt",Republican,7488,607.0,0.514978601997147,0.5041186161449753,-0.010859985852171627
Joni Ernst,Republican,13093,965.0,0.3551177318596829,0.34404145077720205,-0.011076281082480821
Eric Schmitt,Republican,7703,702.0,0.5112612612612613,0.5,-0.011261261261261257
"Donald S. Beyer, Jr.",Democrat,18036,700.0,0.48221193961920655,0.47,-0.01221193961920658
Martin Heinrich,Democrat,5467,934.0,0.34118570867687475,0.32762312633832974,-0.013562582338545015
Byron Donalds,Republican,4449,302.0,0.45778114350624766,0.44370860927152317,-0.014072534234724488
Kathy Castor,Democrat,12985,879.0,0.2103648863035431,0.1956769055745165,-0.014687980729026606
Elise M. Stefanik,Republican,22850,2152.0,0.41675370795905575,0.40195167286245354,-0.014802035096602217
Maria Elvira Salazar,Republican,9181,589.0,0.22946730803491894,0.21392190152801357,-0.015545406506905363
Stephanie I. Bice,Republican,4529,447.0,0.2997560125479261,0.2841163310961969,-0.015639681451729226
Mike Rounds,Republican,6180,338.0,0.1052158273381295,0.08875739644970414,-0.016458430888425357
Thom Tillis,Republican,8188,374.0,0.19859545974195655,0.18181818181818182,-0.01677727792377473
Burgess Owens,Republican,6849,918.0,0.3802936194240542,0.3627450980392157,-0.017548521384838534
Yvette D. Clarke,Democrat,10991,557.0,0.3407503846609066,0.3231597845601436,-0.01759060010076302
Jason Smith,Republican,8680,705.0,0.4256720669396475,0.4056737588652482,-0.019998308074399285
Darrell Issa,Republican,3930,747.0,0.6025039123630673,0.5823293172690763,-0.020174595093991
Kevin Kiley,Independent,3132,373.0,0.5637162586315129,0.5415549597855228,-0.02216129884599005
Tommy Tuberville,Republican,7462,609.0,0.4363560732113145,0.41379310344827586,-0.02256296976303862
Emanuel Cleaver,Democrat,14471,301.0,0.2750642673521851,0.25249169435215946,-0.02257257300002563
"Duncan, Jeff",Republican,12239,775.0,0.3686328619064045,0.34580645161290324,-0.022826410293501243
Carolyn Maloney D-NY,Democrat,15472,336.0,0.2833734565504388,0.25892857142857145,-0.02444488512186732
Orrin Hatch R-UT,Republican,6994,379.0,0.19111765944011788,0.1662269129287599,-0.024890746511357975
Jose Serrano D-NY,Democrat,4267,533.0,0.15707515233581584,0.13133208255159476,-0.025743069784221084
Michael Lawler,Republican,4328,491.0,0.22363708714683644,0.1975560081466395,-0.026081079000196933
Frederica S. Wilson,Democrat,19042,703.0,0.2151349931025422,0.18634423897581792,-0.02879075412672427
Melanie A. Stansbury,Democrat,5214,515.0,0.32139491046182844,0.2912621359223301,-0.030132774539498364
Ralph Norman,Republican,5496,316.0,0.4004149377593361,0.370253164556962,-0.03016177320237412
Michael T. McCaul,Republican,8316,317.0,0.26524685382381413,0.2334384858044164,-0.03180836801939774
Jasmine Crockett,Democrat,4259,497.0,0.46658805031446543,0.4346076458752515,-0.031980404439213905
Randy Fine,Republican,4239,356.0,0.5151763740771124,0.48314606741573035,-0.03203030666138201
Joaquin Castro,Democrat,4669,367.0,0.5034283652111151,0.46866485013623976,-0.03476351507487535
Elizabeth Warren,Democrat,33918,1419.0,0.5069788182831662,0.47075405214940097,-0.036224766133765185
Michael K. Simpson,Republican,2417,439.0,0.2253994953742641,0.18906605922551253,-0.03633343614875156
Richard Hudson,Republican,10220,618.0,0.26162018592297476,0.22491909385113268,-0.03670109207184208
Steve Cohen,Democrat,16893,2090.0,0.4464823175319789,0.40956937799043064,-0.036912939541548284
Kat Cammack,Republican,6438,411.0,0.29971371944505615,0.26277372262773724,-0.03693999681731891
Deb Fischer,Republican,9609,448.0,0.1447184085177921,0.10714285714285714,-0.03757555137493497
Rick Scott,Republican,25436,1760.0,0.4979122541603631,0.4602272727272727,-0.0376849814330904
Mary E. Miller,Republican,5612,515.0,0.585590949687407,0.545631067961165,-0.039959881726241986
John Boozman,Republican,5066,605.0,0.1275797373358349,0.08760330578512397,-0.039976431550710914
Nikema Williams,Democrat,6822,375.0,0.2407563025210084,0.2,-0.0407563025210084
"Robert F. Onder, Jr.",Republican,1421,302.0,0.42487883683360256,0.3841059602649007,-0.04077287656870188
Brian J. Mast,Republican,11764,933.0,0.37609912070343726,0.33440514469453375,-0.04169397600890351
Steny H. Hoyer,Democrat,11984,760.0,0.2843738722482858,0.24210526315789474,-0.04226860909039107
Chris Van Hollen,Democrat,10706,406.0,0.5527708159287107,0.5098522167487685,-0.04291859917994223
Troy E. Nehls,Republican,5036,556.0,0.5199039121482498,0.4766187050359712,-0.04328520711227862
Marcy Kaptur,Democrat,7263,339.0,0.23828271466066742,0.19469026548672566,-0.043592449173941755
Thomas R. Suozzi,Democrat,5972,523.0,0.209462915601023,0.16443594646271512,-0.04502696913830789
Bill Cassidy,Republican,13217,1248.0,0.2905962190984004,0.24439102564102563,-0.046205193457374755
Maria Cantwell,Democrat,12193,376.0,0.23559612093553908,0.18882978723404256,-0.04676633370149652
Pat Fallon,Republican,5960,743.0,0.6176104542626011,0.5706594885598923,-0.046950965702708736
Debbie Dingell,Democrat,6882,303.0,0.20253164556962025,0.1551155115511551,-0.047416134018465145
Marsha Blackburn,Republican,18966,2203.0,0.5617798594847775,0.5115751248297776,-0.05020473465499986
Carlos A. Gimenez,Republican,7644,636.0,0.35253205824820694,0.3018867924528302,-0.05064526579537676
Gwen Moore,Democrat,13182,378.0,0.31553730321697465,0.26455026455026454,-0.050987038666710116
Brad Sherman,Democrat,3455,358.0,0.3751783166904422,0.3240223463687151,-0.05115597032172714
Bennie G. Thompson,Democrat,2850,305.0,0.336734693877551,0.28524590163934427,-0.05148879223820674
"Banks, Jim",Republican,8646,519.0,0.5492344641248874,0.49710982658959535,-0.05212463753529206
Tim Scott,Republican,14953,722.0,0.21776274806443,0.1634349030470914,-0.05432784501733859
Bernard Sanders,Independent,41810,1673.0,0.4328423755151679,0.37776449491930664,-0.05507788059586127
Steve Daines,Republican,5320,893.0,0.32772795216741407,0.2721164613661814,-0.05561149080123268
Ayanna Pressley,Democrat,14400,681.0,0.35474667978357105,0.2966226138032305,-0.058124065980340534
Kirsten E. Gillibrand,Democrat,8067,387.0,0.4042346542346542,0.34366925064599485,-0.06056540358865936
Cynthia M. Lummis,Republican,7395,1206.0,0.32140077821011676,0.2603648424543947,-0.06103593575572208
Stacey E. Plaskett,Democrat,2443,474.0,0.2982456140350877,0.23628691983122363,-0.06195869420386407
Grace Meng,Democrat,13482,989.0,0.22883513685550605,0.16582406471183014,-0.0630110721436759
Ben Cline,Republican,5151,303.0,0.41233580810965165,0.3465346534653465,-0.06580115464430514
Keith Self,Republican,4535,586.0,0.5351213282247765,0.46928327645051193,-0.0658380517742646
Pete Ricketts,Republican,2646,309.0,0.24401294498381876,0.1779935275080906,-0.06601941747572815
Tim Kaine,Democrat,10369,611.0,0.3038523274478331,0.23404255319148937,-0.06980977425634372
Cory A. Booker,Democrat,39654,4775.0,0.1992352676563203,0.1281675392670157,-0.07106772838930459
Mike Crapo,Republican,4017,657.0,0.23272003978120337,0.1598173515981735,-0.07290268818302986
Daniel Meuser,Republican,4986,338.0,0.30505952380952384,0.23076923076923078,-0.07429029304029305
Mark DeSaulnier,Democrat,7432,380.0,0.30600265101306573,0.23157894736842105,-0.07442370364464468
Roger Williams,Republican,8826,466.0,0.2696984840912877,0.19098712446351931,-0.0787113596277684
James E. Risch,Republican,6317,385.0,0.24550484094052558,0.16623376623376623,-0.07927107470675934
James Lankford,Republican,9377,733.0,0.4089055064581917,0.3219645293315143,-0.08694097712667737
August Pfluger,Republican,5639,441.0,0.4411764705882353,0.35374149659863946,-0.08743497398959582
Lisa C. McClain,Republican,7497,434.0,0.5251771012827877,0.43548387096774194,-0.08969323031504578
Roger Marshall,Republican,5005,704.0,0.4138067061143984,0.3224431818181818,-0.09136352429621658
Russ Fulcher,Republican,3764,318.0,0.2873362445414847,0.1918238993710692,-0.09551234517041551
Charles E. Schumer,Democrat,32281,2253.0,0.4086899275839368,0.30670217487794055,-0.10198775270599625
Chellie Pingree,Democrat,2513,307.0,0.3310104529616725,0.2280130293159609,-0.10299742364571157
Wesley Hunt,Republican,3466,793.0,0.4928084784254353,0.37831021437578816,-0.11449826404964714
Eric Burlison,Republican,5531,583.0,0.6171945701357466,0.5008576329331046,-0.11633693720264204
Cindy Hyde-Smith,Republican,6546,332.0,0.229082774049217,0.11144578313253012,-0.11763699091668689
Cory Mills,Republican,4858,388.0,0.3307943416757345,0.20876288659793815,-0.12203145507779636
Mike Collins,Republican,5608,998.0,0.3281138790035587,0.1933867735470942,-0.13472710545646452
Michael A. Rulli,Republican,1322,458.0,0.4600389863547758,0.29475982532751094,-0.16527916102726486
Jim Jordan,Republican,9551,653.0,0.5000927815921321,0.332312404287902,-0.16778037730423012
Ronny Jackson,Republican,6918,802.0,0.660695468914647,0.46384039900249374,-0.1968550699121533
Bill Hagerty,Republican,10493,780.0,0.5300762910798122,0.2923076923076923,-0.23776859877211992
