name,party,state,n,share_angry,mean_anger
Lance Gooden,Republican,TX,5471,0.7300310729299945,0.6880194403628118
"Greene, Marjorie Taylor",Republican,GA,2996,0.6668891855807744,0.6375913310137631
Andrew S. Clyde,Republican,GA,2762,0.662563359884142,0.6265378105288923
Steve Scalise,Republican,LA,3639,0.6471558120362737,0.6154853632144106
Ronny Jackson,Republican,TX,6918,0.6416594391442614,0.6203330846002714
Thomas P. Tiffany,Republican,WI,3843,0.6125422846734322,0.5829606861657154
Pat Fallon,Republican,TX,5960,0.6095637583892617,0.5766332264877887
Yassamin Ansari,Democrat,AZ,3512,0.607630979498861,0.5844779327116134
Darrell Issa,Republican,CA,3930,0.6073791348600509,0.5773045834681166
Guy Reschenthaler,Republican,PA,2922,0.6030116358658453,0.569684647012124
Robert Garcia,Democrat,CA,2861,0.5973435861586858,0.5736325460680451
Brandon Gill,Republican,TX,3163,0.5855200758773317,0.5606963143575321
Mary E. Miller,Republican,IL,5612,0.58464005702067,0.5609980018382775
Eric Burlison,Republican,MO,5531,0.5805460133791358,0.5633125822216406
Daniel S. Goldman,Democrat,NY,4946,0.5699555196118076,0.5467393740955506
Hakeem S. Jeffries,Democrat,NY,6969,0.5690916917778734,0.5517266644426182
Kevin Kiley,Independent,CA,3132,0.5648148148148148,0.533672817147903
James Comer,Republican,KY,4306,0.5636321411983279,0.5428731018438143
Andrew Ogles,Republican,TN,3754,0.5551411827384124,0.539812168107305
"Bishop, Dan",Republican,NC,4002,0.552223888055972,0.5302600498438749
Marsha Blackburn,Republican,TN,18966,0.5474533375514078,0.5190024568357924
Chris Van Hollen,Democrat,MD,10706,0.5467027834858957,0.5246651209465892
Mazie K. Hirono,Democrat,HI,4596,0.5439512619669278,0.5236247499435702
Lauren Boebert,Republican,CO,11455,0.5355739851593191,0.5181346501164595
"Banks, Jim",Republican,IN,8646,0.5329632199861207,0.5166566990025185
Greg Casar,Democrat,TX,2342,0.5320239111870196,0.5210902671909069
Madison Cawthorn R-NC,Republican,NC,2358,0.5318066157760815,0.5146954895853854
Shri Thanedar,Democrat,MI,2595,0.5279383429672447,0.5084366680266469
Adam B. Schiff,Democrat,CA,14377,0.5253529943660012,0.5076623606825315
Christopher Murphy,Democrat,CT,11667,0.5248135767549499,0.5103306892937471
Keith Self,Republican,TX,4535,0.5239250275633958,0.5054643448922771
Eric Schmitt,Republican,MO,7703,0.5214851356614306,0.5024012798159554
Tom Cotton,Republican,AR,17722,0.5208780047398713,0.4996351634762412
Ted Lieu,Democrat,CA,21590,0.5204261232051876,0.5071926233020597
Josh Hawley,Republican,MO,14030,0.5193157519600855,0.5102591269538378
"Green, Mark",Republican,TN,6920,0.5176300578034682,0.4973728131584963
Troy E. Nehls,Republican,TX,5036,0.517077045274027,0.49768990467985275
Chip Roy,Republican,TX,12830,0.5169134840218238,0.5033118136636354
W. Gregory Steube,Republican,FL,7067,0.5147870383472478,0.4949957281349113
Delia C. Ramirez,Democrat,IL,3451,0.51086641553173,0.4892504719598475
Barry Moore,Republican,AL,3760,0.5079787234042553,0.4787014007578267
Randy Fine,Republican,FL,4239,0.5060155697098372,0.48802044131406624
Lisa C. McClain,Republican,MI,7497,0.5056689342403629,0.4834862599195683
Gabe Amo,Democrat,RI,2402,0.5020815986677769,0.4852867257813508
"Frank Pallone, Jr.",Democrat,NJ,5962,0.5020127474002013,0.4880352392321339
Maxine Waters,Democrat,CA,2796,0.5014306151645207,0.4903772137124819
Elizabeth Warren,Democrat,MA,33918,0.5005012087976886,0.48873236700228373
Bill Hagerty,Republican,TN,10493,0.49918993614790813,0.47266470898888663
Rick Scott,Republican,FL,25436,0.4976411385437962,0.48188895269248255
"Gaetz, Matt",Republican,FL,7488,0.4963942307692308,0.4901614740293032
Dan Crenshaw,Republican,TX,9142,0.4945307372566178,0.4869218084591785
Patty Murray,Democrat,WA,10883,0.49434898465496646,0.48458686614402074
"Donald S. Beyer, Jr.",Democrat,VA,18036,0.4901308494122865,0.481917908042406
Sydney Kamlager-Dove,Democrat,CA,3274,0.4899205864386072,0.4787977485866021
Joaquin Castro,Democrat,TX,4669,0.4846862283144142,0.4710125398416109
Nicole Malliotakis,Republican,NY,6387,0.484578049162361,0.4647101864150324
Summer L. Lee,Democrat,PA,3005,0.4828618968386023,0.4683950386862402
Andy Biggs,Republican,AZ,27309,0.48112343915925154,0.46956983908184124
Wesley Hunt,Republican,TX,3466,0.4800923254472014,0.4689097812986249
"Rosendale, Matthew ",Republican,MT,2594,0.4791827293754819,0.4601932039763348
Jasmine Crockett,Democrat,TX,4259,0.474994130077483,0.4635434127716143
Kevin Hern,Republican,OK,4002,0.4745127436281859,0.4565195601988772
Claudia Tenney,Republican,NY,13098,0.4743472285845167,0.4574198678859108
Rashida Tlaib,Democrat,MI,10077,0.4729582216929642,0.4600455950313644
Becca Balint,Democrat,VT,2673,0.4683875794986906,0.4553992453681391
Jim Jordan,Republican,OH,9551,0.4683279237776149,0.45671523424838983
"Randy K. Weber, Sr.",Republican,TX,2221,0.4655560558307069,0.45772017159770534
Mike Lee,Republican,UT,32291,0.4645257192406553,0.4633522867708423
Raja Krishnamoorthi,Democrat,IL,4603,0.46404518792092114,0.45522336938344393
John Kennedy,Republican,LA,7738,0.462522615662962,0.44279709436729
Jerrold Nadler,Democrat,NY,10098,0.46098237274707865,0.45460148717766113
Ted Cruz,Republican,TX,50753,0.4578251531929147,0.44960753669757925
Brian Babin,Republican,TX,6420,0.45669781931464176,0.44397205455066213
Byron Donalds,Republican,FL,4449,0.45605754102045404,0.4475223313446416
"Lesko, Debbie",Republican,AZ,8086,0.45325253524610437,0.4349728939445372
Sheldon Whitehouse,Democrat,RI,27507,0.45304831497437015,0.4444457316116698
Jackie Speier D-CA,Democrat,CA,8339,0.44993404484950233,0.4414788014260211
Ron Wyden,Democrat,OR,6171,0.44968400583373846,0.4388529543028102
Kamala Harris D-CA,Democrat,CA,4886,0.4488334015554646,0.4423001206921611
"Grijalva, Raul",Democrat,AZ,8431,0.4458545842723283,0.4420822189478247
Steve Cohen,Democrat,TN,16893,0.44497720949505715,0.44237461314338544
Jeff Merkley,Democrat,OR,21119,0.44495478005587386,0.43922729554105744
Christopher R. Deluzio,Democrat,PA,2353,0.44326391840203994,0.43856824430626373
Mark Pocan,Democrat,WI,14064,0.44091296928327645,0.43598971688669375
Elise M. Stefanik,Republican,NY,22850,0.43553610503282275,0.4209171869510406
Mark R. Warner,Democrat,VA,6744,0.43416370106761565,0.42877209972198566
Shontel M. Brown,Democrat,OH,3376,0.4330568720379147,0.42645608218730496
Nancy Mace,Republican,SC,27921,0.4330432291107052,0.42981724231503904
Jason Smith,Republican,MO,8680,0.43237327188940095,0.4238288171111106
Beth Van Duyne,Republican,TX,7172,0.4307027328499721,0.40968627481792375
Diana Harshbarger,Republican,TN,3764,0.4298618490967056,0.4152680415101943
Tommy Tuberville,Republican,AL,7462,0.42964352720450283,0.4152357894961586
Eugene Simon Vindman,Democrat,VA,2039,0.4281510544384502,0.4162108429786149
Bernard Sanders,Independent,VT,41810,0.42772064099497725,0.43424886115752603
Ben Cline,Republican,VA,5151,0.42710153368278003,0.4090259752239561
Pramila Jayapal,Democrat,WA,35264,0.42621370235934664,0.4261629055353661
Ilhan Omar,Democrat,MN,15970,0.4245460237946149,0.42225410776141664
Virginia Foxx,Republican,NC,2693,0.42369105087263276,0.41056099923941763
Judy Chu,Democrat,CA,10822,0.4233043799667344,0.4150669908649867
Warren Davidson,Republican,OH,5385,0.4220984215413185,0.4264091801898815
August Pfluger,Republican,TX,5639,0.42188331264408585,0.4082427907696793
Debbie Wasserman Schultz,Democrat,FL,13095,0.42084765177548683,0.41171434022571196
Derrick Van Orden,Republican,WI,9522,0.4204998949800462,0.4276769887664776
Ruben Gallego,Democrat,AZ,9031,0.42021924482338613,0.420747901699365
Richard Blumenthal,Democrat,CT,26883,0.4200424059814753,0.41821186156439444
Ralph Norman,Republican,SC,5496,0.4192139737991266,0.41404273609769376
Seth Moulton,Democrat,MA,3784,0.4186046511627907,0.41932375258364935
Sam T. Liccardo,Democrat,CA,2214,0.4110207768744354,0.4055633570978085
Elijah Crane,Republican,AZ,5500,0.40236363636363637,0.39565658669884907
Charles E. Schumer,Democrat,NY,32281,0.4014125956444968,0.39794762688851215
Mark Meadows R-NC,Republican,NC,5412,0.40114560236511454,0.40102101919502475
Edward J. Markey,Democrat,MA,19329,0.4009519375032335,0.4008493795300486
Ro Khanna,Democrat,CA,36028,0.4007161096924614,0.40417088022749176
James Lankford,Republican,OK,9377,0.39938146528740537,0.3910139838145543
James P. McGovern,Democrat,MA,17988,0.3989882143651323,0.399918335059979
Katherine Clark D-MA,Democrat,MA,4487,0.39848451080900377,0.39388939328586126
Roger Marshall,Republican,KS,5005,0.3984015984015984,0.39078611733762175
Anna Paulina Luna,Republican,FL,11236,0.39827340690637236,0.40371322885672317
Lloyd Doggett,Democrat,TX,18701,0.3982139992513769,0.39227903393584473
Ritchie Torres,Democrat,NY,8590,0.39720605355064026,0.39507178579662017
Tammy Duckworth,Democrat,IL,13250,0.3957735849056604,0.3924347994325612
Kirsten E. Gillibrand,Democrat,NY,8067,0.3954382050328499,0.3938734540228621
Gregory F. Murphy,Republican,NC,5536,0.39541184971098264,0.3869755122402812
Ken Calvert,Republican,CA,2689,0.3941985868352547,0.39016518662636906
James E. Clyburn,Democrat,SC,2745,0.39380692167577414,0.38513335532446025
Greg Landsman,Democrat,OH,3396,0.3910482921083628,0.38451595308239384
Alexandria Ocasio-Cortez,Democrat,NY,9627,0.39025657006336345,0.39100077596633437
Brittany Pettersen,Democrat,CO,2746,0.3900218499635834,0.3810052715483727
Gregory W. Meeks,Democrat,NY,8117,0.38955279043981766,0.3913060458090677
LaMonica McIver,Democrat,NJ,2548,0.3881475667189953,0.38186484746422233
James A. Himes,Democrat,CT,2887,0.3872532040180118,0.38675728529545883
Thomas Massie,Republican,KY,26768,0.3868424985056784,0.4008564254169776
Rand Paul,Republican,KY,20298,0.38373238742733273,0.3851412338103878
John W. Hickenlooper,Democrat,CO,7428,0.3823371028540657,0.37742812430920397
Sander Levin D-MI,Democrat,MI,3054,0.38179436804191225,0.386383991163363
Clay Higgins,Republican,LA,3005,0.378369384359401,0.37710817849477396
Bonnie Watson Coleman,Democrat,NJ,9045,0.3783305693753455,0.38286145103329794
Janice D. Schakowsky,Democrat,IL,5259,0.37763833428408444,0.3760663552397806
Brian J. Mast,Republican,FL,11764,0.3765725943556613,0.3750675218278979
Russell Fry,Republican,SC,2666,0.3754688672168042,0.3724171992923033
Rosa L. DeLauro,Democrat,CT,4677,0.37524053880692754,0.3734541087925493
Anthony Brown D-MD,Democrat,MD,3231,0.37418755803156917,0.37317263377678767
Harry Reid D-NV,Democrat,NV,2588,0.37248840803709427,0.37893975466015495
"Braun, Mike",Republican,IN,4480,0.37142857142857144,0.37474225827817076
Burgess Owens,Republican,UT,6849,0.37114907285735144,0.36526407788147025
Alex Padilla,Democrat,CA,9159,0.3683808276012665,0.37172185928648344
Brad Sherman,Democrat,CA,3455,0.3675832127351664,0.3692297586303894
Bobby Rush D-IL,Democrat,IL,6245,0.366533226581265,0.37144040970595554
Joni Ernst,Republican,IA,13093,0.3664553578247919,0.35886980419339953
Valerie P. Foushee,Democrat,NC,2269,0.3662406346408109,0.352982804272878
John Barrasso,Republican,WY,9596,0.3641100458524385,0.362163077300048
"Duncan, Jeff",Republican,SC,12239,0.36400032682408695,0.36900276991702535
"Lee, Barbara",Democrat,CA,13740,0.3630276564774381,0.36185688566697116
Doug Collins,Republican,GA,5290,0.35992438563327034,0.3644382333188425
"Porter, Katie",Democrat,CA,3564,0.35914702581369246,0.3632775841972777
Mike Johnson,Republican,LA,5446,0.35861182519280205,0.3591033405172179
Mo Brooks R-AL,Republican,AL,4745,0.3582718651211802,0.3552765392803845
Richard J. Durbin,Democrat,IL,30510,0.3580793182563094,0.36247414131430583
John W. Rose,Republican,TN,2937,0.3578481443649983,0.35549183833312303
Richard McCormick,Republican,GA,2812,0.35704125177809387,0.3553924417904158
Ted Deutch D-FL,Democrat,FL,11777,0.3562027681073278,0.36065095491429994
Maxwell Frost,Democrat,FL,4069,0.35487834848857214,0.3632948407423805
Paul A. Gosar,Republican,AZ,18905,0.3546680772282465,0.3612665755493693
Bennie G. Thompson,Democrat,MS,2850,0.3543859649122807,0.3555604308103456
Brian Schatz,Democrat,HI,9363,0.35426679483071666,0.36383841519642784
"Bush, Cori",Democrat,MO,2391,0.35215391049769973,0.3541248454638324
Ayanna Pressley,Democrat,MA,14400,0.3520138888888889,0.36056929253733766
Jamie Raskin,Democrat,MD,9109,0.350093314304534,0.35646980711207726
Veronica Escobar,Democrat,TX,13116,0.34903934126258007,0.3533535280713711
Nydia M. Velázquez,Democrat,NY,3375,0.34874074074074074,0.35310064064918295
Martin Heinrich,Democrat,NM,5467,0.34662520578013534,0.35483401897073763
Carlos A. Gimenez,Republican,FL,7644,0.34366823652537937,0.35219344173188644
Ashley Hinson,Republican,IA,8093,0.3433831706412949,0.338150868372843
John Cornyn,Republican,TX,15584,0.3422741273100616,0.361990308367434
Yvette D. Clarke,Democrat,NY,10991,0.34155217905559093,0.34460550652728006
Nick LaLota,Republican,NY,3326,0.3370414912808178,0.34111661572487867
Norma J. Torres,Democrat,CA,5056,0.3338607594936709,0.3367065389676917
Val Demings D-FL,Democrat,FL,11531,0.3335356864105455,0.3391940684202183
Diana DeGette,Democrat,CO,8521,0.3334115714118061,0.3377180333666131
"Buck, Ken",Republican,CO,2053,0.33317096931320017,0.33948714600234525
Jodey C. Arrington,Republican,TX,6153,0.33317081098651063,0.3353671117506524
Fred Keller R-PA,Republican,PA,3785,0.332892998678996,0.33116926717445194
"Swalwell, Eric",Democrat,CA,18495,0.33084617464179505,0.34065141868119175
Sara Jacobs,Democrat,CA,5068,0.3303078137332281,0.3328703928441776
Tim Burchett,Republican,TN,15741,0.32983927323549966,0.340464087513438
Eliot Engel D-NY,Democrat,NY,4176,0.3290229885057471,0.3387806372555558
Gwen Moore,Democrat,WI,13182,0.32900925504475803,0.3353090348572847
Mike Doyle D-PA,Democrat,PA,3979,0.32872581050515204,0.3318502359278547
Alan Lowenthal D-CA,Democrat,CA,7009,0.32872021686403197,0.3351772889094078
Mark Takano,Democrat,CA,7776,0.32844650205761317,0.3342932671652973
"Henry C. ""Hank"" Johnson, Jr.",Democrat,GA,2822,0.3281360737065911,0.3366128704446275
Jimmy Gomez,Democrat,CA,10860,0.3269797421731123,0.3302234733177942
Tom Udall D-NM,Democrat,NM,7420,0.3265498652291105,0.3313068077641896
"Lamborn, Doug",Republican,CO,6115,0.32428454619787406,0.3266945094617201
"LaMalfa, Doug",Republican,CA,2796,0.3236766809728183,0.33417897359704535
Lee Zeldin R-NY,Republican,NY,3588,0.32357859531772576,0.3359781166492134
Ron Johnson,Republican,WI,10725,0.32354312354312353,0.3358036410932522
Scott Perry,Republican,PA,6056,0.3221598414795244,0.3254473313695076
Tina Smith,Democrat,MN,10144,0.32087933753943215,0.32663369081232824
Zoe Lofgren,Democrat,CA,4386,0.32079343365253077,0.3293453843713022
Joe Crowley D-NY,Democrat,NY,5885,0.3197960917587086,0.3217555997938712
Mark Alford,Republican,MO,4954,0.3195397658457812,0.3280610815983519
Jared Huffman,Democrat,CA,7171,0.31892344163993863,0.3295581575747766
Nancy Pelosi,Democrat,CA,16582,0.3189000120612713,0.3222072830928577
Cory Mills,Republican,FL,4858,0.31864965006175383,0.32526264055591797
John B. Larson,Democrat,CT,10962,0.3185550082101806,0.32057763512921394
Randy Feenstra,Republican,IA,5038,0.3179833267169512,0.3174080654919412
Jason Crow,Democrat,CO,7457,0.3166152608287515,0.32462318664185247
"Menendez, Bob",Democrat,NJ,17271,0.3149788663076834,0.3223363712614852
Andy Levin D-MI,Democrat,MI,5349,0.3129556926528323,0.32722180248939814
Chellie Pingree,Democrat,ME,2513,0.3127735773975328,0.32031854039867486
Mary Gay Scanlon,Democrat,PA,11937,0.31255759403535227,0.3225392993717691
Seth Magaziner,Democrat,RI,4420,0.31244343891402715,0.3155446915877814
Steve Daines,Republican,MT,5320,0.31221804511278195,0.3101704499064122
Melanie A. Stansbury,Democrat,NM,5214,0.31089374760260835,0.31280463678474024
Kathleen Rice D-NY,Democrat,NY,3089,0.3107801877630301,0.3187238047095109
Chuck Grassley,Republican,IA,7381,0.31066251185476224,0.321349559303791
Mitch McConnell,Republican,KY,9028,0.31058927780239254,0.3242734723832123
Donald Norcross,Democrat,NJ,2023,0.3094414236282748,0.31525202947486886
Jake Auchincloss,Democrat,MA,2896,0.3083563535911602,0.31816973652014024
Patrick Ryan,Democrat,NY,3923,0.3081825133826153,0.31095564523923086
Vern Buchanan,Republican,FL,2686,0.3078927773641102,0.3105186693852647
Mike Levin,Democrat,CA,8330,0.30756302521008405,0.3140688068699651
Pete Stauber,Republican,MN,6394,0.306850172036284,0.30811829738425833
"Steel, Michelle",Republican,CA,2734,0.3061448427212875,0.3070864810045582
Brendan F. Boyle,Democrat,PA,14515,0.3052704099207716,0.31489543235486056
Debbie Mucarsel-Powell D-FL,Democrat,FL,4640,0.30495689655172414,0.31639960018841645
Tom Price R-GA,Republican,GA,2691,0.30434782608695654,0.32351170761101655
Sean Casten,Democrat,IL,15578,0.3036333290537938,0.3142293453696204
Tim Kaine,Democrat,VA,10369,0.30108978686469284,0.30534393527386144
Karen Bass D-CA,Democrat,CA,6523,0.3010884562317952,0.3113886593192032
Don Bacon,Republican,NE,23831,0.29981956275439553,0.3104074899641387
Victoria Spartz,Republican,IN,2863,0.29933636046105483,0.29837891056927435
Betty McCollum,Democrat,MN,4320,0.2988425925925926,0.300403333028468
Mike Collins,Republican,GA,5608,0.2970756062767475,0.30822851574486826
Robert Menendez,Democrat,NJ,2882,0.2970159611380985,0.293407441651362
Cynthia M. Lummis,Republican,WY,7395,0.29601081812035157,0.3037919134157568
Amy Klobuchar,Democrat,MN,14557,0.2957340111286666,0.3030853055137572
Daniel Meuser,Republican,PA,4986,0.29562775772162053,0.3011577401517166
John James,Republican,MI,3397,0.29526052399175745,0.2984291444826473
Mark DeSaulnier,Democrat,CA,7432,0.29520990312163614,0.29918981651738946
Rudy Yakym III,Republican,IN,2633,0.29472085074060006,0.29127195694045566
"Casey, Robert Jr.",Democrat,PA,15154,0.29325590603141083,0.3059335127238879
Stephanie I. Bice,Republican,OK,4529,0.29277986310443804,0.29548766602922233
John Conyers D-MI,Democrat,MI,3107,0.29127775989700677,0.3124149747947929
Andy Harris,Republican,MD,5354,0.29099738513261114,0.30015984244694566
Emanuel Cleaver,Democrat,MO,14471,0.2904429548752678,0.297261333428963
Luis Gutierrez D-IL,Democrat,IL,5520,0.29039855072463766,0.30748617514559623
Michael Guest,Republican,MS,4331,0.2902332024936504,0.2882939541432426
John Joyce,Republican,PA,3022,0.2898742554599603,0.289077284359105
Kat Cammack,Republican,FL,6438,0.2895309102205654,0.2916784063498766
Morgan McGarvey,Democrat,KY,2539,0.2890901929893659,0.29250672475631817
Dennis Ross R-FL,Republican,FL,9874,0.2889406522179461,0.3088117779056371
Joe Wilson,Republican,SC,6518,0.2888922982509972,0.2901135059343262
Bill Cassidy,Republican,LA,13217,0.2878111523038511,0.30300083035871495
"Jesús G. ""Chuy"" García",Democrat,IL,11463,0.28779551600802583,0.2992922668513249
Robin L. Kelly,Democrat,IL,8992,0.28770017793594305,0.293680719756251
Nanette Diaz Barragán,Democrat,CA,8394,0.2873481057898499,0.29346262682492236
Linda T. Sánchez,Democrat,CA,2873,0.2861120779672816,0.29267798710304543
William R. Timmons IV,Republican,SC,3960,0.28585858585858587,0.29417530885242593
Marlin A. Stutzman,Republican,IN,2057,0.28585318424890616,0.2992244781023023
Pete Aguilar,Democrat,CA,3356,0.2836710369487485,0.2863701812089593
Mario Diaz-Balart,Republican,FL,4625,0.28281081081081083,0.2940792398097346
"Brown, Sherrod",Democrat,OH,9482,0.2824298671166421,0.29662457144254634
Jim Hagedorn R-MN,Republican,MN,2981,0.2814491781281449,0.28537236669384186
Elijah Cummings D-MD,Democrat,MD,4822,0.2814184985483202,0.3061094757460934
John H. Rutherford,Republican,FL,2815,0.28063943161634103,0.2780713200994286
Walter Jones R-NC,Republican,NC,2291,0.2802269751200349,0.28998812603195523
"Budd, Ted",Republican,NC,4266,0.2801218940459447,0.28649171529424217
Dianne Feinstein D-CA,Democrat,CA,10121,0.2793202252741824,0.29731627705168995
Donna Shalala D-FL,Democrat,FL,2793,0.27926960257787325,0.2958347367501567
Ben Ray Luján,Democrat,NM,10185,0.27903780068728523,0.28804322066522536
Diane Black R-TN,Republican,TN,5342,0.27873455634593786,0.28917375510145826
Carolyn Maloney D-NY,Democrat,NY,15472,0.2779214064115822,0.29878668019656046
Deborah K. Ross,Democrat,NC,5972,0.27712659075686535,0.283545361456378
Val T. Hoyle,Democrat,OR,2104,0.27566539923954375,0.2874467468002949
Barry Loudermilk,Republican,GA,3976,0.27540241448692154,0.284996718901886
Kevin Brady R-TX,Republican,TX,14235,0.27516684229012994,0.2922892316252884
Lois Frankel,Democrat,FL,11441,0.2735774844856219,0.2871425918144452
Andrea Salinas,Democrat,OR,3147,0.2726406101048618,0.2785795452553379
Steny H. Hoyer,Democrat,MD,11984,0.2720293724966622,0.2791324406997481
Sean Maloney D-NY,Democrat,NY,6953,0.2719689342729757,0.2871593205041192
Billy Long R-MO,Republican,MO,11651,0.2719079907304094,0.28959177408169795
Scott Franklin,Republican,FL,2678,0.27184466019417475,0.27233326283271014
Riley M. Moore,Republican,WV,2619,0.27033218785796104,0.277830800576649
"Earl L. ""Buddy"" Carter",Republican,GA,4540,0.27004405286343613,0.279937212161888
Teresa Leger Fernandez,Democrat,NM,3850,0.26987012987012987,0.28183356525884434
Joe Kennedy D-MA,Democrat,MA,5226,0.26903941829314965,0.27717922675641454
Catherine Cortez Masto,Democrat,NV,15774,0.2683529859262077,0.2764163277264511
Katie Boyd Britt,Republican,AL,5060,0.26778656126482214,0.27106413826504683
Pete Sessions,Republican,TX,2012,0.2668986083499006,0.2693251949150826
Andrew R. Garbarino,Republican,NY,2253,0.2663115845539281,0.2711804154586531
Russ Fulcher,Republican,ID,3764,0.26567481402763016,0.27530532469453367
Stacey E. Plaskett,Democrat,VI,2443,0.2648383135489153,0.278779540026642
Brenda Lawrence D-MI,Democrat,MI,4558,0.2648091268100044,0.2763573567343352
"Phillips, Dean",Democrat,MN,3824,0.26464435146443516,0.2827093082553927
Peter DeFazio D-OR,Democrat,OR,3467,0.2642053648687626,0.2856417685794962
Al Green,Democrat,TX,5086,0.26386158081006683,0.2846194724143987
Bob Gibbs R-OH,Republican,OH,3746,0.2637479978643887,0.28016774072369
Markwayne Mullin R-OK,Republican,OK,4842,0.26290788930194137,0.2737729705796869
Gary J. Palmer,Republican,AL,3863,0.26274915868495985,0.27308150419122545
"Gallagher, Mike",Republican,WI,3537,0.2615210630477806,0.281586468396108
Richard Hudson,Republican,NC,10220,0.2611545988258317,0.26763132395614175
Michael T. McCaul,Republican,TX,8316,0.26082251082251084,0.27426031976759063
Christopher A. Coons,Democrat,DE,6867,0.2599388379204893,0.27464265465406557
Mike Quigley,Democrat,IL,19651,0.25968144114803315,0.27039372395089656
Michelle Fischbach,Republican,MN,3498,0.25929102344196686,0.2588506094088859
Eleanor Holmes Norton,Democrat,DC,2744,0.25911078717201164,0.28344991391829455
Doris O. Matsui,Democrat,CA,2679,0.25905188503172827,0.26916274203715157
Ron Estes,Republican,KS,3852,0.25778816199376947,0.25939612145869784
Jimmy Patronis,Republican,FL,2428,0.2574135090609555,0.2717485091163005
John Yarmuth D-KY,Democrat,KY,5060,0.25592885375494073,0.2708795267930291
"Sarbanes, John ",Democrat,MD,4710,0.25498938428874734,0.27312495830822775
Madeleine Dean,Democrat,PA,6387,0.2544230468138406,0.26949615128411536
Jennifer L. McClellan,Democrat,VA,3618,0.2542841348811498,0.2591999285305336
"Charles J. ""Chuck"" Fleischmann",Republican,TN,7038,0.2531969309462916,0.2598377848289837
Roger Williams,Republican,TX,8826,0.25186947654656694,0.2554474087078692
Adam Smith,Democrat,WA,10236,0.24931613911684253,0.2652535331698903
Dan Sullivan,Republican,AK,5433,0.2473771397018222,0.25729034930087397
Tim Ryan D-OH,Democrat,OH,9769,0.24721056402907154,0.2613625004804878
Greg Stanton,Democrat,AZ,6684,0.24700777977259125,0.25658583380336963
Bill Huizenga,Republican,MI,9704,0.24690849134377577,0.2645317795478642
Adriano Espaillat,Democrat,NY,14739,0.2464889069814777,0.2605771149974948
Juan Vargas,Democrat,CA,4695,0.24579339723109692,0.26282933228282224
Young Kim,Republican,CA,7994,0.2455591693770328,0.25022759343162976
Bradley Scott Schneider,Democrat,IL,8703,0.24520280363093186,0.2606622861358989
"Bowman, Jamaal",Democrat,NY,3335,0.2446776611694153,0.2585193459461185
Patrick Leahy D-VT,Democrat,VT,16556,0.24420149794636387,0.2703478507716061
William R. Keating,Democrat,MA,2921,0.2440944881889764,0.2618287094959269
David Price D-NC,Democrat,NC,5726,0.24397485155431367,0.26093322740907743
Marcy Kaptur,Democrat,OH,7263,0.2432878975629905,0.2524370477172842
Bill Foster,Democrat,IL,8881,0.24321585407048757,0.25651109571980374
Michael F. Bennet,Democrat,CO,13436,0.24292944328669247,0.25785249432617297
Roger F. Wicker,Republican,MS,13019,0.24141639142791305,0.2530825637359344
Mark Kelly,Democrat,AZ,7398,0.2411462557447959,0.24972124082183858
Dwight Evans,Democrat,PA,23351,0.24080339171769946,0.26421589821209224
Nikema Williams,Democrat,GA,6822,0.23922603342128407,0.25420268492824233
"Armstrong, Kelly",Republican,ND,4577,0.236836355691501,0.2519760948335412
Andy Barr,Republican,KY,7176,0.23564659977703456,0.2461019724213836
Paul Tonko,Democrat,NY,13739,0.23531552514739065,0.25434044180672805
"Gilbert Ray Cisneros, Jr.",Democrat,CA,3723,0.23395111469245233,0.24684758896491932
Troy A. Carter,Democrat,LA,3094,0.2330316742081448,0.24058732811681224
Maria Cantwell,Democrat,WA,12193,0.23300254244238497,0.2495280640493239
"Cardin, Benjamin",Democrat,MD,14034,0.23272053584152771,0.25352253959601734
James E. Risch,Republican,ID,6317,0.23254709514009814,0.2415680670408977
Jeanne Shaheen,Democrat,NH,16139,0.23186071008116985,0.24960388168402325
Bill Flores R-TX,Republican,TX,11055,0.2317503392130258,0.24535586947066795
Kenny Marchant R-TX,Republican,TX,3944,0.23149087221095335,0.26236219108260556
Margaret Wood Hassan,Democrat,NH,12823,0.230289323871169,0.24488931543249753
Pete Ricketts,Republican,NE,2646,0.23015873015873015,0.24473469085478908
John Garamendi,Democrat,CA,12118,0.23015349067502888,0.25689986616122595
Chris Stewart R-UT,Republican,UT,4246,0.23009891662741402,0.24870223722487972
Lori Trahan,Democrat,MA,10701,0.2294178114194935,0.24052750994594946
Susan Davis D-CA,Democrat,CA,2531,0.22915843540102726,0.2504121158519485
Sam Graves,Republican,MO,5647,0.22773153887019656,0.2482490341641848
"Romney, Mitt",Republican,UT,2753,0.22557210316018889,0.24314910112303378
"Eshoo, Anna ",Democrat,CA,3991,0.22550739163117015,0.24616617618739584
Kevin Cramer,Republican,ND,11657,0.22535815389894484,0.24054231669818424
Tammy Baldwin,Democrat,WI,22018,0.22527023344536287,0.24085443314629185
Mark Kirk R-IL,Republican,IL,4173,0.22501797268152407,0.24064327649477127
Grace Meng,Democrat,NY,13482,0.22466993027740692,0.23991683593588778
"Robert C. ""Bobby"" Scott",Democrat,VA,3362,0.2239738251041047,0.23072413929736996
Michael K. Simpson,Republican,ID,2417,0.22176251551510137,0.23538618775128542
Albio Sires D-NJ,Democrat,NJ,5558,0.2216624685138539,0.2414119807738052
"Kildee, Dan",Democrat,MI,8222,0.22135733398199953,0.23971894295437943
"Waltz, Michael",Republican,FL,3976,0.22082494969818914,0.23425080879615767
Chris Pappas,Democrat,NH,6893,0.22065863919918757,0.23082533606052308
Raphael G. Warnock,Democrat,GA,8412,0.22004279600570614,0.23545121960076218
Marc A. Veasey,Democrat,TX,7965,0.21933458882611426,0.23444127209036747
Maria Elvira Salazar,Republican,FL,9181,0.21838579675416622,0.24109602605815672
James R. Baird,Republican,IN,2705,0.2177449168207024,0.22211190559479532
Michael Lawler,Republican,NY,4328,0.21719038817005545,0.23094408302705619
Tim Scott,Republican,SC,14953,0.21587641275998126,0.22753410989793635
Gabe Vasquez,Democrat,NM,2281,0.21569487067075843,0.227213586799201
Mike Rogers,Republican,AL,8284,0.21547561564461612,0.2286784676827071
Cindy Hyde-Smith,Republican,MS,6546,0.2153987167736022,0.22222795647335244
Angie Craig,Democrat,MN,9434,0.21517913928344287,0.22767109051820633
Sylvia R. Garcia,Democrat,TX,11100,0.21504504504504504,0.2310680768161861
Suzanne Bonamici,Democrat,OR,11987,0.2149828981396513,0.23320092751955407
Joyce Beatty,Democrat,OH,13105,0.2149561236169401,0.23254154319548037
"Wexton, Jennifer",Democrat,VA,5283,0.21465076660988075,0.22677708338901503
Jacky Rosen,Democrat,NV,13097,0.21455295105749408,0.22748868444089634
Donna Edwards D-MD,Democrat,MD,3813,0.2129556779438762,0.23529015661813485
Joseph D. Morelle,Democrat,NY,8719,0.21252437206101618,0.22027968756305716
J. Luis Correa,Democrat,CA,2690,0.21226765799256506,0.23387792474022448
Alma S. Adams,Democrat,NC,8173,0.21191728863330478,0.225861136839686
André Carson,Democrat,IN,6921,0.21109666233203295,0.22443040563680394
Kathy Castor,Democrat,FL,12985,0.21101270696958027,0.22877635751023578
Troy Balderson,Republican,OH,3927,0.2108479755538579,0.22352286454608894
Ann Wagner,Republican,MO,5744,0.21082869080779945,0.2297362205086822
Josh Harder,Democrat,CA,5676,0.21071176885130374,0.22578263687665742
Thomas R. Suozzi,Democrat,NY,5972,0.21064969859343605,0.22862029642899684
Colleen Hanabusa D-HI,Democrat,HI,2375,0.20926315789473685,0.2287683117196552
Neal P. Dunn,Republican,FL,2113,0.20823473734027448,0.22281569594114498
Josh Gottheimer,Democrat,NJ,13508,0.20802487414865264,0.22759504281475987
Carol D. Miller,Republican,WV,3647,0.20784206196874144,0.21684203950702544
Ryan K. Zinke,Republican,MT,2164,0.20748613678373382,0.22561802127585331
"Eric A. ""Rick"" Crawford",Republican,AR,8294,0.20737882806848323,0.2278914754128491
Frederica S. Wilson,Democrat,FL,19042,0.20727864720092426,0.22697189875011778
Lisa Blunt Rochester,Democrat,DE,7038,0.20659278204035236,0.2214935350908815
Bryan Steil,Republican,WI,7116,0.20629567172568858,0.2219398240060815
"Cardenas, Tony",Democrat,CA,10262,0.2061001754044046,0.2253595149618541
Tim Walberg,Republican,MI,7971,0.2059967381758876,0.21890464989275554
Darren Soto,Democrat,FL,10206,0.20507544581618656,0.21993230413917894
"Luetkemeyer, Blaine",Republican,MO,3448,0.20417633410672853,0.2201241911415269
Tom Marino R-PA,Republican,PA,2813,0.2040526128688233,0.22954750742476568
Mike Crapo,Republican,ID,4017,0.20388349514563106,0.22174665893439388
Lloyd Smucker,Republican,PA,6778,0.20374741811743877,0.21686774735949332
Vicky Hartzler R-MO,Republican,MO,8628,0.20352341214649977,0.21835782739988369
Debbie Dingell,Democrat,MI,6882,0.2034292356873002,0.22297133077804807
Pat Toomey R-PA,Republican,PA,5718,0.20339279468345575,0.2230358261624159
Steve Israel D-NY,Democrat,NY,3168,0.2023358585858586,0.22089510579620525
Thom Tillis,Republican,NC,8188,0.20188080117244747,0.2186527963285596
David Kustoff,Republican,TN,4363,0.20077928031171213,0.20300651565424666
Marcia Fudge D-OH,Democrat,OH,6528,0.19929534313725492,0.21832945571359055
Marie Newman D-IL,Democrat,IL,2488,0.1989549839228296,0.22190010264890953
"Payne Jr., Donald",Democrat,NJ,6770,0.1983751846381093,0.21784717790473615
Danny K. Davis,Democrat,IL,4588,0.1979075850043592,0.22750159647024853
Mike Enzi R-WY,Republican,WY,3543,0.19700818515382446,0.22217632342769228
Elissa Slotkin,Democrat,MI,5620,0.19697508896797153,0.22429050183523566
Jared F. Golden,Democrat,ME,3601,0.19605665093029714,0.22276271687990215
Dina Titus,Democrat,NV,17967,0.19574775978182224,0.21115496096970682
Robert Pittenger R-NC,Republican,NC,6189,0.1951850056551947,0.22729955394419762
Louie Gohmert R-TX,Republican,TX,8451,0.1947698497219264,0.2304738373579117
Pete King R-NY,Republican,NY,2692,0.19465081723625557,0.22656982332360093
Julia Letlow,Republican,LA,2439,0.1943419434194342,0.20111558274829905
"Manning, Kathy ",Democrat,NC,2424,0.1943069306930693,0.21382692928323
Salud O. Carbajal,Democrat,CA,8224,0.19382295719844359,0.21579195990072925
Steven Horsford,Democrat,NV,11327,0.19307848503575528,0.2116486994077311
Jay Obernolte,Republican,CA,2711,0.19254887495389156,0.2135988984408825
"Johnson, Bill",Republican,OH,7907,0.19198178828885798,0.2099012842632602
Susie Lee,Democrat,NV,10657,0.1915173125645116,0.2083977649744383
Terri A. Sewell,Democrat,AL,11288,0.1904677533664068,0.20396767391800627
Suzan K. DelBene,Democrat,WA,10706,0.1903605454885111,0.20958749021710743
"Mooney, Alex",Republican,WV,2542,0.18922108575924468,0.20217656721650418
Orrin Hatch R-UT,Republican,UT,6994,0.1875893623105519,0.22530318900026927
Jim Cooper D-TN,Democrat,TN,6033,0.1873031659207691,0.21545911595950418
Mariannette Miller-Meeks,Republican,IA,6927,0.18723834271690487,0.20134092739201603
Bill Shuster R-PA,Republican,PA,2328,0.18685567010309279,0.2097885495404188
Ami Bera,Democrat,CA,7660,0.18655352480417756,0.20704277869509705
Marie Gluesenkamp Perez,Democrat,WA,2320,0.18620689655172415,0.20738951050443574
John McCain R-AZ,Republican,AZ,11719,0.18559604061780016,0.21478564861070895
Hillary J. Scholten,Democrat,MI,3968,0.1852318548387097,0.19678782480989485
"Carper, Thomas ",Democrat,DE,12583,0.1850909957879679,0.2033246589756205
Mike Flood,Republican,NE,2575,0.18485436893203883,0.19871019306981447
Stephen F. Lynch,Democrat,MA,5457,0.18471687740516768,0.21204405224788028
Monica De La Cruz,Republican,TX,2015,0.18411910669975187,0.19604936158746739
Jack Reed,Democrat,RI,8865,0.18364354201917654,0.19641780074461518
Jared Polis D-CO,Democrat,CO,2375,0.18357894736842106,0.20850655250663036
Dan Newhouse,Republican,WA,4230,0.183451536643026,0.20303313740018325
Michael R. Turner,Republican,OH,6588,0.18321190042501517,0.20783716407064495
Tim Walz D-MN,Democrat,MN,2304,0.1831597222222222,0.19750843714468325
Cory A. Booker,Democrat,NJ,39654,0.18310889191506532,0.20326388686985652
Brett Guthrie,Republican,KY,4322,0.1827857473391948,0.19786007671347833
Charlie Crist D-FL,Democrat,FL,2746,0.18244719592134012,0.20099933438009168
"Pence, Greg",Republican,IN,2146,0.18080149114631874,0.18426810536261923
John Thune,Republican,SD,8536,0.18064667291471415,0.19485263864889665
Rick W. Allen,Republican,GA,3379,0.18023083752589525,0.19339557287285172
"Gonzales, Tony",Republican,TX,2504,0.17971246006389777,0.19901101136380753
Jack Bergman,Republican,MI,2079,0.17893217893217894,0.20339143084070524
Gus M. Bilirakis,Republican,FL,9214,0.178858259170827,0.19612070676223853
Zachary Nunn,Republican,IA,2230,0.17847533632286997,0.19130599906202406
Deb Haaland D-NM,Democrat,NM,4552,0.17838312829525482,0.20104150195273174
Marilyn Strickland,Democrat,WA,3852,0.17808930425752856,0.19129939945180138
Donald McEachin D-VA,Democrat,VA,3391,0.17693895606015925,0.19821241406577744
"Cartwright, Matt",Democrat,PA,4174,0.17609008145663632,0.20211477861579044
Ed Perlmutter D-CO,Democrat,CO,7813,0.17598873672084986,0.1974112469371638
H. Morgan Griffith,Republican,VA,4073,0.17554628038301007,0.20418703911972128
Daniel Webster,Republican,FL,5670,0.17548500881834214,0.1907882373548824
Julia Brownley,Democrat,CA,5316,0.17513167795334839,0.20048348884793044
Dan Coats R-IN,Republican,IN,3715,0.17496635262449528,0.20379308663461543
Jon Ossoff,Democrat,GA,4454,0.1746744499326448,0.1993339456956362
Laurel M. Lee,Republican,FL,2218,0.1740306582506763,0.19117784724092973
"Stabenow, Debbie",Democrat,MI,7559,0.17383251752877366,0.1873213081066017
Mark Walker R-NC,Republican,NC,4396,0.1737943585077343,0.19539467999513546
David Rouzer,Republican,NC,3663,0.17362817362817362,0.19140728723655429
David Schweikert,Republican,AZ,7782,0.17360575687483937,0.196456058393059
Jackie Walorski R-IN,Republican,IN,5461,0.17359457974729903,0.1931621956178873
Adam Kinzinger R-IL,Republican,IL,8666,0.17262866374336489,0.1974626445628878
Robert E. Latta,Republican,OH,2967,0.1722278395685878,0.18465733872533516
Jennifer A. Kiggans,Republican,VA,3142,0.1718650541056652,0.18352589207230982
Richard Burr R-NC,Republican,NC,3197,0.17172349077259932,0.2044590419997462
David Perdue R-GA,Republican,GA,3633,0.17120836774015966,0.19236394155845138
Mike Bost,Republican,IL,4154,0.17116032739528167,0.18584476568864827
"Bucshon, Larry",Republican,IN,6832,0.17022833723653397,0.1922119671831726
David McKinley R-WV,Republican,WV,7934,0.16990168893370305,0.19782419253555875
Richard E. Neal,Democrat,MA,5450,0.1689908256880734,0.19232936825334104
Darin LaHood,Republican,IL,4520,0.16880530973451327,0.1794477599607039
Jerry McNerney D-CA,Democrat,CA,2307,0.1681837884698743,0.1900099606384811
Michelle Grisham D-NM,Democrat,NM,4378,0.1667428049337597,0.1877918851347202
Cory Gardner R-CO,Republican,CO,3442,0.1653108657757118,0.18398059630779498
Tom Rice R-SC,Republican,SC,2337,0.16516902011125376,0.18593678385964574
John Ratcliffe R-TX,Republican,TX,2506,0.164804469273743,0.1956040011778331
Scott H. Peters,Democrat,CA,15393,0.16462028194633924,0.18881814185390972
Rob Portman R-OH,Republican,OH,19132,0.1644888145515367,0.18944183908396203
J. French Hill,Republican,AR,5500,0.16327272727272726,0.18136893272006208
Haley M. Stevens,Democrat,MI,7991,0.16268301839569516,0.18477029599514622
Rick Nolan D-MN,Democrat,MN,2771,0.16203536629375676,0.1849516985917115
Stephen Fincher R-TN,Republican,TN,2714,0.16101694915254236,0.19103598058966312
Gary C. Peters,Democrat,MI,12175,0.1609034907597536,0.1814728458085168
"Trone, David",Democrat,MD,5370,0.16089385474860335,0.18268992611488025
Robert J. Wittman,Republican,VA,3208,0.16022443890274315,0.18008240054075855
Vicente Gonzalez,Democrat,TX,4633,0.15842866393265703,0.1799170163730648
Todd Young,Republican,IN,13041,0.15673644659151906,0.1787050625315204
"Wild, Susan",Democrat,PA,4795,0.1559958289885297,0.1775749317369384
"Spanberger, Abigail",Democrat,VA,7003,0.15579037555333428,0.18151512292339944
Andy Kim,Democrat,NJ,6696,0.15576463560334528,0.17900479849001777
Pat Meehan R-PA,Republican,PA,2836,0.15514809590973203,0.1845929785826991
Dusty Johnson,Republican,SD,4227,0.1547196593328602,0.18185158280745195
Joe Courtney,Democrat,CT,10610,0.15428840716305373,0.1741062996049458
Ed Royce R-CA,Republican,CA,2727,0.15364869820315366,0.1926194813116486
Joe Neguse,Democrat,CO,9214,0.153353592359453,0.17868156188674228
Emilia Strong Sykes,Democrat,OH,2796,0.1527181688125894,0.1753510919839906
Lucille Roybal-Allard D-CA,Democrat,CA,9022,0.15262691199290623,0.18022701429992125
Glenn Grothman,Republican,WI,4392,0.15163934426229508,0.16510407837310923
Martha Roby R-AL,Republican,AL,6467,0.15153858048554197,0.1766406633290349
Denver Riggleman R-VA,Republican,VA,2248,0.1512455516014235,0.17376310885641508
Chris Collins R-NY,Republican,NY,2971,0.15112756647593403,0.17643191624220897
Denny Heck D-WA,Democrat,WA,4140,0.1495169082125604,0.17806744547229
Randy Hultgren R-IL,Republican,IL,3144,0.14917302798982188,0.1776701892469447
Tom Malinowski D-NJ,Democrat,NJ,2557,0.1490027375831052,0.17663763077409866
Bradley Byrne R-AL,Republican,AL,11762,0.14852916170719266,0.1717806351361014
Cedric Richmond D-LA,Democrat,LA,2694,0.14847809948032664,0.177880467861077
"Scott, David",Democrat,GA,3933,0.14797864225781845,0.17836451790068927
Jimmy Panetta,Democrat,CA,9643,0.14787929067717515,0.17405641210727787
Cheri Bustos D-IL,Democrat,IL,6778,0.14724107406314546,0.1631669013136965
John Kline R-MN,Republican,MN,2455,0.1470468431771894,0.1789922576704937
Barbara Mikulski D-MD,Democrat,MD,3255,0.14654377880184333,0.1728650115871696
Bob Corker R-TN,Republican,TN,3948,0.1461499493414387,0.1981160731729273
Tom Graves R-GA,Republican,GA,4440,0.14504504504504503,0.17492902884983483
Lizzie Fletcher,Democrat,TX,6705,0.14347501864280388,0.16474133854597184
Pete Olson R-TX,Republican,TX,8009,0.14171556998376825,0.15879807255572373
"Wenstrup, Brad",Republican,OH,6824,0.14155920281359907,0.166052035056737
Jose Serrano D-NY,Democrat,NY,4267,0.1410827279118819,0.16086804774760735
Rob Goodlatte R-VA,Republican,VA,3950,0.14101265822784811,0.17565004755265398
Filemon Vela D-TX,Democrat,TX,2170,0.1400921658986175,0.162058975947656
Rick Larsen,Democrat,WA,16516,0.14004601598449987,0.1699055262920257
Mike Thompson,Democrat,CA,17867,0.13953097889964738,0.17703332669069755
Deb Fischer,Republican,NE,9609,0.1390363201165574,0.1600600771493006
Chrissy Houlahan,Democrat,PA,6875,0.13847272727272728,0.1629314089192247
Adrian Smith,Republican,NE,5690,0.13778558875219685,0.1614687341172903
"Tester, Jon",Democrat,MT,6958,0.1375395228513941,0.16229229211116858
Tom Reed R-NY,Republican,NY,3061,0.13655668082326036,0.16269122827708374
Lauren Underwood,Democrat,IL,5230,0.1349904397705545,0.1620187696249778
T.J. Cox D-CA,Democrat,CA,2286,0.1347331583552056,0.15886475809414694
Sean Duffy R-WI,Republican,WI,6323,0.13442985924402973,0.1638615229725278
Kim Schrier,Democrat,WA,4652,0.13413585554600171,0.1551589183303646
Stephanie Murphy D-FL,Democrat,FL,4102,0.13164310092637738,0.16335349619645817
"Kuster, Ann",Democrat,NH,7359,0.13153961136023917,0.15741750133194218
E.B. Johnson D-TX,Democrat,TX,9026,0.13139818302681144,0.16029330042544043
Elizabeth Esty D-CT,Democrat,CT,4497,0.13097620635979543,0.15827223681570365
Tim Murphy R-PA,Republican,PA,2887,0.13023900242466227,0.1650013451248015
Luke Messer R-IN,Republican,IN,2033,0.1293654697491392,0.1583564283928215
Cindy Axne D-IA,Democrat,IA,3643,0.12928904748833378,0.1568067416860235
John Shimkus R-IL,Republican,IL,7967,0.12865570478222668,0.16442910202529767
John Boozman,Republican,AR,5066,0.12554283458349783,0.14211261021905383
Dan Lipinski D-IL,Democrat,IL,3644,0.12349066959385291,0.1490610248187371
David P. Joyce,Republican,OH,6830,0.12313323572474377,0.1438698865924955
Mike Coffman R-CO,Republican,CO,2638,0.12282031842304776,0.15428202057615983
Ron Kind D-WI,Democrat,WI,2400,0.1225,0.14950903428524423
Lamar Alexander R-TN,Republican,TN,7819,0.12188259368205653,0.16296397878296845
Frank D. Lucas,Republican,OK,3296,0.12135922330097088,0.14639334759767647
Pat Roberts R-KS,Republican,KS,6271,0.12135225641843406,0.14871720258283008
Juan Ciscomani,Republican,AZ,2970,0.12121212121212122,0.1372769722730699
Richard Shelby R-AL,Republican,AL,2875,0.12069565217391304,0.14209100219736928
Scott Rigell R-VA,Republican,VA,3435,0.11935953420669577,0.15414298599981738
Scott Tipton R-CO,Republican,CO,3412,0.11899179366940212,0.14830920967062694
Shelley Moore Capito,Republican,WV,16599,0.11832038074582807,0.1372811494532347
Jerry Moran,Republican,KS,3255,0.11827956989247312,0.14148517182767792
"Curtis, John ",Republican,UT,4763,0.11820281335292883,0.14679659955178506
"Angus S. King, Jr.",Independent,ME,6718,0.11729681452813337,0.14589120632534652
"Allred, Colin",Democrat,TX,4867,0.11690980069858228,0.1446781385545884
Carolyn Bourdeaux D-GA,Democrat,GA,2117,0.11667453944260746,0.14312622303406658
Raul Ruiz,Democrat,CA,5439,0.1165655451369737,0.14343820783472477
David G. Valadao,Republican,CA,3442,0.11621150493898896,0.13964544103671903
Brian K. Fitzpatrick,Republican,PA,7558,0.1152421275469701,0.13727540248823453
Don Young R-AK,Republican,AK,3507,0.11405759908753921,0.14074340436898655
Anthony Brindisi D-NY,Democrat,NY,2359,0.11403136922424756,0.1362406686793234
Lynn Jenkins R-KS,Republican,KS,4769,0.11386034808135878,0.14371899835621632
Steve Womack,Republican,AR,12474,0.11311527978194645,0.1346084561708848
Sharice Davids,Democrat,KS,7372,0.11285946825827456,0.13847201921474553
Frank LoBiondo R-NJ,Republican,NJ,3827,0.11157564672066893,0.14627324375321518
Steve Pearce R-NM,Republican,NM,4072,0.1112475442043222,0.1397149812129156
"Graves, Garret",Republican,LA,4232,0.11082230623818526,0.14995665248798776
Lucy McBath,Democrat,GA,3486,0.11044176706827309,0.13448928656451653
Jim Costa,Democrat,CA,6603,0.11040436165379373,0.1368892767172384
"Granger, Kay",Republican,TX,4037,0.11023036908595492,0.1292934653583147
Elaine Luria D-VA,Democrat,VA,4278,0.10822814399251987,0.1344245649465369
Blake D. Moore,Republican,UT,2530,0.10790513833992095,0.13247638571668754
"Sherrill, Mikie",Democrat,NJ,5156,0.1078355314197052,0.13128097554626517
Kurt Schrader D-OR,Democrat,OR,3440,0.1058139534883721,0.13628423795284064
Mike Rounds,Republican,SD,6180,0.10501618122977346,0.13127054172518293
Bruce Westerman,Republican,AR,5590,0.10250447227191413,0.13203500895477724
Carlos Curbelo R-FL,Republican,FL,3570,0.10224089635854341,0.13402655686405734
Steve Chabot R-OH,Republican,OH,4766,0.09567771716323961,0.12483173810462246
Jahana Hayes,Democrat,CT,9143,0.09537350978890954,0.12941502868324167
John Katko R-NY,Republican,NY,2080,0.09423076923076923,0.13217913538201873
Lisa Murkowski,Republican,AK,4499,0.09202044898866414,0.11827945454382723
Susan M. Collins,Republican,ME,5595,0.08972296693476318,0.12361344691445857
Erik Paulsen R-MN,Republican,MN,3150,0.0892063492063492,0.12640453867540355
Harold Rogers,Republican,KY,3902,0.0884161968221425,0.13006696827088635
Mike Bishop R-MI,Republican,MI,2166,0.08679593721144968,0.12247343884773694
Greg Walden R-OR,Republican,OR,3047,0.0863144076140466,0.12277085231913576
"Thomas H. Kean, Jr.",Republican,NJ,2173,0.08605614358030372,0.10851128447952595
Dean Heller R-NV,Republican,NV,5454,0.08434176751008435,0.11404665857642277
Mimi Walters R-CA,Republican,CA,2305,0.0841648590021692,0.11263656753646674
Lois Capps D-CA,Democrat,CA,2376,0.08375420875420875,0.11363713075169707
Tom O'Halleran D-AZ,Democrat,AZ,5478,0.08305951077035414,0.11632296693531369
Mark Sanford R-SC,Republican,SC,2407,0.08226007478188617,0.13016475905715727
Richard Hanna R-NY,Republican,NY,2615,0.08221797323135756,0.12411305710270887
Martha McSally R-AZ,Republican,AZ,5322,0.08173618940248027,0.11363180682002905
Heidi Heitkamp D-ND,Democrat,ND,8455,0.0814902424600828,0.117870429902305
Jim Renacci R-OH,Republican,OH,2883,0.08047173083593478,0.11542221425508836
Mike Fitzpatrick R-PA,Republican,PA,4557,0.07965766951942067,0.11786079644611801
Beto O'Rourke D-TX,Democrat,TX,3150,0.07873015873015873,0.11986226226617065
Ed Case,Democrat,HI,4023,0.07805120556798409,0.10549111891795564
John Delaney D-MD,Democrat,MD,4276,0.07764265668849392,0.1168929098719135
Rod Blum R-IA,Republican,IA,2551,0.07761662093296746,0.10000055045055928
"Manchin, Joe",Democrat,WV,9946,0.07641262819223808,0.10729251200627354
Fred Upton R-MI,Republican,MI,7635,0.07570399476096921,0.10973386084639541
Robert Dold R-IL,Republican,IL,2177,0.07533302710151585,0.10855752345934754
Jeff Denham R-CA,Republican,CA,2851,0.07506138197123816,0.1129607289275909
"Kilmer, Derek",Democrat,WA,7545,0.07448641484426773,0.10167738073968345
Tom MacArthur R-NJ,Republican,NJ,2101,0.07139457401237506,0.09923976996298729
Henry Cuellar,Democrat,TX,9827,0.06970591228248703,0.10105310648127593
John Hoeven,Republican,ND,6372,0.06450094161958568,0.09033646958070993
Steve Stivers R-OH,Republican,OH,3795,0.06271409749670619,0.0941696058836065
Kevin Yoder R-KS,Republican,KS,7151,0.06166969654593763,0.09425309222791833
Trent Kelly,Republican,MS,2258,0.060673162090345435,0.08272753645341342
Johnny Isakson R-GA,Republican,GA,4725,0.06010582010582011,0.08691440433835385
"Sinema, Kyrsten",Democrat,AZ,9706,0.058108386565011334,0.08741754796323338
David Young R-IA,Republican,IA,4090,0.05672371638141809,0.0878217180425752
Barbara Comstock R-VA,Republican,VA,2211,0.05201266395296246,0.0878062311748202
Tom Emmer R-MN,Republican,MN,4128,0.05135658914728682,0.07341037575961379
Joe Donnelly D-IN,Democrat,IN,5370,0.044878957169459964,0.07956841693179997
Robert Hurt R-VA,Republican,VA,2106,0.04415954415954416,0.08386317390996294
Antonio Delgado D-NY,Democrat,NY,4007,0.04392313451459945,0.07492432288480595
Donald G. Davis,Democrat,NC,3225,0.030387596899224805,0.05717704366979211
