mo,party,n,civic,gratitude,polarizing,any_civic_lang,any_outgroup
2011-01-01,Democrat,953,0.013641133263378805,0.02938090241343127,0.040923399790136414,0.015739769150052464,0.07660020986358866
2011-01-01,Republican,1949,0.004104669061056952,0.045664443304258596,0.03078501795792714,0.009235505387378143,0.09235505387378143
2011-02-01,Democrat,1422,0.006329113924050633,0.03305203938115331,0.0850914205344585,0.008438818565400843,0.10970464135021098
2011-02-01,Republican,2325,0.002150537634408602,0.03956989247311828,0.044731182795698925,0.003870967741935484,0.08086021505376344
2011-03-01,Democrat,2423,0.008254230293025175,0.035905901774659514,0.0730499380932728,0.010317787866281469,0.08955839867932315
2011-03-01,Republican,3374,0.005038529934795495,0.03023117960877297,0.06224066390041494,0.007705986959098993,0.11914641375222289
2011-04-01,Democrat,2063,0.010664081434803683,0.02375181774115366,0.13233155598642754,0.015026660203587009,0.16868637905962192
2011-04-01,Republican,3177,0.004721435316336166,0.036827195467422094,0.04784387787220649,0.006924771797293044,0.07932011331444759
2011-05-01,Democrat,2401,0.008746355685131196,0.043731778425655975,0.06497292794668888,0.010828821324448146,0.09204498125780924
2011-05-01,Republican,4127,0.006299975769323964,0.04119214926096438,0.026896050399806155,0.008965350133268718,0.051126726435667555
2011-06-01,Democrat,2235,0.012527964205816556,0.03668903803131991,0.04876957494407159,0.01476510067114094,0.0680089485458613
2011-06-01,Republican,3364,0.0032699167657550534,0.036860879904875146,0.03626634958382877,0.0047562425683709865,0.07342449464922711
2011-07-01,Democrat,2383,0.017205203524968526,0.03063365505665128,0.1019723038187159,0.025597985732270248,0.1409987410826689
2011-07-01,Republican,4433,0.006993006993006993,0.03293480712835552,0.06677193773967968,0.010151139183397249,0.1193322806226032
2011-08-01,Democrat,1724,0.010440835266821345,0.042923433874709975,0.02262180974477958,0.015081206496519721,0.034222737819025524
2011-08-01,Republican,2915,0.0044596912521440825,0.04631217838765009,0.027787307032590053,0.00686106346483705,0.05042881646655232
2011-09-01,Democrat,2250,0.018666666666666668,0.044,0.02666666666666667,0.024888888888888887,0.042222222222222223
2011-09-01,Republican,3320,0.011144578313253013,0.043674698795180725,0.029216867469879518,0.013855421686746987,0.07228915662650602
2011-10-01,Democrat,2742,0.012764405543398978,0.045951859956236324,0.04157549234135667,0.0175054704595186,0.05981035740335521
2011-10-01,Republican,3080,0.01396103896103896,0.03831168831168831,0.030844155844155844,0.023701298701298702,0.06103896103896104
2011-11-01,Democrat,2362,0.017781541066892465,0.0563082133784928,0.03090601185436071,0.023285351397121085,0.04276037256562235
2011-11-01,Republican,3391,0.020347979946918313,0.05337658507814804,0.028605131229725744,0.029194927749926276,0.05278678855794751
2011-12-01,Democrat,2009,0.013937282229965157,0.043802887008461924,0.09905425584868094,0.03882528621204579,0.12692882030861125
2011-12-01,Republican,3161,0.013603290098070231,0.03385004745333755,0.02847200253084467,0.019297690604239165,0.055994938310661185
2012-01-01,Democrat,2272,0.01936619718309859,0.055897887323943664,0.01936619718309859,0.028169014084507043,0.03697183098591549
2012-01-01,Republican,3730,0.010723860589812333,0.03780160857908847,0.06273458445040214,0.016621983914209115,0.11447721179624665
2012-02-01,Democrat,2681,0.013054830287206266,0.05184632599776203,0.03991048116374487,0.019022752704214847,0.05520328235732935
2012-02-01,Republican,3915,0.009450830140485313,0.038314176245210725,0.0756066411238825,0.014559386973180077,0.1136653895274585
2012-03-01,Democrat,3230,0.015170278637770897,0.05417956656346749,0.04860681114551084,0.022291021671826627,0.07027863777089784
2012-03-01,Republican,3354,0.024746571258199165,0.043231961836613,0.07930828861061419,0.028622540250447227,0.15384615384615385
2012-04-01,Democrat,2461,0.01828524989841528,0.04469727752945957,0.048354327509142626,0.023161316537992686,0.06460788297440065
2012-04-01,Republican,3244,0.006165228113440197,0.04469790382244143,0.043773119605425403,0.007090012330456227,0.07644882860665844
2012-05-01,Democrat,2784,0.016522988505747127,0.057830459770114945,0.04885057471264368,0.022988505747126436,0.0653735632183908
2012-05-01,Republican,3520,0.009375,0.04943181818181818,0.048295454545454544,0.012215909090909092,0.08210227272727273
2012-06-01,Democrat,3262,0.017167381974248927,0.05793991416309013,0.03310852237890864,0.027896995708154508,0.05303494788473329
2012-06-01,Republican,4391,0.01275335914370303,0.03894329309952175,0.0858574356638579,0.017080391710316556,0.16169437485766341
2012-07-01,Democrat,3598,0.012784880489160644,0.04613674263479711,0.0622568093385214,0.02028904947192885,0.0811561978877154
2012-07-01,Republican,3691,0.01219181793551883,0.03413709021945272,0.09482525060959089,0.01625575724735844,0.17149823895963154
2012-08-01,Democrat,2635,0.012523719165085389,0.05199240986717268,0.044781783681214424,0.01631878557874763,0.06375711574952561
2012-08-01,Republican,2598,0.006543494996150885,0.052732871439568896,0.052732871439568896,0.011162432640492687,0.08775981524249422
2012-09-01,Democrat,2684,0.021982116244411327,0.06110283159463487,0.03241430700447094,0.029806259314456036,0.045827123695976156
2012-09-01,Republican,3210,0.014953271028037384,0.06199376947040498,0.06292834890965732,0.020872274143302182,0.10404984423676013
2012-10-01,Democrat,2672,0.00561377245508982,0.05426646706586826,0.010479041916167664,0.008233532934131737,0.019835329341317365
2012-10-01,Republican,2387,0.005865102639296188,0.04608294930875576,0.057813154587348134,0.011311269375785506,0.09258483452031839
2012-11-01,Democrat,2324,0.018502581755593803,0.06325301204819277,0.021514629948364887,0.022375215146299483,0.04905335628227195
2012-11-01,Republican,2285,0.0175054704595186,0.06564551422319474,0.02363238512035011,0.02013129102844639,0.04945295404814004
2012-12-01,Democrat,2553,0.022326674500587545,0.03799451625538582,0.05405405405405406,0.031335683509596556,0.09792401096748923
2012-12-01,Republican,2238,0.01385165326184093,0.04334226988382484,0.044682752457551385,0.020107238605898123,0.06925826630920465
2013-01-01,Democrat,3897,0.030536309982037466,0.07569925583782397,0.015139851167564793,0.037464716448550164,0.030536309982037466
2013-01-01,Republican,4192,0.011927480916030535,0.05916030534351145,0.03769083969465649,0.014790076335877863,0.07824427480916031
2013-02-01,Democrat,6445,0.035531419705197825,0.06221877424359969,0.028859581070597363,0.045616757176105506,0.04840961986035686
2013-02-01,Republican,5843,0.013520451822693822,0.05185692281362314,0.06914256375149752,0.01882594557590279,0.13280848879000515
2013-03-01,Democrat,7051,0.020138987377676925,0.0649553254857467,0.01942986810381506,0.025386470004254716,0.034605020564458945
2013-03-01,Republican,6575,0.012623574144486692,0.05231939163498099,0.07011406844106464,0.015361216730038024,0.12623574144486693
2013-04-01,Democrat,6770,0.02156573116691285,0.06661742983751846,0.009158050221565732,0.025997045790251107,0.01949778434268833
2013-04-01,Republican,6629,0.009654548197314828,0.046160808568411524,0.06546990496304118,0.013124151455724846,0.09669633428873133
2013-05-01,Democrat,7669,0.020080844960229497,0.07836745338375277,0.028947711566045118,0.023992697874559918,0.043943147737645065
2013-05-01,Republican,10894,0.01009730126675234,0.052873141178630435,0.07940150541582522,0.013677253534055443,0.11997429777859372
2013-06-01,Democrat,8343,0.027807743018099004,0.061488673139158574,0.025530384753685725,0.03380079108234448,0.042071197411003236
2013-06-01,Republican,9809,0.012641451728004894,0.048322968702212254,0.05729432154144153,0.017840758487103682,0.09144663064532572
2013-07-01,Democrat,7168,0.025809151785714284,0.06417410714285714,0.041294642857142856,0.033900669642857144,0.055943080357142856
2013-07-01,Republican,7336,0.01867502726281352,0.04498364231188658,0.1480370774263904,0.02603598691384951,0.21374045801526717
2013-08-01,Democrat,4978,0.013258336681398152,0.06870229007633588,0.006629168340699076,0.016673362796303735,0.018682201687424668
2013-08-01,Republican,6021,0.009466865969108122,0.06444112273708687,0.08719481813652218,0.014947683109118086,0.13668825776449095
2013-09-01,Democrat,7358,0.016580592552324,0.05708072845882033,0.06088611035607502,0.024599075835824952,0.0756999184561022
2013-09-01,Republican,8757,0.009934909215484755,0.04442160557268471,0.16512504282288454,0.016900765102203952,0.2454036770583533
2013-10-01,Democrat,8343,0.03715689799832195,0.055136042191058374,0.0744336569579288,0.04962243797195254,0.10224139997602781
2013-10-01,Republican,8222,0.020919484310386767,0.035514473364144976,0.19265385550960837,0.029798102651423013,0.27852104110921916
2013-11-01,Democrat,8026,0.02267630201844007,0.08061300772489409,0.01669573884874159,0.02840767505606778,0.034512833291801645
2013-11-01,Republican,6909,0.010421189752496743,0.06368504848748009,0.1328701693443335,0.0166449558546823,0.2233318859458677
2013-12-01,Democrat,6536,0.023408812729498164,0.07267441860465117,0.014687882496940025,0.02799877600979192,0.028916768665850672
2013-12-01,Republican,5126,0.013655872024970737,0.0536480686695279,0.10417479516191963,0.020093640265314086,0.166601638704643
2014-01-01,Democrat,7311,0.0214744904937765,0.05881548351798659,0.027219258651347285,0.0254411161263849,0.04513746409519902
2014-01-01,Republican,5564,0.01563623292595255,0.06020848310567937,0.07260963335729691,0.019949676491732567,0.1292235801581596
2014-02-01,Democrat,8569,0.015871163496323958,0.06850274244369238,0.017271560275411366,0.019605554907223714,0.03337612323491656
2014-02-01,Republican,6825,0.010402930402930404,0.0504029304029304,0.10432234432234433,0.01391941391941392,0.14695970695970695
2014-03-01,Democrat,9994,0.018711226736041624,0.0671402841705023,0.015209125475285171,0.02231338803281969,0.026716029617770663
2014-03-01,Republican,8642,0.015737097894006017,0.06757694978014349,0.0896783152048137,0.02152279564915529,0.13214533672760934
2014-04-01,Democrat,10659,0.016324233042499296,0.06933108171498265,0.023172905525846704,0.021484191762829535,0.04390655783844638
2014-04-01,Republican,8355,0.0116098144823459,0.05182525433871933,0.0587672052663076,0.01603830041891083,0.08749251944943148
2014-05-01,Democrat,10915,0.01694915254237288,0.0711864406779661,0.022629409070087037,0.021896472743930372,0.03573064590013743
2014-05-01,Republican,9454,0.014702771313729638,0.07827374656230167,0.03342500528876666,0.020097313306536916,0.057541781256610955
2014-06-01,Democrat,10249,0.019318957947116792,0.06078641818714021,0.020099521904576055,0.02292906625036589,0.03658893550590302
2014-06-01,Republican,8353,0.013887226146294744,0.05399257751705974,0.04369687537411708,0.021549144020112536,0.07039387046570095
2014-07-01,Democrat,9431,0.020040292651892694,0.0518502809882303,0.03265825469197328,0.02682642349697805,0.0523804474605026
2014-07-01,Republican,8203,0.017432646592709985,0.04632451542118737,0.07875167621601853,0.026453736437888578,0.11337315616237961
2014-08-01,Democrat,7496,0.01200640341515475,0.0624332977588047,0.013207043756670225,0.013874066168623266,0.02387940234791889
2014-08-01,Republican,6016,0.008144946808510639,0.06881648936170212,0.04222074468085106,0.011303191489361703,0.07147606382978723
2014-09-01,Democrat,9402,0.012869602212295257,0.06690065943416294,0.012125079770261647,0.018400340353116357,0.022122952563284407
2014-09-01,Republican,7207,0.018315526571388928,0.06632440682669627,0.04662134036353545,0.024698210073539614,0.08283613153878173
2014-10-01,Democrat,8190,0.00757020757020757,0.07912087912087912,0.009157509157509158,0.010500610500610501,0.017704517704517704
2014-10-01,Republican,6018,0.012628780325689598,0.0682951146560319,0.043369890329012964,0.016782984380192757,0.0784313725490196
2014-11-01,Democrat,4674,0.017115960633290545,0.09563543003851091,0.015190415062045357,0.024818142918271287,0.031450577663671375
2014-11-01,Republican,3034,0.013843111404087014,0.04878048780487805,0.09789057350032959,0.022742254449571522,0.15919578114700067
2014-12-01,Democrat,6848,0.01854556074766355,0.06877920560747663,0.01139018691588785,0.02351051401869159,0.02117406542056075
2014-12-01,Republican,4811,0.01454998960715028,0.05965495738931615,0.06339638328829765,0.02016212845562253,0.09769278736229474
2015-01-01,Democrat,9027,0.026365348399246705,0.07134153096266756,0.03146117203943724,0.03256895978730475,0.048410324581810125
2015-01-01,Republican,9213,0.02550743514598936,0.0619776402908933,0.045370671876695974,0.03429935960056442,0.0891132095951373
2015-02-01,Democrat,5803,0.020506634499396863,0.059279682922626226,0.05790108564535585,0.025331724969843185,0.07306565569533
2015-02-01,Republican,5557,0.014396256973186972,0.06856217383480295,0.06820226741047328,0.023034011157099153,0.1085117869353968
2015-03-01,Democrat,10826,0.027341585072972473,0.07685202290781452,0.0246628486975799,0.03334564936264548,0.04036578607057085
2015-03-01,Republican,10882,0.018103289836427127,0.07259694909024077,0.0376768976291123,0.024535930895056055,0.0667156772652086
2015-04-01,Democrat,11501,0.019476567255021303,0.07042865837753239,0.014868272324145726,0.0226067298495783,0.026693331014694375
2015-04-01,Republican,10161,0.022241905324279106,0.07971656333038087,0.01692746776892038,0.027851589410491092,0.02893416002361972
2015-05-01,Democrat,10679,0.017042794269126322,0.07978275119393202,0.0140462590130162,0.022005805787058713,0.0253769079501826
2015-05-01,Republican,10375,0.017542168674698794,0.09455421686746988,0.016289156626506023,0.02313253012048193,0.033060240963855424
2015-06-01,Democrat,9348,0.016046213093709884,0.058194266153187846,0.019683354728284124,0.022143774069319642,0.03594351732991014
2015-06-01,Republican,8339,0.02110564815925171,0.06871327497301835,0.03861374265499461,0.02746132629811728,0.06727425350761482
2015-07-01,Democrat,13278,0.017849073655671035,0.0666516041572526,0.02229251393282121,0.0219159511974695,0.0447356529597831
2015-07-01,Republican,11991,0.014844466683345842,0.056959386206321405,0.020265198899174382,0.020265198899174382,0.03569343674422484
2015-08-01,Democrat,8651,0.009247485839787307,0.056294070049705235,0.022078372442492198,0.014333603051670326,0.04450352560397642
2015-08-01,Republican,7484,0.008284339925173703,0.07402458578300374,0.016568679850347406,0.01122394441475147,0.030865847140566543
2015-09-01,Democrat,5932,0.023432231962238707,0.07417397167902899,0.02983816587997303,0.03169251517194875,0.04871881321645313
2015-09-01,Republican,5772,0.01282051282051282,0.06826056826056826,0.030838530838530838,0.019404019404019403,0.04573804573804574
2015-10-01,Democrat,5959,0.03205235777815069,0.06846786373552609,0.020137606981037087,0.041617721094143315,0.03540862560832354
2015-10-01,Republican,6268,0.018506700701978303,0.059668155711550735,0.035737077217613274,0.026324186343331207,0.052967453733248245
2015-11-01,Democrat,4723,0.023502011433410967,0.07876349777683675,0.014397628625873385,0.028160067753546476,0.02180817277154351
2015-11-01,Republican,5589,0.015208445160135982,0.08105206655931294,0.035963499731615674,0.02325997495079621,0.055645016997674004
2015-12-01,Democrat,4346,0.029682466635987115,0.05821445006902899,0.019788311090658078,0.03474459272894616,0.02646111366774045
2015-12-01,Republican,4903,0.014276973281664287,0.05384458494799103,0.044666530695492555,0.01978380583316337,0.0730165204976545
2016-01-01,Democrat,6093,0.02002297718693583,0.06646971935007386,0.009519120301985885,0.0241260462826194,0.017068767438043655
2016-01-01,Republican,6568,0.00989646772228989,0.052679658952496954,0.04856881851400731,0.01766138855054811,0.08800243605359317
2016-02-01,Democrat,8349,0.02012217031979878,0.10612049347227213,0.023835189843094982,0.024314289136423525,0.03880704275961193
2016-02-01,Republican,7977,0.016672934687225773,0.06944966779491037,0.03284442772972295,0.024194559358154694,0.05302745393004889
2016-03-01,Democrat,12529,0.01476574347513768,0.09346316545614175,0.02354537473062495,0.01835741080692793,0.03966797030888339
2016-03-01,Republican,11005,0.014720581553839164,0.08069059518400727,0.025806451612903226,0.019809177646524307,0.04098137210358928
2016-04-01,Democrat,11990,0.01834862385321101,0.0817347789824854,0.01743119266055046,0.02243536280233528,0.030275229357798167
2016-04-01,Republican,10670,0.018275538894095594,0.08163074039362699,0.021930646672914715,0.02286785379568885,0.032708528584817244
2016-05-01,Democrat,11737,0.014910113316861208,0.0836670358694726,0.03084263440402147,0.0201073528158814,0.04345233023770981
2016-05-01,Republican,10975,0.01457858769931663,0.10369020501138952,0.02915717539863326,0.01886104783599089,0.04400911161731207
2016-06-01,Democrat,14760,0.015040650406504066,0.0747289972899729,0.03008130081300813,0.024119241192411923,0.03868563685636856
2016-06-01,Republican,11358,0.016728297235428773,0.07193167811234372,0.03865117098080648,0.02394787814756119,0.06154252509244585
2016-07-01,Democrat,9875,0.022582278481012658,0.060658227848101265,0.03068354430379747,0.03473417721518987,0.03868354430379747
2016-07-01,Republican,9165,0.023458810692853247,0.06797599563557011,0.021931260229132568,0.028477905073649754,0.03044189852700491
2016-08-01,Democrat,6892,0.00943122460824144,0.06688914683691236,0.01625072547881602,0.013639001741149159,0.027858386535113175
2016-08-01,Republican,6464,0.008353960396039604,0.0812190594059406,0.03078589108910891,0.012221534653465347,0.0453279702970297
2016-09-01,Democrat,11711,0.01699257108701221,0.07266672359320298,0.036205277089915465,0.02510460251046025,0.050892323456579285
2016-09-01,Republican,11379,0.01643378152737499,0.09640565954829071,0.04323754284207751,0.022761226821337553,0.06687758150979875
2016-10-01,Democrat,5195,0.011934552454282965,0.09971126082771896,0.02829643888354187,0.015399422521655439,0.03484119345524543
2016-10-01,Republican,5327,0.012014266941993618,0.09179650835366998,0.045804392716350666,0.015581002440397973,0.064952130655153
2016-11-01,Democrat,4577,0.01791566528293642,0.08979681013764475,0.062267861044352196,0.023159274634039766,0.0856456194013546
2016-11-01,Republican,4556,0.016900790166812993,0.09877085162423178,0.021729587357330993,0.019095697980684813,0.03709394205443371
2016-12-01,Democrat,7071,0.02489039739782209,0.0765096874558054,0.07014566539386226,0.039739782209022766,0.10493565266581813
2016-12-01,Republican,6540,0.018807339449541285,0.07079510703363914,0.031192660550458717,0.02507645259938838,0.045565749235474004
2017-01-01,Democrat,12020,0.014975041597337771,0.05831946755407654,0.16189683860232945,0.023044925124792014,0.2050748752079867
2017-01-01,Republican,9118,0.017986400526431235,0.07929370475981574,0.042114498793595086,0.022592673831980697,0.08060978284711559
2017-02-01,Democrat,11669,0.012083297626189048,0.05878824235152969,0.1725940526180478,0.02133858942497215,0.21767075156397292
2017-02-01,Republican,7293,0.021664609899904017,0.0781571369806664,0.027834910187851364,0.027834910187851364,0.056355409296585765
2017-03-01,Democrat,16890,0.011426879810538781,0.0526939017169923,0.27714624037892244,0.02178804026050918,0.32528123149792776
2017-03-01,Republican,9240,0.021861471861471863,0.08528138528138528,0.032467532467532464,0.027597402597402596,0.07380952380952381
2017-04-01,Democrat,11343,0.017367539451644185,0.06532663316582915,0.1606276999030239,0.029092832583972494,0.196420699991184
2017-04-01,Republican,7287,0.020310141347605323,0.08865102236860162,0.012487992315081652,0.028269521064910114,0.024975984630163303
2017-05-01,Democrat,15327,0.014158021791609578,0.056762575846545316,0.2355320675931363,0.024270894499902135,0.27702746786716254
2017-05-01,Republican,7830,0.02413793103448276,0.10051085568326948,0.022094508301404855,0.031928480204342274,0.0367816091954023
2017-06-01,Democrat,15771,0.022382854606556337,0.06093462684674402,0.2072157757910088,0.03392302327055989,0.2558493437321666
2017-06-01,Republican,9280,0.03351293103448276,0.07704741379310345,0.018642241379310344,0.04202586206896552,0.03081896551724138
2017-07-01,Democrat,15636,0.027948324379636735,0.050012790995139424,0.1910974673829624,0.04144282425172678,0.23842414939882323
2017-07-01,Republican,8493,0.025314965265512777,0.07594489579653832,0.026256917461438833,0.0315553985635229,0.04745084186977511
2017-08-01,Democrat,14092,0.020862900936701675,0.06393698552370139,0.11957138802157252,0.032997445359068976,0.15235594663638943
2017-08-01,Republican,9554,0.018526271718651875,0.09723675947247226,0.006384760309817878,0.030458446723885285,0.017270253297048357
2017-09-01,Democrat,16762,0.030127669729149265,0.0644911108459611,0.11299367617229447,0.042834983892136975,0.1435389571650161
2017-09-01,Republican,10767,0.026469768737809974,0.08089532831800873,0.008544627101328132,0.03222810439305285,0.01699637782112009
2017-10-01,Democrat,18856,0.01962240135765804,0.050487908358082305,0.11561306745863385,0.027630462452269834,0.14059185405176072
2017-10-01,Republican,9203,0.021949364337715962,0.08247310659567532,0.009236118656959688,0.028577637726828208,0.02227534499619689
2017-11-01,Democrat,12657,0.019435885280872246,0.05348818835427036,0.1520897527060125,0.031129019514892945,0.1917515999051908
2017-11-01,Republican,8119,0.028328611898016998,0.095578273186353,0.010715605370119473,0.034856509422342655,0.020692203473334156
2017-12-01,Democrat,11129,0.02147542456644802,0.04879144577230659,0.18878605445233174,0.03854793782010962,0.2265252942762153
2017-12-01,Republican,6874,0.029967995344777423,0.08612161768984579,0.0155659004946174,0.03724178062263602,0.02618562700029095
2018-01-01,Democrat,12715,0.040739284309870234,0.06047974832874558,0.2190326386158081,0.07793944160440425,0.273063311049941
2018-01-01,Republican,10250,0.03882926829268293,0.08536585365853659,0.08751219512195121,0.05404878048780488,0.11180487804878049
2018-02-01,Democrat,11778,0.03523518424180676,0.06724401426388181,0.15783664459161148,0.05883851248089659,0.1968925114620479
2018-02-01,Republican,7600,0.04302631578947368,0.10526315789473684,0.015789473684210527,0.05631578947368421,0.029605263157894735
2018-03-01,Democrat,13106,0.03425911796123913,0.09003509842820083,0.11994506332977262,0.054173660918663206,0.1493972226461163
2018-03-01,Republican,8523,0.03343892995424146,0.10759122374750675,0.013962219875630646,0.04411592162384137,0.024991200281590988
2018-04-01,Democrat,14578,0.031280010975442446,0.07058581424063658,0.12553162299355192,0.04815475373851008,0.15194128138290575
2018-04-01,Republican,9797,0.0407267530876799,0.10880881902623252,0.011840359293661324,0.05144431968970093,0.020312340512401755
2018-05-01,Democrat,14950,0.030301003344481606,0.09331103678929765,0.13872909698996655,0.05070234113712375,0.16755852842809366
2018-05-01,Republican,10097,0.0460532831534119,0.1318213330692285,0.013271268693671387,0.057739922749331485,0.02396751510349609
2018-06-01,Democrat,13974,0.02769428939458995,0.0516673822813797,0.21904966366108486,0.05309861170745671,0.25368541577214826
2018-06-01,Republican,8531,0.046301723127417656,0.09963661938811394,0.016645176415426094,0.058375337006212634,0.027546594772007972
2018-07-01,Democrat,14932,0.025850522368068576,0.05746048754353067,0.2350656308598982,0.04667827484596839,0.2727029199035628
2018-07-01,Republican,9359,0.046479324714178864,0.10545998504113688,0.024147879046906722,0.061438187840581256,0.038038251949994654
2018-08-01,Democrat,12622,0.024164157819679923,0.06908572334019965,0.16764379654571385,0.04000950720963397,0.19687846617017904
2018-08-01,Republican,8308,0.0343042850264805,0.13842079922965816,0.014082811747713048,0.044174289841116994,0.02636013480982186
2018-09-01,Democrat,12706,0.031874704863843854,0.07500393514874862,0.16590587124193296,0.04800881473319692,0.19652132850621754
2018-09-01,Republican,10189,0.04750220826381392,0.11463342820688978,0.016979095102561587,0.05770929433703013,0.02600844047502208
2018-10-01,Democrat,13421,0.03300797258028463,0.08680426197749795,0.17033007972580286,0.05312569853215111,0.20065568884583862
2018-10-01,Republican,9527,0.04502991497848221,0.12700745250341136,0.023092264091529337,0.05657604702424688,0.03579300934187047
2018-11-01,Democrat,11824,0.035520974289580516,0.08914073071718538,0.13388024357239514,0.053704330175913396,0.1625507442489851
2018-11-01,Republican,6110,0.040589198036006545,0.13682487725040918,0.016039279869067103,0.049754500818330605,0.028477905073649754
2018-12-01,Democrat,12338,0.039552601718268764,0.06605608688604311,0.19670935321770142,0.06532663316582915,0.22694115739990273
2018-12-01,Republican,6394,0.04222708789490147,0.10228339067876134,0.034563653425086015,0.05739756021269941,0.051454488583046604
2019-01-01,Democrat,24708,0.031973449894770925,0.07762667961793751,0.2349846203658734,0.056945118989800876,0.26655334304678646
2019-01-01,Republican,11293,0.04879128663774019,0.09120694235367041,0.09784822456388914,0.06756397768529178,0.14336314531125477
2019-02-01,Democrat,22590,0.04696768481629039,0.1047808764940239,0.12093846834882692,0.06963258078795928,0.15334218680832226
2019-02-01,Republican,11888,0.04946164199192463,0.09429676985195155,0.0650235531628533,0.0635935397039031,0.09000672947510094
2019-03-01,Democrat,23705,0.03277789495886944,0.10997679814385151,0.1147015397595444,0.05146593545665471,0.14115165576882513
2019-03-01,Republican,11982,0.03747287598063762,0.11659155399766316,0.06559839759639459,0.052495409781338674,0.08980136871974628
2019-04-01,Democrat,19258,0.033856059819295875,0.10982448852424967,0.09969882646173019,0.051095648561636724,0.12052134178003947
2019-04-01,Republican,10158,0.03996849773577476,0.1105532585154558,0.06930498129553062,0.0508958456389053,0.09529434928135459
2019-05-01,Democrat,24559,0.034162628771529785,0.11690215399649823,0.11372612891404373,0.054684636996620385,0.1382385276273464
2019-05-01,Republican,12726,0.048247681911048244,0.12698412698412698,0.05814867201005815,0.06812824139556813,0.08282256797108282
2019-06-01,Democrat,25904,0.03551575046324892,0.10106547251389747,0.10697189623224213,0.0531964175416924,0.13384033353922173
2019-06-01,Republican,12225,0.05006134969325153,0.10552147239263804,0.0774642126789366,0.07370143149284254,0.1125562372188139
2019-07-01,Democrat,23786,0.0336752711679139,0.09110401076263348,0.1319263432271084,0.056461784242831915,0.15614226856133862
2019-07-01,Republican,11593,0.044078323126024326,0.09652376434055034,0.078926938669887,0.06529802467005952,0.10445958768222204
2019-08-01,Democrat,18291,0.03580996118309551,0.09496473675578153,0.12918921874145756,0.05795199825050571,0.16182822152971407
2019-08-01,Republican,8459,0.03522875044331481,0.13346731292114908,0.025062064073767584,0.04882373803050006,0.03842061709421918
2019-09-01,Democrat,22462,0.03334520523550886,0.10097052800284925,0.14001424628261064,0.056317335945151814,0.1702430771970439
2019-09-01,Republican,11711,0.0385961916147212,0.10639569635385535,0.08564597387071983,0.05524720348390402,0.11689864230210913
2019-10-01,Democrat,28903,0.03418330277133862,0.09476524928208145,0.13026329446770232,0.055322976853613814,0.1571463169913158
2019-10-01,Republican,14339,0.03256851942255387,0.08912755422274915,0.12560150638119813,0.05084036543692029,0.15677522839807517
2019-11-01,Democrat,28642,0.03788143286083374,0.10659171845541512,0.12614342573842607,0.05949305216116193,0.1562740032120662
2019-11-01,Republican,15068,0.0393549243429785,0.10120785771170693,0.12005574727900185,0.061521104327050706,0.15237589593841253
2019-12-01,Democrat,28672,0.04840959821428571,0.08220563616071429,0.13588169642857142,0.07359095982142858,0.16758510044642858
2019-12-01,Republican,16838,0.04085995961515619,0.07150492932652334,0.1889773132200974,0.06811972918398859,0.22853070435918754
2020-01-01,Democrat,24771,0.03693835533486738,0.0804166162044326,0.16345726858019458,0.06099874853659521,0.19801380646723993
2020-01-01,Republican,14564,0.029868168085690743,0.08115902224663554,0.15538313650096128,0.05211480362537765,0.18868442735512223
2020-02-01,Democrat,24977,0.03603315049845858,0.10109300556511991,0.15950674620650998,0.056692156784241506,0.18985466629298955
2020-02-01,Republican,13232,0.038165054413542926,0.1070888754534462,0.08471886336154777,0.0529776299879081,0.11192563482466747
2020-03-01,Democrat,33758,0.04126429290834765,0.0761301024942236,0.06164464719473903,0.05160258309141537,0.09221517862432609
2020-03-01,Republican,19663,0.04750038142704572,0.08086253369272237,0.052026649036260995,0.061079184254691554,0.06870772516909933
2020-04-01,Democrat,31933,0.027682961200012526,0.07039739454482824,0.06980239877242977,0.03654526665205274,0.09131619327967933
2020-04-01,Republican,17971,0.027433086639586,0.08947749151410606,0.05653552946413667,0.038061321017194366,0.07105892827332926
2020-05-01,Democrat,28168,0.03085061062198239,0.08804316955410395,0.08555808009088327,0.042850042601533654,0.10593581368929282
2020-05-01,Republican,15760,0.03191624365482233,0.09156091370558375,0.08229695431472081,0.0491751269035533,0.10463197969543148
2020-06-01,Democrat,29334,0.02761300879525465,0.06078270948387537,0.11014522397218245,0.04479443649007977,0.13339469557510056
2020-06-01,Republican,14035,0.04218026362664767,0.07445671535447096,0.07787673672960456,0.06483790523690773,0.09925187032418953
2020-07-01,Democrat,31722,0.02802471470903474,0.06030515099930647,0.13385032469579472,0.041327785133345944,0.1598890360002522
2020-07-01,Republican,14821,0.03886377437419877,0.07185749949396127,0.07846973888401593,0.05687875312057216,0.09466297820659875
2020-08-01,Democrat,27870,0.02465016146393972,0.056440617151058484,0.14144241119483317,0.03767491926803014,0.17377108001435235
2020-08-01,Republican,13397,0.0347092632678958,0.09838023438083153,0.10360528476524596,0.047995819959692466,0.13488094349481228
2020-09-01,Democrat,30203,0.03764526702645433,0.07121809091812072,0.13942323610237395,0.05625269013011953,0.1654471410124822
2020-09-01,Republican,15737,0.04104975535362521,0.09569803647455043,0.0932198004702294,0.05598271589248269,0.12067103005655462
2020-10-01,Democrat,31384,0.02596864644404792,0.06573413204180474,0.15163777721131788,0.03804486362477696,0.18101580423145552
2020-10-01,Republican,16086,0.030150441377595424,0.09368394877533259,0.13489991296779807,0.04314310580629119,0.17592937958473207
2020-11-01,Democrat,24137,0.037908605046194636,0.08070597008741766,0.10212536769275386,0.04921904130587894,0.12909640800430874
2020-11-01,Republican,11492,0.03228332753219631,0.10650887573964497,0.08049077619213366,0.04281239122868082,0.10964148973198747
2020-12-01,Democrat,27272,0.0540114403050748,0.06427838075682019,0.10098269287180991,0.07414197711938986,0.13537694338515693
2020-12-01,Republican,13529,0.042501293517628796,0.0858156552590731,0.09668120334097124,0.06075837090694065,0.12839086406977604
2021-01-01,Democrat,28645,0.03389771338802584,0.06824925816023739,0.14787921103159365,0.060115203351370224,0.17085006109268633
2021-01-01,Republican,16200,0.037654320987654324,0.09283950617283951,0.14037037037037037,0.07,0.19364197530864197
2021-02-01,Democrat,28249,0.029877163793408615,0.08071082162200433,0.07731247123791993,0.04385995964458919,0.09911855286912812
2021-02-01,Republican,19449,0.035940151164584294,0.06288241040670471,0.1989819527996298,0.0628309938814335,0.25898503779114607
2021-03-01,Democrat,26897,0.030523850243521583,0.08785366397739525,0.03881473770308956,0.04271851879391754,0.05889132617020486
2021-03-01,Republican,19269,0.02947739893092532,0.07426436244745446,0.24837822409050808,0.054024599096995175,0.3099797602366495
2021-04-01,Democrat,29058,0.033622410351710375,0.08297198706036203,0.029527152591368986,0.0457017000481795,0.04115906118796889
2021-04-01,Republican,20296,0.03650965707528577,0.0744481671265274,0.2175305478912101,0.0602089081592432,0.2939495467087111
2021-05-01,Democrat,23303,0.033472085139252455,0.09385057717890401,0.05218212247350126,0.0590911041496803,0.06612882461485646
2021-05-01,Republican,18747,0.03301861631194324,0.09430842268096229,0.19667146743478955,0.056062303301861634,0.25108017282765244
2021-06-01,Democrat,26522,0.045584797526581705,0.09610889073222231,0.0505240932056406,0.06338134379006108,0.06884850312947742
2021-06-01,Republican,21403,0.03630332196421063,0.07970845208615615,0.20492454328832407,0.05887025183385507,0.26052422557585386
2021-07-01,Democrat,26706,0.03733243465887816,0.09533438178686438,0.03617164682093912,0.052048228862427916,0.053246461469332734
2021-07-01,Republican,20782,0.0354633817726879,0.07674910980656337,0.231161582138389,0.05779039553459725,0.28029063612741795
2021-08-01,Democrat,24554,0.0515598273193777,0.09407835790502565,0.02622790584018897,0.06133420216665309,0.04891260079824061
2021-08-01,Republican,22242,0.02324431256181998,0.061954860174444744,0.26449959536012946,0.042352306447261935,0.3154842190450499
2021-09-01,Democrat,28286,0.043342996535388534,0.0921657356996394,0.04532277451742912,0.05592872799264654,0.06278724457328713
2021-09-01,Republican,21779,0.022360989944441894,0.06262913816061344,0.2933100693328436,0.041553790348500846,0.34432251251205287
2021-10-01,Democrat,28934,0.04219948849104859,0.09597705122001797,0.03421580147922859,0.05422686113223198,0.046415981198589897
2021-10-01,Republican,21194,0.021751439086533923,0.06945361894875908,0.2856940643578371,0.03972822496933094,0.33943568934604135
2021-11-01,Democrat,33470,0.09856587989244099,0.11174185838063938,0.024589184344188827,0.1101583507618763,0.038571855392889154
2021-11-01,Republican,23433,0.027141211112533606,0.07724149703409722,0.27819741390346947,0.041949387615755555,0.3348696283019673
2021-12-01,Democrat,29473,0.06606046211787059,0.0928985851457266,0.03467580497404404,0.07973399382485664,0.051029756047908256
2021-12-01,Republican,20118,0.03042051893826424,0.06983795605925042,0.22233820459290188,0.04930907644895119,0.2711999204692315
2022-01-01,Democrat,23619,0.06384690291714298,0.09483890088488081,0.05258478343706338,0.07739531732926881,0.07913120792582243
2022-01-01,Republican,17462,0.023250486771274767,0.061104111785591574,0.27001488947428703,0.04323674264116367,0.3280838391936777
2022-02-01,Democrat,22917,0.06820264432517345,0.09486407470436793,0.03006501723611293,0.09359863856525723,0.04376663612165641
2022-02-01,Republican,19239,0.024793388429752067,0.05286137533135818,0.2268309163677946,0.0498466656271116,0.2727272727272727
2022-03-01,Democrat,30350,0.05614497528830313,0.10026359143327841,0.03169686985172982,0.0799341021416804,0.04589785831960461
2022-03-01,Republican,24063,0.023147570959564476,0.05926110626272701,0.24323650417653658,0.04550554793666625,0.30499106512072477
2022-04-01,Democrat,22011,0.0544727636181909,0.10408432147562582,0.025668983689973196,0.06801144882104403,0.037254100222615966
2022-04-01,Republican,17652,0.018694765465669613,0.06327894856106957,0.25277588941762974,0.033593927033763876,0.30342170858826195
2022-05-01,Democrat,24504,0.05048155403199478,0.1079007508978126,0.05623571661769507,0.0648873653281097,0.07900750897812601
2022-05-01,Republican,17989,0.020901662126855302,0.08082717216076492,0.24287064317082663,0.03357607426760798,0.2926232697759742
2022-06-01,Democrat,25666,0.061754850775344816,0.08770357671627835,0.06904075430530664,0.07987220447284345,0.09152185771058989
2022-06-01,Republican,18779,0.021992651365887426,0.06880025560466478,0.24825603067255977,0.033601363224878854,0.3010809947281538
2022-07-01,Democrat,23982,0.052456008673171545,0.08481361020765574,0.08789925777666584,0.06796764239846552,0.11683762822116588
2022-07-01,Republican,17482,0.02133623155245395,0.05497082713648324,0.29367349273538496,0.033234183731838465,0.3460702436792129
2022-08-01,Democrat,12904,0.04060756354618723,0.09872907625542468,0.0823775573465592,0.05432424054556727,0.11128332300061997
2022-08-01,Republican,11388,0.016596417281348787,0.06138040042149631,0.2975061468212153,0.027221636810677907,0.34808570425008784
2022-09-01,Democrat,10109,0.054011277079829854,0.11000098921752893,0.08784251656939361,0.07033336630725097,0.10851716292412701
2022-09-01,Republican,8814,0.02518720217835262,0.0628545495802133,0.27978216473791695,0.0416383027002496,0.326072157930565
2022-10-01,Democrat,12378,0.043141056713523994,0.12392955243173372,0.07747616739376313,0.052835676199709164,0.09710777185328809
2022-10-01,Republican,9412,0.017637059073523163,0.07288567785805355,0.2722056948576286,0.027199320016999574,0.324585635359116
2022-11-01,Democrat,13196,0.047514398302515914,0.1351924825704759,0.05304637769020915,0.05706274628675356,0.07744771142770536
2022-11-01,Republican,8297,0.021694588405447753,0.08882728697119441,0.20670121730746052,0.03145715318789924,0.2533445823791732
2022-12-01,Democrat,12830,0.05432579890880748,0.11395167575993764,0.04512860483242401,0.07077162899454403,0.06375681995323461
2022-12-01,Republican,9341,0.02076865431966599,0.06434000642329515,0.2041537308639332,0.03457873889305214,0.2413017878171502
2023-01-01,Democrat,6998,0.04015432980851672,0.09688482423549585,0.1547585024292655,0.06201771934838525,0.1873392397827951
2023-01-01,Republican,8755,0.025014277555682467,0.07881210736721873,0.21964591661907482,0.03792118789263278,0.276527698458024
2023-02-01,Democrat,6832,0.04800936768149883,0.10026346604215457,0.09250585480093677,0.06923302107728337,0.11402224824355972
2023-02-01,Republican,9665,0.018727366787377134,0.05907915157785825,0.254216244180031,0.04035178479048112,0.31267459906880496
2023-03-01,Democrat,8580,0.04230769230769231,0.09673659673659674,0.10944055944055944,0.05675990675990676,0.13624708624708626
2023-03-01,Republican,11169,0.025517056137523503,0.07091055600322321,0.22123735338884412,0.049780642850747604,0.2663622526636225
2023-04-01,Democrat,8061,0.04962163503287433,0.09477732291278998,0.134846793201836,0.06488028780548319,0.1577967994045404
2023-04-01,Republican,9323,0.02778075726697415,0.07036361686152526,0.19328542314705566,0.04515713826021667,0.23833529979620294
2023-05-01,Democrat,10344,0.05075406032482599,0.10740525908739366,0.14617169373549885,0.07492266047950502,0.16608662026295437
2023-05-01,Republican,12426,0.03001770481248994,0.08924835023338162,0.21970062771607918,0.04909061644938033,0.26750362143891837
2023-06-01,Democrat,11949,0.05565319273579379,0.10226797221524814,0.10201690518034982,0.073981086283371,0.13013641308896143
2023-06-01,Republican,11632,0.033356258596973866,0.08321870701513068,0.19927785419532323,0.051151994497936726,0.2392537826685007
2023-07-01,Democrat,11000,0.05836363636363636,0.10781818181818181,0.08727272727272728,0.07827272727272727,0.10872727272727273
2023-07-01,Republican,10773,0.033324050867910515,0.08669822704910424,0.19530307249605494,0.050403787245892506,0.24013738048825767
2023-08-01,Democrat,11926,0.038990441053161164,0.11663592151601543,0.059533791715579404,0.05031024652020795,0.08091564648666778
2023-08-01,Republican,10148,0.018624359479700432,0.09568387859676783,0.21127315727236895,0.029365392195506504,0.25522270398108
2023-09-01,Democrat,14938,0.056165484000535545,0.0996786718436203,0.13140982728611594,0.0836792073905476,0.15986075779890213
2023-09-01,Republican,12791,0.027519349542647172,0.07982174966773513,0.21773121726213743,0.04245172386834493,0.2637792197638965
2023-10-01,Democrat,17196,0.06652709932542451,0.09391719004419632,0.09827866945801349,0.115259362642475,0.1334612700628053
2023-10-01,Republican,14897,0.033093911525810565,0.07229643552393099,0.17849231388870243,0.062428676914815066,0.21984292139356917
2023-11-01,Democrat,16754,0.06016473677927659,0.12623851020651786,0.08117464486092874,0.08296526202697863,0.10284111257013251
2023-11-01,Republican,14734,0.030473734220171033,0.0893172254649111,0.183113886249491,0.05463553685353604,0.21962807112800325
2023-12-01,Democrat,14896,0.05988184747583244,0.10700859291084855,0.08660042964554243,0.07827604726100967,0.10492749731471536
2023-12-01,Republican,14244,0.02337826453243471,0.07322381353552374,0.18288402134231957,0.04338668913226622,0.2241645605167088
2024-01-01,Democrat,16252,0.062392320945114446,0.11014029042579375,0.10749446222003446,0.08737386167856263,0.12939945852818116
2024-01-01,Republican,16539,0.0252735957433944,0.07999274442227462,0.21857427897696355,0.04335207690912389,0.2590241247959369
2024-02-01,Democrat,17519,0.06547177350305383,0.11718705405559678,0.11387636280609624,0.09823620069638678,0.1437296649352132
2024-02-01,Republican,17187,0.02554256123814511,0.0694129283760982,0.23721417350322918,0.0445685692674696,0.284924652353523
2024-03-01,Democrat,19308,0.050911539258338516,0.1305158483530143,0.08027760513776673,0.06821006836544438,0.10586285477522271
2024-03-01,Republican,19203,0.023121387283236993,0.07196792167890434,0.26063635890225484,0.04056657813883247,0.31443003697338956
2024-04-01,Democrat,16646,0.0544875645800793,0.11906764387840922,0.07052745404301333,0.07437222155472786,0.09377628259041211
2024-04-01,Republican,15286,0.023681800340180557,0.07274630380740547,0.2215752976579877,0.047690697370142615,0.25565877273321996
2024-05-01,Democrat,16975,0.06574374079528719,0.1487481590574374,0.08624447717231222,0.08771723122238587,0.10780559646539029
2024-05-01,Republican,17841,0.02993105767613923,0.09965809091418643,0.22005492965640938,0.051342413541841825,0.2536853315397119
2024-06-01,Democrat,16817,0.054290301480644586,0.11726229410715347,0.12416007611345663,0.07260510198013914,0.15490277695189392
2024-06-01,Republican,16851,0.02735742685894012,0.08064803275769984,0.2380867604296481,0.045041837279686664,0.2789151979111032
2024-07-01,Democrat,15061,0.05491003253436027,0.11878361330588938,0.11506540070380453,0.07376668215921918,0.1465374145143085
2024-07-01,Republican,17173,0.03016362895242532,0.06533511908228032,0.22325743900308623,0.05613462994235137,0.27065742735689746
2024-08-01,Democrat,12851,0.050501906466422844,0.14263481441132986,0.074157653100926,0.06513111820091821,0.10232666718543304
2024-08-01,Republican,13212,0.02081441114138662,0.09120496518316681,0.26233726914925826,0.03678474114441417,0.31509234029669997
2024-09-01,Democrat,14702,0.053938239695279555,0.11671881376683445,0.11059719766018229,0.07461569854441573,0.13433546456264453
2024-09-01,Republican,14520,0.02830578512396694,0.08760330578512397,0.218732782369146,0.04648760330578512,0.26019283746556476
2024-10-01,Democrat,16928,0.04318289224952741,0.1369328922495274,0.08010396975425331,0.055824669187145556,0.0983577504725898
2024-10-01,Republican,15998,0.02287785973246656,0.1045755719464933,0.1995874484310539,0.04144268033504188,0.24003000375046882
2024-11-01,Democrat,11356,0.059528002817893624,0.14943642127509688,0.06745332863684396,0.07264882000704473,0.09149348362099331
2024-11-01,Republican,14027,0.02880159692022528,0.10130462679118843,0.11620446282170101,0.04206173807656662,0.14087117701575533
2024-12-01,Democrat,8510,0.06286721504112809,0.09341950646298472,0.11351351351351352,0.09529964747356051,0.13842538190364279
2024-12-01,Republican,11846,0.024480837413472904,0.06289042714840452,0.11235860205976701,0.036974506162417695,0.13388485564747593
2025-01-01,Democrat,12295,0.044570963806425376,0.09499796665311103,0.2217161447742985,0.06628710858072387,0.2541683611224075
2025-01-01,Republican,15665,0.03396105968720076,0.09045643153526971,0.1024577082668369,0.046600702202361954,0.12550271305458027
2025-02-01,Democrat,14675,0.020851788756388417,0.04497444633730835,0.36163543441226575,0.041567291311754684,0.39373083475298126
2025-02-01,Republican,15557,0.024426303271839044,0.0802854020698078,0.09526258276017227,0.037282252362280645,0.11332519123224272
2025-03-01,Democrat,15571,0.02678055359321816,0.054010660843876436,0.3793590649283925,0.04842335110140646,0.4138462526491555
2025-03-01,Republican,17381,0.021402681088544963,0.08497784937575513,0.11483804153961222,0.034750589724411717,0.13940509752028077
2025-04-01,Democrat,15047,0.021200239250348907,0.05854987705190404,0.37203429255000997,0.04299860437296471,0.400212666976806
2025-04-01,Republican,15117,0.02235893365085665,0.08685585764371238,0.08685585764371238,0.03380300324138387,0.10696566779122842
2025-05-01,Democrat,15247,0.02656260247917623,0.07424411359611727,0.35961172689709453,0.045517150914934086,0.39352003672853675
2025-05-01,Republican,15413,0.026276519820930384,0.12002854733017583,0.08499318756893531,0.037565691299552326,0.10614416401738792
2025-06-01,Democrat,16041,0.026806308833613863,0.05697899133470482,0.32591484321426345,0.054547721463749144,0.3561498659684558
2025-06-01,Republican,17614,0.025888497785852164,0.08657885772680822,0.0914613375723856,0.04167139775178835,0.10945838537526967
2025-07-01,Democrat,16907,0.023067368545572838,0.05660377358490566,0.37854143254273376,0.046253031288815284,0.40492103862305556
2025-07-01,Republican,17725,0.02392101551480959,0.09337094499294782,0.08846262341325811,0.03339915373765867,0.10465444287729196
2025-08-01,Democrat,12864,0.025575248756218905,0.08449937810945274,0.3216728855721393,0.041666666666666664,0.35152363184079605
2025-08-01,Republican,12551,0.01808620827025735,0.12620508326029797,0.08079037526890287,0.027487849573739145,0.09871723368655884
2025-09-01,Democrat,16510,0.029557843731072078,0.06311326468806784,0.33930950938824955,0.05947910357359176,0.37086614173228344
2025-09-01,Republican,18417,0.03084107074985068,0.09518379757832438,0.1379703534777651,0.04886789379377749,0.15778899929413043
2025-10-01,Democrat,19522,0.01726257555578322,0.04384796639688557,0.4249052351193525,0.03954512857289212,0.4801762114537445
2025-10-01,Republican,21050,0.015011876484560571,0.06665083135391923,0.3361520190023753,0.03353919239904988,0.3814251781472684
2025-11-01,Democrat,16407,0.026513073688059975,0.08295239836655086,0.3325409886024258,0.047114036691656,0.37057353568598767
2025-11-01,Republican,16859,0.02526840263360816,0.10676789845186548,0.1765229254404176,0.03974138442374993,0.2122308559226526
2025-12-01,Democrat,16408,0.038091175036567525,0.06100682593856655,0.2861409068746953,0.06448074110190151,0.3177108727450024
2025-12-01,Republican,18102,0.027400287261076125,0.10700475085625898,0.09181305933046072,0.04093470334769639,0.11788752624019445
2026-01-01,Democrat,19809,0.02377707102832046,0.05088596092685143,0.2963804331364531,0.054773082942097026,0.323943661971831
2026-01-01,Republican,21291,0.024376497111455543,0.10069982621765065,0.0772626931567329,0.042506223286834816,0.09450002348410126
2026-02-01,Democrat,19735,0.02310615657461363,0.06693691411198378,0.2836584747909805,0.04312135799341272,0.30559918925766405
2026-02-01,Republican,24024,0.023851148851148852,0.10968198468198469,0.09178321678321678,0.038544788544788544,0.11496836496836497
2026-03-01,Democrat,22015,0.020486032250738133,0.07163297751533046,0.29484442425618895,0.041744265273677035,0.3151941857824211
2026-03-01,Republican,25493,0.022712117051739693,0.09018161848350528,0.13572353194994705,0.03930490722943553,0.15957321617698977
2026-04-01,Democrat,21297,0.02446353946565244,0.0688829412593323,0.2966615016199465,0.047987979527633,0.3186364276658684
2026-04-01,Republican,25446,0.02173229584217559,0.09950483376562132,0.07561109801147528,0.03399355497917158,0.08987660143048024
2026-05-01,Democrat,19245,0.02707196674460899,0.09628474928552871,0.26183424266043126,0.041517277214861,0.2856326318524292
2026-05-01,Republican,25969,0.02545342523778351,0.12245369478994185,0.06272863799145134,0.03808386922869575,0.07755400670029651
2026-06-01,Democrat,20802,0.029372175752331506,0.07537736756081145,0.2849245264878377,0.06033073742909335,0.3131429670224017
2026-06-01,Republican,27122,0.02654671484403805,0.09958705110242608,0.06371211562569132,0.03908266352038935,0.08034068284049849
2026-07-01,Democrat,18835,0.03312981152110433,0.07406424210246881,0.2813379346960446,0.060631802495354395,0.3074064242102469
2026-07-01,Republican,25725,0.02791059280855199,0.09574344023323615,0.06822157434402332,0.041671525753158405,0.0875801749271137
2026-08-01,Democrat,10338,0.030663571290384987,0.1028245308570323,0.2640742890307603,0.049526020506867864,0.2906751789514413
2026-08-01,Republican,14331,0.024841253227269555,0.11087851510711046,0.08038517898262508,0.03684320703370316,0.1041099713906915
