mo,distance,biggest_gap,gap_sign,gap_anger,gap_disgust,gap_fear,gap_sadness,gap_joy,gap_optimism,gap_love,gap_trust,gap_anticipation,gap_pessimism,gap_surprise
2011-03-01,0.08282798343302362,optimism,Democrats higher,0.018125904017953776,0.01228656970008421,0.019127125792645056,0.013049804118022479,0.03935424536969556,0.047159237928275644,0.012022966509646738,0.004870986776802214,-0.04280696503139575,0.004361837650697323,-0.007234075625520253
2011-04-01,0.14888668582597872,anger,Democrats higher,0.08597120910651856,0.08388558087141593,0.02182473466512863,0.037447101067347346,-0.035435530755877076,-0.02438794873777894,-0.008085407712128623,-0.011300605134863279,-0.05858646664809336,0.01727811877130167,-0.009293410615303865
2011-05-01,0.09747904102486911,anger,Democrats higher,0.05610818428573347,0.0481178713703892,0.011659552196189762,0.009185007520298272,0.021577980027517818,0.024366772956039784,0.008715846463988028,-0.0020835243364203254,-0.051102140064870794,0.0034433546221970535,-0.007446792573857525
2011-06-01,0.05985332081424626,optimism,Democrats higher,0.017170445383614175,0.003309372647692571,0.0029687412425191545,-0.010562174908150632,0.0308101462233199,0.0420966942965752,0.0022322940731291097,0.009742521401676293,-0.01670324607146323,-0.006510489247969473,-0.003686375792051666
2011-07-01,0.06956056303959013,joy,Democrats higher,0.008538970719655425,0.0012769126410447917,0.014609233648412878,0.002365715499442561,0.046159849772320016,0.025885419877689886,0.011310303361340875,0.0011902650298423884,-0.03984011142642635,-0.001255022012567622,-0.005115187287499892
2011-09-01,0.14315911387775804,joy,Democrats higher,-0.05105407117579633,-0.06035794054238261,-0.004809806992422977,-0.02432743471930829,0.08252536521929316,0.07975568652274628,0.006496412197750545,0.014865520210208871,-0.005181910260045608,-0.01134659137306896,-0.006307500551818154
2011-10-01,0.10108911128176522,optimism,Democrats higher,-0.02613160158211117,-0.03131607455025384,0.005334209096180445,-0.0008764112956559655,0.05566639751947189,0.061560953943710306,0.01933364386874227,0.009266015729984686,-0.03304233310537652,-0.0019349423024318455,-0.009085259217290698
2011-11-01,0.05667672631902879,optimism,Democrats higher,0.0036540414119518028,-3.5925219975418976e-05,0.01653848900161159,0.009257530513229903,0.016122126660372493,0.038259005507914834,0.0027663300267071617,0.0026991560822787614,-0.030119672413039145,0.006709088238898361,-0.012200634416847406
2011-12-01,0.10958711656486801,anticipation,Republicans higher,0.04360826600655007,0.04356457093657312,0.015722058356103644,0.03611794871048843,0.012673624634029879,0.015584656232199956,0.00449680883203539,-0.008164894381416252,-0.07592907803671933,0.014250850624620351,-0.014120672002666104
2012-01-01,0.22878641525184384,optimism,Democrats higher,-0.06967893488308505,-0.0877493558599336,-0.00413009464677809,-0.03192330205394754,0.1326659959260289,0.13519213477004383,0.036562046814560586,0.02905578127981076,-0.01849935988164031,-0.016895175614729946,-0.008129621198776846
2012-02-01,0.1741611325008524,joy,Democrats higher,-0.055798357856466,-0.0690330215795372,-7.81022256524655e-05,-0.0354077106803361,0.10393281069612764,0.09609936631470944,0.020106935698487663,0.020848049414435105,0.0016147000595216343,-0.01784393178022095,-0.0015207432410761362
2012-03-01,0.08500058911631649,joy,Democrats higher,-0.012535916334943775,-0.023616399275029176,-0.003562715338274819,-0.002685114995695015,0.05244696187965947,0.04994366885048124,0.017080932724889836,0.0055640071345248315,-0.028579043340130783,-0.004400771198609717,-0.00929596911284894
2012-04-01,0.07479726518753249,optimism,Democrats higher,-0.0027723847219397746,-0.012287137100823381,0.037892958173368824,0.004344616543258142,0.00664236514873795,0.056098198813644806,-3.941100547187604e-05,0.010855358734134693,-0.022439961337520686,0.005351674018261851,-0.01183458834564588
2012-05-01,0.07404916213300075,optimism,Democrats higher,0.0015378536917034502,-0.006458083549289673,0.00602932232587014,-0.0013245243072812496,0.031041698915374116,0.06302728495512872,0.008063040911131594,0.011660069987718902,-0.013949595047716923,0.00010488172007730445,-0.008336767943970355
2012-06-01,0.20750134987572588,optimism,Democrats higher,-0.059593998713284885,-0.07127239066918539,-0.008147691885080424,-0.03211025553454934,0.12398955124054822,0.12685081658970976,0.019953535892085733,0.024680905356674318,-0.022109926160667925,-0.017294207892975498,-0.008269874288882956
2012-07-01,0.16355647835167642,joy,Democrats higher,-0.04595134242357851,-0.06356317920101046,-0.027134882998328294,-0.02918154562077198,0.10253526073274594,0.08510349409706575,0.01865762365476553,0.02258064349764477,0.002921742283590767,-0.019646300724620133,-0.001569400387880046
2012-08-01,0.14591666314725782,joy,Democrats higher,-0.03812196471878526,-0.04884308061820347,-0.012386961248023257,-0.02047156897372704,0.0901927027560041,0.0878987651236331,0.01188923090602026,0.025765722142772243,0.0028061922881059687,-0.013605033150944412,-0.0045940710229291915
2012-09-01,0.1923349893271927,joy,Democrats higher,-0.05453922908234457,-0.07271302147456044,-0.024268889594181275,-0.05001674048916316,0.10889961928719133,0.1052455942791432,0.00558210709334106,0.03204833847055864,0.030059267522332844,-0.027252683851983414,0.0003119805034767359
2012-10-01,0.17273065215624014,optimism,Democrats higher,-0.053169880532592154,-0.06658802566927491,-0.038759212594133674,-0.037106180357598606,0.07978237341841393,0.10760012560162363,0.01212690563559958,0.029738574589194128,0.016869289183062908,-0.019173219445610956,-0.008311894861367533
2012-11-01,0.10496616237787021,optimism,Democrats higher,-0.010857393246369418,-0.023795914397574003,-0.032169441594494155,-0.02065734929595134,0.0586134738181216,0.06982480842446642,0.005858821291810645,0.01420428911182614,-0.010657346861723926,-0.013122710282338662,-0.006265165109544418
2012-12-01,0.07307244407999279,optimism,Democrats higher,0.034520448173786134,0.018051965426383543,0.0118811410502217,-0.0017901362886538208,-0.014708968507141817,0.04988898319623025,-0.02281168071120164,0.015534379867868278,-0.010627826759346981,0.0038959357930790084,-0.00908834607531496
2013-01-01,0.17468359227893349,optimism,Democrats higher,-0.05844306171378649,-0.07455345629363522,0.02427431554584948,-0.03731006836957265,0.07565309008573912,0.1084890980371424,0.026553149688081465,0.030702100255547204,-0.009974502513397598,-0.01621161188703485,-0.007482933612158252
2013-02-01,0.12944470762586477,optimism,Democrats higher,-0.025572916764078635,-0.03778174469326237,0.04804813692668242,-0.005506465934672522,0.03394561646410105,0.0952403595787717,0.008390042843360243,0.027513661516340465,-0.03145263543017002,0.0022120814268699607,-0.01705773902744119
2013-03-01,0.12783359520744605,optimism,Democrats higher,-0.020209515878611167,-0.031200974042724344,0.00912650859466152,0.0011869765909852392,0.07178901997114912,0.08036717315648317,0.028216857493512673,0.015959924812317713,-0.04552114705159083,-0.0004998051525991198,-0.011786428099863133
2013-04-01,0.14558426175057407,optimism,Democrats higher,-0.042365815715626864,-0.054010707132219116,-0.006291823883763217,-0.018936948202236764,0.07611517498168358,0.09163091722213501,0.025216646186899977,0.02158664065828811,-0.023228211835136348,-0.010448651342193374,-0.01200966673443768
2013-05-01,0.21559001149334867,joy,Democrats higher,-0.08895860453630519,-0.09173745621881813,-0.039971232883342284,-0.010579291066728044,0.1219712767647591,0.10560263365853417,0.0377652139128099,0.018055970478773317,-0.021661832935372327,-0.007691901470701999,-0.011423642416380178
2013-06-01,0.15454976800739206,optimism,Democrats higher,-0.04681802867231327,-0.05453230857000635,-0.02142714684291623,-3.8726307453496034e-05,0.0846279758317055,0.09909236248869507,0.016364342105125468,0.02326919783138852,-0.018899931646430834,-0.0016229787638287613,-0.01051317503553749
2013-07-01,0.1754572430459158,optimism,Democrats higher,-0.06441672390516645,-0.07646543948539275,-0.019648526671257813,-0.021848278958147394,0.09476549543803309,0.09684907946922333,0.024483274483395642,0.027601127566026867,-0.0036661860763056997,-0.012542519034717522,-0.005753476604730315
2013-08-01,0.16620005907585286,optimism,Democrats higher,-0.0634970674464785,-0.06805464788597361,-0.009327264167927243,-0.008517967344707306,0.07276551897612671,0.10956454865235588,0.019044360173710057,0.029545199261939922,-0.011344845921674118,-0.003666292874775115,-0.011073778918837623
2013-09-01,0.11006479595381699,joy,Democrats higher,-0.04545801457520976,-0.04233886951654675,-0.00850538070608281,0.011730400601590585,0.0669267843741781,0.051163562035340115,0.017467144399182497,0.009609922655506281,-0.022952533133077158,-0.0006288619931909961,-0.004871756327752191
2013-10-01,0.1434312803967044,optimism,Democrats higher,-0.027947503131677265,-0.048201932814233905,-0.011887556522113443,-0.016799285949835346,0.07643861826029386,0.0986320021740224,0.022025829055086488,0.021679261384142348,-0.01745016337055305,-0.007233010350830696,-0.012705375039914396
2013-11-01,0.25731339826750166,joy,Democrats higher,-0.08293670425274066,-0.10633920899594623,-0.03984083529107256,-0.0510958662834269,0.1449646490339903,0.13782857378166424,0.04042583125982585,0.037534157437758967,-0.006397901570529663,-0.02650864746591891,-0.005235778357703308
2013-12-01,0.17774622366576584,optimism,Democrats higher,-0.057273085718371475,-0.07285153082020537,-0.022414597849715237,-0.009372075918583356,0.0871641138959009,0.11340975517958507,0.021438192813049914,0.029144774853471597,-0.02013640373354947,-0.009192904604616317,-0.012552471836690504
2014-01-01,0.13575200391550965,optimism,Democrats higher,-0.049012033495723584,-0.05277744080410779,-0.024914188736309406,0.0056223671227244865,0.0658920782228784,0.07760639791195778,0.02441896803042211,0.013242762106093556,-0.03625285901178593,-0.0016253095598364742,-0.01164276317916979
2014-02-01,0.22141349548220765,optimism,Democrats higher,-0.09211483406370241,-0.10346500741697068,-0.040564380928048954,-0.029459682559983255,0.11162213272529653,0.11346138997935845,0.028776288242527953,0.02773353480778734,0.0005429889180040282,-0.01875826511096071,-0.006169690071614359
2014-03-01,0.15782052404116692,optimism,Democrats higher,-0.07247678931272916,-0.07481729575604507,-0.018443162664066134,-0.012397173328591748,0.07141868724471673,0.08648318357296653,0.01756480995304685,0.02247873542961004,0.0031193147847974334,-0.008223313829118055,-0.009582582155816713
2014-04-01,0.13306337161149387,optimism,Democrats higher,-0.025097332236797304,-0.03252907051413956,-0.03756042340185435,-0.0022342040105130523,0.06384243691103791,0.09139657793916856,0.025590694070851683,0.022606817708084037,-0.02867803591604856,-0.002279947558136902,-0.013390158046059225
2014-05-01,0.08673929903039528,optimism,Democrats higher,-0.029494663293857304,-0.031598306392979086,-0.01769485594143619,0.013618297757543543,0.03733104153814071,0.05332291845302173,0.014259824896922707,0.01147704894583701,-0.021671311463206278,0.0035803626115375325,-0.010113437384441648
2014-06-01,0.1443110540520695,optimism,Democrats higher,-0.05123341901165959,-0.05857965780299948,-0.012875056398162096,0.005747176772788354,0.043315261930507276,0.1072565559942894,0.006796412271542512,0.02853394644740556,-0.007420075134608406,0.004292847226431598,-0.016012481998725528
2014-07-01,0.18055275655614905,optimism,Democrats higher,-0.06592796296166226,-0.0743752222167414,-0.020741995207355313,-0.007821533545585943,0.08958606015940046,0.11259617195339955,0.01990000183141427,0.02952866654873565,-0.010781062772220462,-0.004041206194551006,-0.011209200296541419
2014-08-01,0.09296703972079834,optimism,Democrats higher,-0.017212407571895683,-0.024981937530036885,-0.01591073824110524,0.007531717887011638,0.023020296018067765,0.0726336893259053,0.008162869318514426,0.022341198618815936,-0.02703874776019788,0.0025094330507436508,-0.017432393748489733
2014-09-01,0.09932451409972935,optimism,Democrats higher,-0.026323002195417944,-0.0329007249528043,-0.02349759951425738,0.0022298030206614194,0.04049440892415834,0.07243999214644897,0.01145066141997933,0.016187274711047542,-0.01113928227957528,0.0020690131270607315,-0.011136974403284927
2014-10-01,0.14073807701241434,optimism,Democrats higher,-0.03446950750793937,-0.04257761560270226,-0.027853141635733908,0.013233161777913172,0.06188110102687827,0.09677395607296846,0.02845781560237226,0.019610088678509857,-0.0343629220411687,0.0031175826666968026,-0.016609940856003147
2014-11-01,0.22533403339282898,optimism,Democrats higher,-0.09825767018818868,-0.10277887557418325,-0.007360529206118141,-0.006396621819755519,0.09681752037693458,0.13179204551367668,0.046889575488611446,0.03347217828200075,-0.016232496588909295,-0.0037675441919196376,-0.011080729816610999
2014-12-01,0.09621415456654542,optimism,Democrats higher,-0.04348518120501235,-0.04314804418524659,0.0005683440270323886,0.013912781164406834,0.027335091264444222,0.060781098215029306,0.010193349211824992,0.014427482954731466,-0.021147744214555064,0.00482757118355745,-0.00929634695610193
2015-01-01,0.08478738543284364,anticipation,Republicans higher,-0.01392229575311732,-0.0121855303155525,0.0011692655522625717,0.02001553078478026,0.032275256887836834,0.033312741231546816,0.02648373754685679,0.0010586373538481741,-0.058590783015446235,0.003766348415942769,-0.011982878123134033
2015-02-01,0.08747710610193454,optimism,Democrats higher,0.001116971209289691,-0.0001433698641564729,0.03569146829887446,0.016576513115743347,0.01980077728893026,0.05970420243854496,0.014770532924450977,0.013621529493139925,-0.03800916942078686,0.009828930143189078,-0.014164466437945916
2015-03-01,0.09549403575788251,optimism,Democrats higher,-0.011537509013943292,-0.014355425791050092,-0.014297123288172772,0.015570326121841976,0.029547392933890415,0.07313042280580839,0.01020558466759855,0.018995413625815444,-0.03661807465552164,0.006298511470564511,-0.01632281247791889
2015-04-01,0.06877651324382753,optimism,Democrats higher,0.003460408597010467,0.002820676779852621,0.0017776289753672209,0.023568943486052193,-0.016155259269081568,0.0433755885274798,-0.0007244188822741748,0.012868548226519783,-0.03727648885498436,0.01281222947907381,-0.017011020636310034
2015-05-01,0.0503274816597018,sadness,Democrats higher,0.008414443049591935,0.013236034205542008,0.004355823509038861,0.02751034371291068,-0.017867348220987456,0.015775689250371427,0.0014127954427947675,0.0037893147080034773,-0.024316243956143235,0.015505344000796027,-0.009741813682608721
2015-06-01,0.07114729205781099,optimism,Democrats higher,0.005423202329770893,0.00420673614267339,0.013976989633055686,0.014214887523887262,0.011130397252646418,0.04784152454408408,0.00887254480402519,0.011558330491792668,-0.04117510741442465,0.010345648133296421,-0.013783104639673582
2015-07-01,0.13933353119702852,optimism,Democrats higher,-0.02888201099829077,-0.03451057678604463,-0.022812805667650746,-0.0030056421743946543,0.06782507623336509,0.09902415932011532,0.018600133214471584,0.028618012961564215,-0.033707814259004876,-0.0018765187832153751,-0.012186290562221896
2015-08-01,0.10075263261939708,optimism,Democrats higher,-0.02366132284171725,-0.024358439600740217,-0.00021769772316747316,0.028852142503691114,-0.010851164090597831,0.0745251064919763,-0.0104836739167056,0.028716966007151123,-0.02966622291803722,0.012894121760797433,-0.02264406563694389
2015-09-01,0.13068945833581977,optimism,Democrats higher,-0.028091174770925403,-0.028367656387194712,-0.0014422828872386884,0.019825953065959204,0.03213879298496913,0.1017860278560081,0.013016436939618653,0.029706312748655483,-0.04680059505958267,0.012355686024295258,-0.0173953756003183
2015-10-01,0.08831934660204706,optimism,Democrats higher,0.00667789159917892,0.006511700011355759,0.030044148271968718,0.0233169733012539,-0.008696708786255225,0.05535991459578571,0.0077335933462584355,0.01051931559465763,-0.05026873008175886,0.015602018600015068,-0.013630585417580443
2015-11-01,0.09936452001784549,optimism,Democrats higher,-0.01167404583307452,-0.017444067209089864,-0.0016843167386467184,0.017966807841250973,0.0038422573302543395,0.08521351249055698,-0.020616807065366838,0.028126707627533,-0.017134531826206,0.010640318599446918,-0.014422457345467675
2015-12-01,0.1193318708369849,optimism,Democrats higher,-0.012389650656799228,-0.019064903480391165,0.022137762632374797,0.020534189524507168,0.012780110769887276,0.10170043544475699,-0.0063536547485707195,0.02956260873596467,-0.03156700977978594,0.012790490891189804,-0.015188436620886613
2016-01-01,0.14796980831357517,optimism,Democrats higher,-0.0296860726606126,-0.036296146556224373,0.013579864469468336,-0.0011252306164555859,0.04129625515538582,0.120158109474995,0.01575846766390228,0.032140311354882906,-0.04136837265657145,0.004167783850099194,-0.018902872441085558
2016-02-01,0.12695286800160396,optimism,Democrats higher,-0.029856939587293185,-0.0337141605092732,-0.020830461169100395,0.004664216671671537,0.04384264389274439,0.09747951407391153,0.026578613570734516,0.027007858344948232,-0.024625420823941868,0.004018457736963681,-0.012265669616272068
2016-03-01,0.07911299457035564,optimism,Democrats higher,0.009743063274737812,0.003165947792184265,-0.01707156014323176,0.004522464302230106,0.010212478087326837,0.0692343682096882,0.0024069017413346216,0.021748147251683003,-0.016870546690084365,0.0049006976024844814,-0.012526964350406677
2016-04-01,0.09181320647399288,optimism,Democrats higher,0.020489098919670573,0.013219911166123754,0.009332575021340439,0.024710765391054795,-0.012581047924205446,0.06245526106752053,0.0009759829602359049,0.019302230155133965,-0.04670501975884678,0.014266076217377098,-0.017889268839644826
2016-05-01,0.07983756936461964,anger,Democrats higher,0.043215962465195795,0.0378536123367445,0.0195542387164281,0.012632018327145084,-0.03925049275638515,0.009633182590020994,-0.015170529901345459,0.0064509273998557826,-0.02012085396908525,0.010970211816690487,-0.010061452307418506
2016-06-01,0.20081806298375093,anger,Democrats higher,0.1160827820734125,0.09900968988179054,0.0556855653781535,0.03228525445243233,-0.0881754513332556,-0.01060185370751382,-0.028966077835236304,-0.00440175995102686,-0.05828574604192016,0.020684935939743868,-0.018322940469104418
2016-07-01,0.129403733565514,anger,Democrats higher,0.07628918693240483,0.06346907683739339,0.02673720654008635,0.028822992543300674,-0.04304422809649111,-0.002433890877453715,-0.00474651530658865,-0.0031687300947899066,-0.05468543215097449,0.01669089997987372,-0.013817999265645545
2016-08-01,0.06892539213636847,optimism,Democrats higher,0.02553095889739687,0.016159354209650062,0.0028781666440499815,0.015728566709097072,-0.01744331824866352,0.042059326725203405,0.004027110152365315,0.011520097028526965,-0.03242383379791175,0.00950569573445642,-0.014772732283739154
2016-09-01,0.0789832668749168,joy,Republicans higher,0.03190004908772684,0.029453405770003882,0.019035324832869738,0.027512685475631432,-0.044797803274490844,-0.006752844072341557,-0.013997602352587235,-0.0011379250604529045,-0.025476218740618894,0.016080906749309717,-0.008754635335580907
2016-10-01,0.06383171901963404,optimism,Democrats higher,0.013963095334264652,0.007262615797741012,0.01578160663282406,0.010238387962373294,0.0011903909922141853,0.041271430324131275,0.017541229097083028,0.014837033492855312,-0.0324338079518548,0.0039712593026784496,-0.013137273916438763
2016-11-01,0.16140579387159745,joy,Republicans higher,0.07917158533982958,0.07440301572788609,0.029169043551215385,0.025626695650636577,-0.09452265615705957,-0.040931936044148354,-0.033455174141929694,-0.007542056101646627,-0.026293978938717044,0.01261075638923452,-0.010189665425226993
2016-12-01,0.20707368960255165,joy,Republicans higher,0.09526723179031957,0.09060707063875775,0.05218657896045467,0.03243985949885379,-0.12556621454996997,-0.0555290285238923,-0.03800967874098102,-0.011218264286211144,-0.028880508926087345,0.02228677272417432,-0.008156365850821634
2017-01-01,0.46657212051262525,joy,Republicans higher,0.2295846958700659,0.2250960347315016,0.08388167367502382,0.07522994642120105,-0.24394266488441757,-0.16086766400349856,-0.05794006252379211,-0.04824957009130801,-0.09249690066800487,0.03962804244634995,-0.020468191897783997
2017-02-01,0.47944090037603254,anger,Democrats higher,0.24928655484720885,0.23755088300015362,0.07252330023676172,0.06635752338382177,-0.2425304863915117,-0.16647561550321371,-0.06580188945567884,-0.04681806841889176,-0.08328357730212455,0.03597289755931241,-0.01841812544287369
2017-03-01,0.5868193957904941,anger,Democrats higher,0.3054281628722125,0.3024419719265078,0.08441686832574948,0.11350035211958542,-0.26787617149452886,-0.21088891535494358,-0.06429065562599112,-0.0552004639591938,-0.11486343941416366,0.0514020414338684,-0.01852078709270412
2017-04-01,0.40417187647520325,joy,Republicans higher,0.20897029031943248,0.20068857604704282,0.06631119050163012,0.07288250804007207,-0.21398420748463093,-0.1109593946433684,-0.05937757215966247,-0.025458778953396155,-0.07378931793197946,0.038789122698283544,-0.02183693392313424
2017-05-01,0.5000741733154282,anger,Democrats higher,0.2716996061086875,0.26072133324672475,0.06839036393488435,0.07443017470743078,-0.24265905585096614,-0.15906795766473691,-0.0774543953799325,-0.032119487624732726,-0.07073427031051294,0.040388193687992,-0.014469826696271282
2017-06-01,0.4685339482750562,anger,Democrats higher,0.24227415456275936,0.24157227277257629,0.06566420684019002,0.09516204680078096,-0.22313220120365906,-0.1557476382022296,-0.05556389362884766,-0.03598054465801721,-0.08958679330303043,0.04821141635278881,-0.01803170662000171
2017-07-01,0.4448347472918496,anger,Democrats higher,0.2426509535759275,0.23372465228335124,0.057097838107697446,0.07349029510808919,-0.2150086764467436,-0.12472757230018416,-0.0567913197390099,-0.028016355958448924,-0.08968790868114496,0.038234891979434006,-0.020213141364788995
2017-08-01,0.3262909387940538,anger,Democrats higher,0.1877916286792359,0.17040461186437245,0.034092900719656566,0.043006993923012396,-0.16194309211256425,-0.07512280870097998,-0.04040837039834534,-0.007494550180690812,-0.06828430946508929,0.023942216239625717,-0.018879592112404774
2017-09-01,0.3470425481784219,anger,Democrats higher,0.19555383740194338,0.18622346914331422,0.042298497424174616,0.0622834623903486,-0.16217191150176796,-0.08862747441290253,-0.04109960921939872,-0.01443682220896153,-0.06704963766910926,0.03287619890666745,-0.014865991778748297
2017-10-01,0.4455651645706853,joy,Republicans higher,0.19468950417150752,0.1996185357207132,0.0818433779722022,0.07171789488034655,-0.24656350096694674,-0.18601718207783152,-0.058743163265648504,-0.04801735592182965,-0.0776190037881086,0.03847668078966599,-0.016655798570539573
2017-11-01,0.5642434168769445,joy,Republicans higher,0.2771228109016397,0.27763486326039516,0.07662243871184257,0.09626724889258614,-0.2870950273371545,-0.22293199926452256,-0.07013230988423806,-0.05913423129956093,-0.07869005384963218,0.05002608680811114,-0.011032651120640995
2017-12-01,0.6012361398044543,joy,Republicans higher,0.30005626333637014,0.2955059493406388,0.08189978689859392,0.10510599373878189,-0.30603120570896597,-0.23246008833089982,-0.06405409389259,-0.0654742414287456,-0.08428354877709321,0.05502001134343774,-0.012609937262170322
2018-01-01,0.3880547821671695,anger,Democrats higher,0.20100261800467856,0.19276109753118204,0.06622432107045724,0.0676075712034268,-0.19987192820424005,-0.1277241672229773,-0.0361940797892515,-0.030074156537419378,-0.06139377276803315,0.0403087648734201,-0.01415866063418083
2018-02-01,0.43995573427305074,joy,Republicans higher,0.22350588839685795,0.21535382761575567,0.09882365731684178,0.07359217367742617,-0.23306716798042376,-0.1316635788227783,-0.05479842861418058,-0.02323627467324979,-0.06769586052635135,0.04480267571297832,-0.016080028896497345
2018-03-01,0.32494674515674443,joy,Republicans higher,0.16411059869275213,0.15618794539001105,0.09149949255189195,0.059909620687401036,-0.17015177792470682,-0.08189454691269293,-0.03689091866464135,-0.01263466693227644,-0.059454974079918566,0.037352172844845904,-0.013896284355676587
2018-04-01,0.39473598162160356,anger,Democrats higher,0.20241296735096756,0.19938339626858115,0.06769724496061325,0.06793003273982197,-0.1997084700914868,-0.12449416149582188,-0.055392329374336274,-0.030026653812824794,-0.06780552612295809,0.04209914333988748,-0.013123802640952205
2018-05-01,0.42106936602287154,joy,Republicans higher,0.21394829337409008,0.20866703332444242,0.07890090188481938,0.0796667783333386,-0.21409806032819317,-0.14105436205700816,-0.05503374329529355,-0.03242626037585622,-0.0586182055231394,0.045226413777267264,-0.010744757045983426
2018-06-01,0.5799688319740481,anger,Democrats higher,0.29687435408990226,0.28875861313511175,0.11824550339031865,0.11292795170065492,-0.27126526996505756,-0.2055173191834731,-0.0764432292707787,-0.05126098236390074,-0.1031589879061352,0.054206622424641304,-0.01547903258142435
2018-07-01,0.5451287484149009,anger,Democrats higher,0.27265902315438595,0.26701450285081896,0.10820268110403453,0.10402584146537067,-0.2701372558634543,-0.19457785234971525,-0.06184958324774366,-0.05282755001316178,-0.09222490849415693,0.053333061218510766,-0.013993606864273943
2018-08-01,0.4884412712485638,joy,Republicans higher,0.24582888425748523,0.2333658773363287,0.09141733172362608,0.07675729747632545,-0.26546651575250796,-0.1633972823805636,-0.06567002258909108,-0.03775224787518733,-0.06474338960119747,0.04628324994940702,-0.013849854829518511
2018-09-01,0.45658895956050816,anger,Democrats higher,0.26145003864428085,0.24321908792510863,0.06016700476559722,0.07439827383568458,-0.21145291095866814,-0.1351505116804652,-0.05144445477803904,-0.022983370270097087,-0.06099916830874058,0.04323418048498673,-0.007987768699843668
2018-10-01,0.4487459313079625,anger,Democrats higher,0.23486928218820144,0.22444978403773652,0.08118381319650661,0.07803737724286322,-0.22929058704938982,-0.14391367271183586,-0.057921310030303125,-0.029379621375578202,-0.06033688427195483,0.04316328434801329,-0.01200059553422362
2018-11-01,0.38792232991281667,joy,Republicans higher,0.19681801054636738,0.18177644573768656,0.09173465213138483,0.0570878484300158,-0.21489876754857318,-0.10445709057267083,-0.08638190233757234,-0.011502184491616024,-0.025902922474212886,0.03950013044720103,-0.010551807527933797
2018-12-01,0.40807180077238364,anger,Democrats higher,0.21131222868078225,0.2054222784917597,0.08347134200161647,0.06729058420052272,-0.20395516310345696,-0.12234750121922028,-0.08514195093505099,-0.02875037308210654,-0.0409877320019611,0.04227352624567619,-0.008156952175412124
2019-01-01,0.3310058814856088,disgust,Democrats higher,0.17079176387810074,0.1709829645610583,0.05529609117009682,0.09534154538499774,-0.1274798011478756,-0.10771865578422307,-0.035946837401476986,-0.03276387565971417,-0.0823942090417013,0.04337016502690012,-0.011063125876044577
2019-02-01,0.20206079042955713,joy,Republicans higher,0.09776746084279156,0.09171312086793035,0.06337284810668314,0.05046005194737277,-0.10350009861335707,-0.03821764820067064,-0.025645264875558335,-0.009373722848039112,-0.04965085793647528,0.027448238960421256,-0.012626817372562549
2019-03-01,0.16615883419167293,anger,Democrats higher,0.09066361749503035,0.07819755094708261,0.03501487460960681,0.03892399724466784,-0.08741671388437633,-0.008511116866297352,-0.02811159468508076,0.012341324254147301,-0.03380997321652518,0.024054460487492754,-0.012428527190067908
2019-04-01,0.16484064405156013,anger,Democrats higher,0.08582381237373726,0.07968215772631759,0.040142840122002976,0.039246057430516096,-0.08567268710578912,-0.028646404555879856,-0.022528985676305208,0.0023508979646687522,-0.03256538281879051,0.02271265245066402,-0.007475814197852218
2019-05-01,0.22567911888824524,anger,Democrats higher,0.1194107248545179,0.11209597344079125,0.050914994028503135,0.049605320090175126,-0.1146520601210757,-0.04759232962788207,-0.03785893786717448,-0.0038943974846950558,-0.03546538646558228,0.0289174042581498,-0.010050457118263252
2019-06-01,0.17685350018628998,joy,Republicans higher,0.08326381285412526,0.07649255107561773,0.055363858113543635,0.05231313598159196,-0.09264545433301197,-0.01802702272181622,-0.03706520933873139,0.0028926055722900412,-0.038318018853020386,0.02826359419675324,-0.011572149877662766
2019-07-01,0.2281178192812747,joy,Republicans higher,0.1136292196628769,0.1060731280732973,0.06656406323376585,0.049841205235744396,-0.11788883098355768,-0.045889578388154884,-0.03451761235310474,-0.007697594878705499,-0.05330381543911461,0.02650722320809948,-0.012705633880131233
2019-08-01,0.33534564118949894,joy,Republicans higher,0.15515803385369425,0.1487788201033662,0.09711435502311302,0.0727838956749315,-0.1916215608512996,-0.08544227019822725,-0.0541355261374534,-0.013297594593912082,-0.04631565905673002,0.044446672771998125,-0.016477880224384914
2019-09-01,0.22583342249320698,joy,Republicans higher,0.11329020723538047,0.10854831230396256,0.06841000543755771,0.04993361476391045,-0.11837646073492769,-0.0427685655594785,-0.025193895358108953,-0.005074386349418231,-0.040631550657575066,0.030695236704294637,-0.010690834705972957
2019-10-01,0.08283275437978266,fear,Democrats higher,-0.0160165821553081,-0.008320457896093647,0.056357084952362524,0.03689428303922712,-0.027013066889724047,0.020824951073032283,-0.0027599620138951397,0.013716264726916783,-0.013916060140000852,0.020121932380264038,-0.006364633406619434
2019-11-01,0.09405035201468502,fear,Democrats higher,-0.00031616468026496314,-0.000836683236962732,0.06156612597075012,0.03515700258673876,-0.02643029234383254,0.04203942816536277,-0.01790551648537847,0.019267892327911096,-0.010139001287364113,0.020748842627687822,-0.011279145823104901
2019-12-01,0.12396339680708957,optimism,Democrats higher,-0.041092937377219085,-0.040701649055754074,0.048466319885817705,0.02570519306203556,0.003640346354069346,0.08610982451859145,-0.0005437431828156231,0.033502932337920094,0.0024382831260676974,0.018561988521586692,-0.010513806237919247
2020-01-01,0.10538021823344354,joy,Republicans higher,0.028187723774487472,0.030614441995881647,0.04644576375053641,0.04110668633838782,-0.06583188073301272,0.005203950091622445,-0.01077019761932034,0.007547901906051813,-0.015005174234226093,0.026084833018624506,-0.009315072075707788
2020-02-01,0.19390786063723373,joy,Republicans higher,0.08384046060009587,0.08569690150329484,0.05238909682682347,0.05808887945136858,-0.11160640509924735,-0.04630548901298226,-0.025955027846062045,-0.005236592589418887,-0.02369663200583072,0.033373883172581734,-0.011468281605291765
2020-03-01,0.09551529800124049,joy,Republicans higher,0.025432918517904468,0.030642029060723774,0.030281752910486903,0.03630553512217116,-0.06338334578909854,-0.019929164562418777,-0.013446154808710434,-0.00820975719441902,-0.0025962883548861226,0.024339806212302723,-0.006351553160329246
2020-04-01,0.11652610286150136,joy,Republicans higher,0.01031126070819538,0.019454457143367326,0.05334414696612408,0.051946347600720616,-0.07514436905304173,-0.021327587809522264,-0.014427478199123211,-0.005118053903676617,-0.006973803639705567,0.03337075864915168,-0.007168216530667473
2020-05-01,0.12060632139727584,joy,Republicans higher,-0.02026008874976898,-0.0054038031092314975,0.05132869107131041,0.06544392061345208,-0.07104904929435807,-0.006326606289415615,-0.022537116296577356,-0.004701983706997259,-0.004858710839270752,0.03819261087085753,-0.009400265622055176
2020-06-01,0.1255235737783936,joy,Republicans higher,0.04493315669421827,0.04163530638798352,0.046047373521975354,0.04668185579134343,-0.07596932603724987,-0.012221055422689697,-0.023875882402509166,-0.002072688513612281,-0.017447633460133838,0.028827487547584546,-0.008580999541931554
2020-07-01,0.12523967369892908,joy,Republicans higher,0.033880788197310496,0.039670288193865644,0.03379124899609387,0.06006388530996512,-0.07392146691395951,-0.02384108362091003,-0.021313558983062475,-0.005838433840526347,-0.021268681999954075,0.033707027435538855,-0.010205943807083194
2020-08-01,0.20667931640399503,joy,Republicans higher,0.07769593600787544,0.07985150006875569,0.051992741998858366,0.06078084673215378,-0.13033236784492513,-0.05865755104251863,-0.04233199059384944,-0.013871164096300459,-0.0050596259679027145,0.037055689740180184,-0.009772295705949952
2020-09-01,0.2054351503505256,joy,Republicans higher,0.06965104400938366,0.07911051629122076,0.054776828980296566,0.07089956947115561,-0.11686326735560482,-0.07275439181971088,-0.029595120971205882,-0.026274763445872346,-0.030100803732707737,0.03920430208523204,-0.010349612692512354
2020-10-01,0.17889481011366695,joy,Republicans higher,0.030662625385700637,0.04317043450082231,0.0751631183934025,0.062424228765632736,-0.11268714288821463,-0.05829675148757557,-0.039656581322014633,-0.022274663302898623,-0.0034697081829709875,0.03745764850070278,-0.008506973120292534
2020-11-01,0.10800192470969121,fear,Democrats higher,-0.015687751265716282,-0.007469541596416024,0.06897265798536484,0.03927187052644514,-0.05931045345396335,0.001934621396814662,-0.029122928685405086,-0.0017516882517731036,-0.004493345944660776,0.023958239351907176,-0.009804864043841913
2020-12-01,0.09502345880652179,optimism,Democrats higher,-0.03088327027778065,-0.027979985096455384,0.04144415673355367,0.027352758804536748,-0.013802781953064447,0.06023245401156241,-0.014692271423277614,0.017373381151856493,-0.0004366915857692,0.019732432135814465,-0.010064200776739765
2021-01-01,0.07660104007557987,fear,Democrats higher,-0.022542733845325957,-0.025618887953908542,0.04946772674027672,-0.0054116530607221935,0.0046042941413996785,0.03751479554288323,-0.02479176427663679,0.011099297353752702,0.005713586894977363,-0.0013304246354333554,-0.00510632959834436
2021-02-01,0.23625642854109502,optimism,Democrats higher,-0.11717162144708523,-0.12383906514102216,0.017838813629732275,-0.018939394065352083,0.07710036374157486,0.13206321290701373,0.0028856650805033773,0.04622800834695344,0.021995703876801165,-0.005878469835909547,-0.005098202863392597
2021-03-01,0.36887223408755493,optimism,Democrats higher,-0.1729021497679528,-0.18804590358994297,-0.03228668201294993,-0.029462022632659762,0.13095948702518373,0.2113113014269576,0.0076186361900238,0.07172823647084535,0.041835353183210966,-0.010207241138296907,-0.006296649228515139
2021-04-01,0.35954187091356665,optimism,Democrats higher,-0.17482260609819422,-0.1843920616998116,-0.02455536650662718,-0.019385812392239576,0.1333141838051914,0.20088824191209298,0.008873866634927285,0.06224101259524768,0.039585594545710645,-0.006890160109603069,-0.005680235099787233
2021-05-01,0.2837950046911559,optimism,Democrats higher,-0.1357622140328012,-0.14596560424227237,-0.02592861143290867,-0.02306264332546562,0.0997536497780182,0.15898568369310878,0.001181069893169101,0.045443370389957355,0.046612450549216033,-0.010251812556073783,-0.005151367777288217
2021-06-01,0.3633884442973389,optimism,Democrats higher,-0.16807421685127033,-0.1785000855962297,-0.03061296177021816,-0.035877395178639804,0.1406025929931834,0.20805814665920364,0.01237638913034432,0.06552040236102379,0.04447490749930649,-0.013687186520384087,-0.006845542682695174
2021-07-01,0.446982403988247,optimism,Democrats higher,-0.22356036623324546,-0.22696709238223353,-0.04195235877967049,-0.05792268162362939,0.16909848547659678,0.23019608550786957,0.014379670387154111,0.06913478426685944,0.07808403464127478,-0.022573464128613205,-0.0027068447230343823
2021-08-01,0.5436333198732326,optimism,Democrats higher,-0.26346349238373745,-0.27663122044788163,-0.049178606787178475,-0.08057759928392244,0.20479981562226363,0.28669323419474024,0.032512321050458454,0.09080478297580646,0.07959390464264432,-0.029524254569144037,-0.0065308308455530595
2021-09-01,0.474648523764827,optimism,Democrats higher,-0.23020525850404092,-0.2404432457651406,-0.04153508542710474,-0.05860578697511437,0.1681944120242852,0.2627242485921895,0.02671149262448591,0.08163643760840376,0.06480918666570534,-0.01880565698921155,-0.008872306212118472
2021-10-01,0.5160131908456629,optimism,Democrats higher,-0.24703136821513638,-0.26142661752768837,-0.048287206354248796,-0.06639655857558407,0.186795149374351,0.28352777650846783,0.031778880863460215,0.09032704601126951,0.07142068391681539,-0.02311480131087068,-0.008750661796040712
2021-11-01,0.5946789188243058,optimism,Democrats higher,-0.2774055670573149,-0.2849787814949455,-0.053704041808328135,-0.07754950695876793,0.2602168332209165,0.31704078166507343,0.040301705579808667,0.10164349556804378,0.07174501692889718,-0.03462550009583058,-0.006975235905878695
2021-12-01,0.3997964534838994,optimism,Democrats higher,-0.18830604988068794,-0.19828214204477443,-0.020514891576328492,-0.057298576047352834,0.13799298786061143,0.22867809766634478,0.012688732286366425,0.07341798617144896,0.0632789884629762,-0.0203938825728463,-0.007152471638032343
2022-01-01,0.4497866980830683,optimism,Democrats higher,-0.21995810659940418,-0.23128541042784953,-0.02838391141100563,-0.07166611104840534,0.15265706701575615,0.2376512553998108,0.010942910403229006,0.07934378490567534,0.08666467077712292,-0.027722447187781357,-0.0038863998647347894
2022-02-01,0.4457657296623072,optimism,Democrats higher,-0.21103540714976937,-0.21704065810854908,-0.04485736318673064,-0.05409840340590413,0.18588767970465242,0.2366828670829269,0.03486122816544504,0.07712503476058671,0.06216920890687616,-0.022566634381083125,-0.0038504985623720248
2022-03-01,0.4289106548812783,optimism,Democrats higher,-0.18700644882297973,-0.1984944832247747,-0.042288769098540235,-0.06262079442977764,0.19834698420135316,0.2351588468156594,0.03592192230167658,0.07502863311883379,0.03696965041373956,-0.030615116924749233,-0.004271312298086083
2022-04-01,0.4565147625802957,optimism,Democrats higher,-0.2015273747394615,-0.21722434157514267,-0.0676984689191831,-0.06722753095475043,0.19274445041160054,0.25178143915866796,0.039563488186833404,0.07479471229128212,0.055210034278997955,-0.027189453033749644,-0.0034868903694624254
2022-05-01,0.31365236512107625,optimism,Democrats higher,-0.1453328218882073,-0.15988128746368585,-0.0021644206189779247,-0.048891649472914606,0.11036595190301968,0.17695348835915375,0.023659364447082054,0.05538851222295543,0.04330004388147768,-0.016631694222725313,-0.005170357348416275
2022-06-01,0.2973484961075701,optimism,Democrats higher,-0.1388236670058372,-0.1510174548054385,0.04260569730562758,-0.04832461634057947,0.09011697342345121,0.17185671372805833,0.01620705019694317,0.05403606879680431,0.033474478125951335,-0.01377005600785726,-0.006229982779761049
2022-07-01,0.38537434072317234,optimism,Democrats higher,-0.16848596232812407,-0.19005662246783872,-0.002500334259495335,-0.0815304633655092,0.13477432242922832,0.22114923309257067,0.018001348449815102,0.07166696924942959,0.0621854738740687,-0.030596344589011115,-0.004049856793417551
2022-08-01,0.5078089966716125,optimism,Democrats higher,-0.21523200631432177,-0.23945789886472332,-0.05958498868784179,-0.09768037519784678,0.20176941263493825,0.29184970893165857,0.023734373528728314,0.09006854142032912,0.06995544392382153,-0.04009093787277543,-0.007027809124099185
2022-09-01,0.4343964112485196,optimism,Democrats higher,-0.1826475144773756,-0.20477489540605637,-0.06136128158676904,-0.07856726728935912,0.17566978742923933,0.24740484648273803,0.04582432671444704,0.0731727457731333,0.05388621055627679,-0.031977007704790006,-0.004465733279009017
2022-10-01,0.41351408256898964,optimism,Democrats higher,-0.17904304178507824,-0.194222041021274,-0.05343258734218209,-0.07989578721736697,0.1832403466343671,0.21826748488265257,0.04782872188975583,0.06374278571862843,0.0550910090216547,-0.03704486633624364,-0.001056357057549695
2022-11-01,0.339959810068239,optimism,Democrats higher,-0.15488472832034927,-0.16405730589755327,-0.03589310871251483,-0.04375762574381947,0.1513449984930349,0.17802020710822547,0.025829850138085586,0.05856704145411207,0.04855610041131597,-0.02030456084060045,-0.0013403074190153214
2022-12-01,0.43101879325681414,optimism,Democrats higher,-0.19440231725766563,-0.20487528257871232,-0.047174374604784935,-0.0606731064902757,0.1896609523313566,0.23354028393660287,0.045173443038039524,0.0747825158573897,0.03481117978583764,-0.026507538708928954,-0.006673586920455478
2023-01-01,0.14501944597066477,optimism,Democrats higher,-0.06802704270038323,-0.0708760019479246,-0.011219342022676493,0.0114024515649164,0.06556530985886888,0.0784681257377492,0.015429613577837648,0.017143931965361542,-0.006610477657355285,0.005479248373263398,-0.00786761794771336
2023-02-01,0.3935576457924531,optimism,Democrats higher,-0.16538317918982132,-0.1819113344292504,-0.050864675304750695,-0.04043195719898002,0.1812139783652752,0.22292475089664282,0.04931112832364912,0.0673675776844431,0.015997068853488283,-0.019141518613769407,-0.00980307545982001
2023-03-01,0.30084902255524404,optimism,Democrats higher,-0.13315173386813106,-0.13969248537214934,-0.032703571045498064,-0.022572479246445842,0.1372332803012148,0.16783577252187598,0.04315455575167877,0.0514942681647764,0.006791418306163588,-0.007915080613197095,-0.007946844186767069
2023-04-01,0.1764598649470474,optimism,Democrats higher,-0.06905736181665778,-0.0762121088469585,-0.0010650219977539066,-0.014923632133686415,0.08092369930966636,0.1115950224217972,0.019954686205374536,0.029493587335375077,-0.002659948077650909,-0.0034660104257985963,-0.006912758236829665
2023-05-01,0.18496064268950174,optimism,Democrats higher,-0.08629100325417227,-0.0906217595441336,-0.0003872942996801798,0.0048468634129711086,0.07401406631322821,0.10760736871113047,0.018933863219780286,0.032334659077212224,0.0024792885325946035,0.0037789408050571266,-0.006817645074044233
2023-06-01,0.21057532946233432,optimism,Democrats higher,-0.09675728024505992,-0.10099676410344038,0.016765245304366183,-0.002564593351301464,0.07195316932756957,0.13260844500018376,0.013234477698473579,0.03750608713892112,-0.0018913631850808743,0.004757320374035978,-0.011030664680742625
2023-07-01,0.2579216184722282,optimism,Democrats higher,-0.11887763150463793,-0.12310841868767974,-0.009493500249640296,-0.015300767702053408,0.09541301853622153,0.1594410600845128,0.011320630278731522,0.044891822115811,0.009007416303486837,-0.0034600417609225165,-0.012252088182609172
2023-08-01,0.3143998949656113,optimism,Democrats higher,-0.1373282153468778,-0.1493262563399965,-0.028036301054413987,-0.04376930210136916,0.11204870056459021,0.19068752507928477,0.0014516702622379835,0.05820127019882054,0.048497495774865784,-0.015656201479508455,-0.009212814373114109
2023-09-01,0.2831482688198072,optimism,Democrats higher,-0.1270298661784584,-0.13422049744482134,-0.02140973287216344,-0.008144636618622664,0.11795905774842941,0.16831965537246213,0.02742605595086385,0.04863452213130015,0.0019571993389176368,-0.0020465127902830477,-0.01118622864418687
2023-10-01,0.2510983254191109,optimism,Democrats higher,-0.12336132252004844,-0.12405545007270036,-0.03141989752932417,0.011101189713628307,0.08795442090475153,0.1457824702544041,0.015605757240534465,0.03849918949496334,0.021909082600689966,0.010277282467819407,-0.0056820411404400195
2023-11-01,0.3175006885205435,optimism,Democrats higher,-0.14763979974542868,-0.15103081533437368,-0.045821625980710434,-0.018768264234752224,0.1319726740749964,0.17791591252320132,0.026537623861553672,0.052348867466688764,0.03387227022771927,-0.008072789015537832,-0.004357953887054317
2023-12-01,0.30860145739663064,optimism,Democrats higher,-0.14232015725985148,-0.1463810399074849,-0.03486093425785175,-0.02489157453350535,0.13037621567254432,0.17585561529422156,0.022571938389229385,0.0492169818939967,0.027355015090194612,-0.0076504765617766285,-0.007467455065837299
2024-01-01,0.34758237294667665,optimism,Democrats higher,-0.16203328841263281,-0.17039716899226925,-0.03982741115251276,-0.03700934818913257,0.13768579515770019,0.19578974712919756,0.019936137434710094,0.05415657725857202,0.04239576654826016,-0.011468775925073074,-0.004157901949142791
2024-02-01,0.37189281445189065,optimism,Democrats higher,-0.17354786800194627,-0.18309019237021318,-0.044911691964006045,-0.04183351925684259,0.15030668718415852,0.20400745353135874,0.0295984358556753,0.06213904289703506,0.04165757552235666,-0.013820945712962607,-0.0046302805091899615
2024-03-01,0.4761402868237973,optimism,Democrats higher,-0.2125131858395684,-0.2257821544685848,-0.06585412173255226,-0.06857053031311863,0.20610588057181561,0.2597802813619573,0.048667228099809515,0.07889656179900222,0.04699263167980339,-0.0270507557835237,-0.005727858399399974
2024-04-01,0.4531279661587552,optimism,Democrats higher,-0.21711796023504767,-0.22082018964303152,-0.06676360194006845,-0.04621957212705914,0.1959471850804299,0.2340565855073784,0.043603354978528824,0.0677713792250209,0.05269189919243816,-0.019386325741854116,-0.002301885944182132
2024-05-01,0.37247045972048387,optimism,Democrats higher,-0.1742118896894067,-0.17935636891829837,-0.049658286292164955,-0.031152749487332737,0.1549639308880879,0.20520666219084072,0.038736484091751955,0.059184784419569564,0.03902850519201112,-0.01007760270782293,-0.005252075908417475
2024-06-01,0.2951253902423454,optimism,Democrats higher,-0.13086306088154087,-0.14093295288687063,-0.012831191144240417,-0.033960840041194526,0.11174291834302652,0.17916582542125897,0.0351266343670637,0.051682940647060305,0.012456439009524145,-0.007467894983770665,-0.009537715011749603
2024-07-01,0.3567778505021231,optimism,Democrats higher,-0.16162121570300314,-0.16644289640908233,-0.03887631039405898,-0.04404479080326221,0.16268151383812246,0.19206367001737923,0.045103894124253543,0.05979896639379685,0.02605391962272363,-0.018464871604073466,-0.005541139646971054
2024-08-01,0.4561228216610264,optimism,Democrats higher,-0.19469275830012736,-0.21078703963264075,-0.06744678828413539,-0.0735375469697348,0.2069441351254825,0.24846927839817856,0.05107058840980337,0.07503126382644615,0.04403026530365611,-0.03140675079130538,-0.005379682500020182
2024-09-01,0.2932220926213798,optimism,Democrats higher,-0.1264324931434368,-0.13382373478048315,-0.049229484739042706,-0.025276617530942402,0.13242886132725767,0.16487940022052433,0.028025808289259296,0.05152241425019208,0.02787983274639566,-0.00829994968567313,-0.0037389113417262976
2024-10-01,0.3406119256959315,optimism,Democrats higher,-0.15242326582948734,-0.15767793912879788,-0.05321178467784066,-0.03605817276459966,0.15252856131182424,0.18309772776364897,0.04200674429221486,0.05664085209475453,0.042531936897931055,-0.014454961847557415,-0.0030347029698394173
2024-11-01,0.23526872648289154,anger,Republicans higher,-0.1234872139221678,-0.11734185729805666,-0.006917690111059138,-0.015799381439946955,0.0907464804891594,0.12078416058654873,0.030869358724193496,0.03565122815256441,0.030983125026217306,-0.004456740005753523,-0.0028660390162199498
2024-12-01,0.17902703525399838,optimism,Democrats higher,-0.07722705682484404,-0.0738988056903006,0.003087930469909711,0.003234741899579785,0.08360775794470554,0.10610411996718361,0.04110321017340088,0.023411445969835937,-0.006537458274321062,0.005789393171650364,-0.006592579792408494
2025-01-01,0.168882175023139,joy,Republicans higher,0.05616444879018673,0.07030220522455521,0.0553146382674031,0.06227360448673422,-0.07523554704658514,-0.053865316267210195,-0.00021610680091400936,-0.024939885896304942,-0.05828019573095666,0.02805176200703527,-0.010919965110187994
2025-02-01,0.41188499527084094,disgust,Democrats higher,0.19950442134731672,0.20857951901667,0.0883736971957172,0.08147797670443234,-0.18153104267026943,-0.1658215903942798,-0.04110547517938838,-0.05361639429618541,-0.07315783014863694,0.03772188105656732,-0.010175600799252525
2025-03-01,0.3580113489911283,disgust,Democrats higher,0.1735909490149083,0.18236469331844524,0.07303088768986843,0.10044191116198027,-0.15153754712785977,-0.12917500324171982,-0.033676863598352966,-0.03880005008374479,-0.07084346445419018,0.043894606612873796,-0.011154432162070481
2025-04-01,0.3625200819460135,disgust,Democrats higher,0.1774574273947031,0.18608914096001777,0.08363332784701508,0.10123910009910925,-0.14729593166355054,-0.12863232499693295,-0.0335181541044243,-0.04122290166103729,-0.06888677250243597,0.04639032993449016,-0.009695516789230973
2025-05-01,0.38402450026097606,disgust,Democrats higher,0.17908848207806566,0.18867112636429945,0.06279082344244674,0.10493493141076189,-0.17545263596619787,-0.15469729936033666,-0.037778451969960866,-0.048816279353165154,-0.06521375787914563,0.044679651834147474,-0.008779701623027526
2025-06-01,0.3666239239096318,disgust,Democrats higher,0.16211013673376207,0.17687021359511285,0.08281047540932057,0.10120272241817595,-0.16154995713955927,-0.15305550580311233,-0.02946542732735412,-0.047019959232239644,-0.07171073704007896,0.044198182140476105,-0.007168907722131745
2025-07-01,0.46506869060151657,disgust,Democrats higher,0.2142313084373444,0.22823785592014445,0.08489716298546418,0.12030804428438806,-0.21681396813719794,-0.19158609500280277,-0.03989381325562506,-0.055449355783497356,-0.07247238469329997,0.05387257121881485,-0.009251180569681182
2025-08-01,0.34049899526508637,disgust,Democrats higher,0.1641111004131175,0.1705261554029836,0.07095512407729251,0.08406108346968037,-0.16099057365401848,-0.120409015916916,-0.03859931246718984,-0.03329339324957979,-0.05484026957719376,0.041107087491672425,-0.010730645292696385
2025-09-01,0.2956148897930848,disgust,Democrats higher,0.1500505656966365,0.15460906445928352,0.062449700732793934,0.0675064886941972,-0.1298939982474715,-0.1028889181544495,-0.03863710369314963,-0.0302131403420412,-0.034194237093693514,0.03778371215749214,-0.007130372040554833
2025-10-01,0.14198051650573495,joy,Republicans higher,0.04664391197358486,0.05852105328869023,0.05689256423714323,0.05787682956733137,-0.07460229399082213,-0.02653258489568272,-0.020974242570905847,-0.007996137479954549,-0.0006273229168133609,0.0343495781862697,-0.004240654100114892
2025-11-01,0.19274278086493166,disgust,Democrats higher,0.09908505996268874,0.10304096810375574,0.04277327516585522,0.054632235717516686,-0.08263422934789239,-0.056216687225029816,-0.019872654630371994,-0.013274785177151263,-0.02384606068692363,0.027271530679428474,-0.005292448408065982
2025-12-01,0.3136505061064124,disgust,Democrats higher,0.14605199117534023,0.1542143139590712,0.05930543228056237,0.0842363530496231,-0.14726163142139403,-0.12278174365559313,-0.03056248465524905,-0.03653075000227715,-0.044828268376677693,0.03979591635555681,-0.005225831925680852
2026-01-01,0.41004394101330893,disgust,Democrats higher,0.1926308277977813,0.19978658814006217,0.1276601779726685,0.0829175211051682,-0.1800934479679094,-0.1611035084925901,-0.037680134948063826,-0.047856316641414445,-0.06526779153917078,0.03903079447016726,-0.007809161646962416
2026-02-01,0.35326187274442494,disgust,Democrats higher,0.17249036606534168,0.17979715573050759,0.08611279822486564,0.08267463823458646,-0.14538772043680215,-0.13667190649363425,-0.02713711385947011,-0.043240584914815486,-0.06903199552261088,0.03499183204949256,-0.007119142406273218
2026-03-01,0.24982770315849986,disgust,Democrats higher,0.131401569133259,0.13568411654606072,0.05159153610611747,0.06086799549184438,-0.09065656015378354,-0.08610472737289199,-0.018952359103902125,-0.028919819486141307,-0.051381592963961775,0.029550569839521326,-0.005407570244973611
2026-04-01,0.2894306598767835,disgust,Democrats higher,0.15449233201032575,0.1548682802076849,0.07612440486687391,0.07050845797178747,-0.1091787781950872,-0.08659135708985194,-0.021222271516855615,-0.028129494799858767,-0.0572396298005812,0.03365882822485525,-0.009091776300477306
2026-05-01,0.2585114711932244,disgust,Democrats higher,0.13543410798094668,0.1392367930598153,0.05583785074623823,0.07642289545439018,-0.10021952726992328,-0.07374339766563659,-0.01980090101338851,-0.023145759624638232,-0.05039618963980852,0.03375380200119149,-0.007185733918470764
2026-06-01,0.2587450386862011,disgust,Democrats higher,0.14192480066470975,0.1426142983583138,0.0621005255474861,0.06680286723379619,-0.08984994800772317,-0.06532875636001773,-0.014126301381055778,-0.02245074585843787,-0.06392379107150409,0.03069945997205216,-0.008674889536307538
2026-07-01,0.2794264779307856,disgust,Democrats higher,0.1396138015552968,0.14605885898660154,0.0829420742923547,0.07543875620909918,-0.10607007670654928,-0.08563131970837928,-0.028477369814025988,-0.025906747186493315,-0.056748055619549265,0.03603365173011183,-0.009954344120617319
2026-08-01,0.19719665299112274,disgust,Democrats higher,0.1000122327765921,0.10339034711260198,0.06623991624222442,0.06294050763789934,-0.07785755046013026,-0.03066962500853776,-0.014724645846638879,-0.008197504704531539,-0.039792796514503626,0.029959861960050904,-0.008819129252285632
