mo,n,civic,gratitude,polarizing,any_civic_lang,any_outgroup,event
2013-01-01,8089,0.020892570157003337,0.06712819878847819,0.02682655458029423,0.025713932500927184,0.0552602299418964,
2015-01-01,18240,0.02593201754385965,0.06661184210526316,0.03848684210526316,0.03344298245614035,0.06896929824561404,
2015-05-01,21054,0.0172888762230455,0.08706184098033627,0.015151515151515152,0.022561033532820365,0.029163104398214117,
2020-07-01,46543,0.031476269256386566,0.06398384289796533,0.11621511290634468,0.046279784285499434,0.1391186644608212,
2023-05-01,22770,0.03943785682916118,0.09749670619235837,0.1862977602108037,0.06082564778216952,0.22143170838823012,
2017-09-01,27529,0.02869701042536961,0.07090704348141959,0.07214210468960006,0.038686476079770424,0.09404627846997711,
2013-11-01,14935,0.01700703046534985,0.07278205557415467,0.07043856712420489,0.022966186809507867,0.12186139939738869,
2018-07-01,24291,0.033798526203120495,0.0759540570581697,0.15380181960396855,0.05236507348400642,0.18228973693960726,
2012-10-01,5059,0.005732358173552086,0.05040521842261316,0.03281280885550504,0.009685708638070766,0.05416090136390591,
2012-09-01,5894,0.01815405497115711,0.06158805564981337,0.04903291482863929,0.02494061757719715,0.07753647777400746,
2019-02-01,34478,0.04782760020882882,0.10116596090260456,0.10165902894599455,0.06755032194442834,0.13150414757236498,35-day shutdown ends; border deal
2023-06-01,23581,0.044654594800899026,0.09287137950044527,0.14999363894660955,0.06271998642975277,0.18396166405156694,
2020-11-01,35629,0.03609419293272334,0.08902860029751046,0.09514721154116029,0.047152600409778554,0.12282129725785175,
2015-12-01,9249,0.021515839550221644,0.055897934911882365,0.03297653800410855,0.02681370959022597,0.05114066385555195,
2015-11-01,10312,0.01900698215671063,0.08000387897595035,0.02608611326609775,0.025504266873545383,0.04014740108611327,
2011-06-01,5599,0.006965529558849794,0.03679228433648866,0.0412573673870334,0.008751562779067691,0.07126272548669406,
2017-12-01,18003,0.024718102538465812,0.06304504804754762,0.12264622562906183,0.03804921401988558,0.15003055046381158,
2019-11-01,43710,0.0383893845801876,0.10473575840768702,0.12404484099748342,0.06019217570350034,0.15493022191718142,
2021-06-01,47925,0.04143974960876369,0.08878455920709442,0.11947835159102765,0.061366718831507565,0.15444966092853415,
2026-08-01,24669,0.027281203129433704,0.10750334427824396,0.15736349264258787,0.04215817422676233,0.1822935668247598,
2019-07-01,35379,0.037084145962294014,0.09287995703666016,0.11455948443992199,0.05935724582379378,0.1392068741343735,
2022-08-01,24292,0.02935122674131401,0.08122015478346781,0.1832290465997036,0.04161863988144245,0.22229540589494484,CHIPS Act; PACT Act for veterans
2016-04-01,22660,0.01831421006178288,0.08168578993821712,0.019549867608120036,0.022639011473962932,0.03142100617828773,
2016-06-01,26118,0.015774561605023357,0.07351252010107971,0.03380810169231947,0.024044720116394823,0.04862546902519335,
2013-08-01,10999,0.011182834803163923,0.06636966996999727,0.050731884716792436,0.01572870260932812,0.08328029820892809,
2024-04-01,31932,0.03974069898534385,0.09689339847175248,0.14283477389452587,0.06159964925466616,0.17127019917324315,
2020-01-01,39335,0.03432057963645608,0.08069149612304563,0.1604677767891191,0.05770941909241134,0.19455955256133214,
2012-05-01,6304,0.012531725888324872,0.05314086294416244,0.04854060913705584,0.016973350253807105,0.07471446700507614,
2026-06-01,47924,0.027773140806276606,0.08907854102328687,0.1597320757866622,0.04830565061347133,0.18139136966864203,
2022-01-01,41081,0.04659088142937124,0.0804995009858572,0.14500620724909324,0.06287578199167498,0.18495168082568583,Jan 6 anniversary; Ukraine build-up
2022-12-01,22171,0.04018763249289613,0.09304947904920842,0.11212845609129042,0.05552298046998331,0.13855937936944657,
2016-05-01,22712,0.014749911940824234,0.09334272631208172,0.030028178936245157,0.019505107432194434,0.04372138076787601,
2017-01-01,21138,0.016274008893935092,0.06736682751442899,0.11022802535717664,0.022849843883054215,0.15138612924590783,Inauguration; travel ban
2023-11-01,31488,0.046271595528455285,0.10896214430894309,0.1288744918699187,0.06970909552845528,0.15748856707317074,
2023-12-01,29140,0.04203843514070007,0.09049416609471517,0.13366506520247082,0.06122168840082361,0.1632120796156486,
2025-06-01,33655,0.02632595453870153,0.07247065814886347,0.20320903283316,0.047808646560689345,0.22703907294607042,
2025-08-01,25415,0.021876844383238246,0.10509541609285855,0.20271493212669683,0.034664568168404485,0.22667715915797756,
2026-01-01,41100,0.02408759124087591,0.07669099756690997,0.18287104622871045,0.048418491484184915,0.20508515815085157,
2021-02-01,47698,0.03234936475323913,0.07344123443330958,0.1269235607362992,0.05159545473604763,0.1643045830013837,
2020-08-01,41267,0.02791576804710786,0.07005597693071947,0.12915889209295564,0.04102551675673056,0.1611457096469334,
2022-06-01,44445,0.04495443806952413,0.0797165035437057,0.14476319046011926,0.06032174597817527,0.18006524918438518,
2024-10-01,32926,0.033317135394521045,0.1212112008746887,0.13815829435704308,0.048836785519042705,0.16719309967806598,Hurricanes Helene & Milton
2017-04-01,18630,0.018518518518518517,0.07444981213097156,0.10268384326355341,0.02877079978529254,0.12936124530327428,
2017-07-01,24129,0.027021426499233288,0.05914045339632807,0.13307638111815656,0.037962617597082346,0.1712047743379336,
2018-12-01,18732,0.04046551355968396,0.07842195174033739,0.14136237454623105,0.06262011531069828,0.16704035874439463,
2023-10-01,32093,0.05100800797681737,0.08388122020378276,0.13551241703798336,0.09073629763499828,0.17355809678122955,Speaker Johnson elected; Israel resolutions
2011-10-01,5822,0.013397457918241155,0.04190999656475438,0.03589831672964617,0.0207832360013741,0.06046032291308828,
2021-10-01,50128,0.03355410150015959,0.08476300670284073,0.14054021704436642,0.04809687200766039,0.17030402170443665,
2021-09-01,50065,0.034215519824228505,0.0793168880455408,0.15320083890941777,0.0496754219514631,0.18525916308798562,
2022-02-01,42156,0.04839168801594079,0.0756950374798368,0.11986431350222981,0.07363127431445109,0.1482588480880539,Russia invades Ukraine — bipartisan support
2020-12-01,40801,0.05019484816548614,0.07141981814171221,0.09955638342197495,0.06970417391730595,0.13306046420430873,COVID relief deal after months of stalemate
2021-08-01,46796,0.03810154714078126,0.07881015471407812,0.1394777331395846,0.05231216343277203,0.1756133002820754,
2012-01-01,6002,0.013995334888370544,0.04465178273908697,0.046317894035321557,0.020993002332555816,0.08513828723758747,
2014-05-01,20369,0.015906524620747212,0.07447591928911582,0.027640041239137905,0.02106141685895233,0.045853993814129315,
2023-04-01,17384,0.03790842153704556,0.08168430740911183,0.1661872986654395,0.054302807179015186,0.2009894155545329,
2024-09-01,29222,0.04120183423448087,0.10225172815002395,0.1643282458421737,0.06063924440490042,0.19687221956060502,
2017-08-01,23646,0.019918802334432884,0.07739152499365644,0.07383912712509515,0.03197158081705151,0.09777552228706758,
2014-01-01,12875,0.018951456310679612,0.05941747572815534,0.046834951456310676,0.023067961165048542,0.08147572815533981,
2020-02-01,38209,0.036771441283467245,0.10316941034834724,0.13360726530398598,0.05540579444633463,0.16286738726478056,
2025-10-01,40572,0.01609484373459529,0.05567879325643301,0.37885734003746424,0.03642906437937494,0.42894114167406094,Government shutdown (Oct 1)
2014-07-01,17634,0.018827265509810592,0.04927980038561869,0.054100034025178635,0.026653056595213793,0.08075309062039242,
2015-04-01,21662,0.020773705105715076,0.07478533838057427,0.01583417966946727,0.025066937494229526,0.027744437263410582,
2022-07-01,41464,0.039335327030677214,0.0722313332047077,0.17465753424657535,0.05332336484661393,0.21348639783908932,
2014-02-01,15394,0.013446797453553332,0.06047810835390412,0.055865921787709494,0.017084578407171626,0.08373392230739249,
2022-05-01,42493,0.037959193278892994,0.09643941355046713,0.1352458051914433,0.05163203351140188,0.16943967241663332,
2015-08-01,16135,0.008800743724821815,0.06451812829253176,0.019522776572668113,0.012891230244809421,0.03817787418655098,
2018-01-01,22965,0.03988678423688221,0.07158719790986283,0.16033093838449816,0.06727629000653168,0.20108861310690182,
2018-08-01,20930,0.02818920210224558,0.09660774008600095,0.10668896321070234,0.04166268514094601,0.12919254658385093,
2020-03-01,53421,0.04355964882724023,0.0778719979034462,0.058104490743340634,0.05509069467063514,0.08356264390408266,
2021-04-01,49354,0.03480974186489444,0.07946670989180209,0.1068403776796207,0.05166754467722981,0.14511488430522348,
2011-11-01,5753,0.01929428124456805,0.05458021901616548,0.029549800104293412,0.02676864244741874,0.048670258995306796,
2012-06-01,7653,0.014634783744936626,0.047040376323010585,0.06337384032405592,0.021690840193388215,0.1153795897033843,
2023-08-01,22074,0.02962761620005436,0.10700371477756637,0.1292923801757724,0.04068134456827036,0.16104919815167165,
2023-09-01,27729,0.04295142269825814,0.09051895127844495,0.17122867755779148,0.0646615456742039,0.20779689134119514,
2013-05-01,18563,0.014221839142380004,0.06340569950977751,0.05855734525669342,0.01793891073641114,0.08856327102300275,
2011-04-01,5240,0.007061068702290076,0.0316793893129771,0.08110687022900763,0.010114503816793893,0.11450381679389313,
2023-01-01,15753,0.03173998603440614,0.08684060179013521,0.19082079603884974,0.048625658604710215,0.23690725576080746,
2014-04-01,19014,0.014252655937730094,0.061638792468707265,0.03881350583780372,0.019091195960870937,0.06305879877984642,
2022-04-01,39663,0.038549781912613774,0.08592390893275849,0.12674280815873737,0.05269394649925623,0.15571187252603183,
2016-01-01,12661,0.014769765421372719,0.059316009793855144,0.029776478951109707,0.020772450833267515,0.05386620330147698,
2023-03-01,19749,0.0328117879386298,0.08213074079700237,0.17266697047951796,0.05281280064813408,0.20983340928654615,
2019-05-01,37285,0.038970095212551965,0.12034330159581601,0.09475660453265389,0.05927316615260829,0.11932412498323723,Memorial Day; disaster-aid deal
2025-07-01,34632,0.023504273504273504,0.07542157542157542,0.23007623007623007,0.039674289674289674,0.2512416262416262,'One Big Beautiful Bill' passes
2019-01-01,36001,0.03724896530651926,0.08188661426071497,0.19196688980861643,0.06027610344157107,0.22791033582400488,
2019-03-01,35687,0.03435424664443635,0.11219771905735983,0.09821503628772382,0.05181158405021436,0.12391066775016113,
2011-03-01,5797,0.006382611695704675,0.03260307055373469,0.06675866827669484,0.008797653958944282,0.10677936863895118,
2014-12-01,11659,0.01689681790891157,0.06501415215713183,0.03285015867570117,0.02212882751522429,0.052748949309546274,
2014-06-01,18602,0.01687990538651758,0.05773572734114611,0.030695624126438018,0.022309429093645843,0.051768627029351685,
2021-03-01,46166,0.030087077069704978,0.08218169215439934,0.12628341203483082,0.04743750812286098,0.16369189446779014,
2024-08-01,26063,0.03545255726508844,0.1165637110079423,0.1695507040632314,0.0507616160841039,0.21018301807159576,
2017-06-01,25051,0.026505927907069578,0.06690351682567562,0.13735978603648558,0.03692467366572193,0.17248812422657778,
2017-10-01,28059,0.020385616023379308,0.060978652125877615,0.08072276274991981,0.027941124060016392,0.10178552336148829,
2018-11-01,17934,0.03724768595962975,0.1053864168618267,0.093732574997212,0.05235864837738374,0.1168729786996766,
2021-05-01,42050,0.03326991676575505,0.09405469678953626,0.11659928656361475,0.05774078478002378,0.14858501783590963,
2026-05-01,45214,0.02614234529128146,0.11131507940018578,0.14747644534878576,0.03954527358782678,0.16612111292962356,
2026-03-01,47508,0.021680559063736633,0.08158625915635262,0.20945945945945946,0.040435295108192305,0.23168729477140693,
2020-04-01,49904,0.02759297851875601,0.07726835524206477,0.06502484770759859,0.037091215133055466,0.0840213209361975,
2020-06-01,43369,0.03232723834997348,0.06520786737070258,0.09970255251446886,0.05128086882335309,0.1223454541262192,
2014-10-01,14208,0.009712837837837838,0.07453547297297297,0.02364864864864865,0.013161599099099098,0.043426238738738736,
2015-02-01,11360,0.017517605633802818,0.06382042253521127,0.06294014084507042,0.02420774647887324,0.0904049295774648,
2015-03-01,21708,0.022710521466740373,0.07471899760456975,0.031186659296112033,0.02892942693937719,0.05357471899760457,
2024-11-01,25383,0.04254816215577355,0.12283812000157586,0.09439388567151243,0.05574597171335145,0.11878028601820116,Post-election; Thanksgiving
2017-03-01,26130,0.015116724071947953,0.06421737466513586,0.19062380405663987,0.023842326827401453,0.23635667814772293,
2018-03-01,21629,0.03393591936751583,0.09695316473253503,0.07818207036848675,0.050210365712700544,0.10037449720282954,
2018-09-01,22895,0.03882943874208342,0.09264031447914392,0.09962873989954138,0.05232583533522603,0.12063769381961127,
2012-02-01,6596,0.010915706488781079,0.04381443298969072,0.06109763493026076,0.01637355973317162,0.0899029714978775,
2023-07-01,21773,0.04597437192853534,0.09736830018830663,0.1407247508381941,0.06448353465301061,0.17374730170394526,
2021-11-01,56903,0.06915276874681475,0.09753440064671458,0.1290265891077799,0.08206948667029858,0.1605890726323744,Bipartisan infrastructure bill signed
2025-03-01,32952,0.023943918426802623,0.07034474386987133,0.23983369749939307,0.041211459092012626,0.26908837096382615,DOGE cuts; CR fight
2019-08-01,26750,0.035626168224299065,0.10714018691588785,0.09626168224299066,0.05506542056074766,0.12280373831775701,August recess
2022-03-01,54413,0.04155257015786669,0.08213110837483689,0.12524580523036774,0.06470880120559425,0.16047635675298183,
2013-03-01,13626,0.016512549537648614,0.05885806546308528,0.043886687215617205,0.020548950535740497,0.07881990312637605,
2013-02-01,12288,0.025065104166666668,0.057291666666666664,0.048014322916666664,0.032877604166666664,0.08854166666666667,
2013-06-01,18152,0.019612163948876157,0.05437417364477744,0.04269501983252534,0.025176289114147203,0.06875275451740855,
2014-11-01,7708,0.01582771146860405,0.07719252724442138,0.04774260508562533,0.02400103788271925,0.08173326414115205,
2020-09-01,45940,0.03881149325206792,0.07960383108402264,0.12359599477579451,0.05616020896821942,0.15010883761427948,
2016-09-01,23090,0.016717193590298832,0.08436552620181897,0.039670853183196186,0.023949761801645732,0.05877003031615418,
2013-10-01,16565,0.02909749471777845,0.04539692121943858,0.13311198309689104,0.0397826743133112,0.18973739812858437,
2012-07-01,7289,0.01248456578405817,0.04006036493346138,0.0787487995609823,0.018246673069008096,0.12690355329949238,
2025-01-01,27960,0.03862660944206009,0.09245350500715308,0.15489985693848354,0.05525751072961373,0.18208154506437768,
2025-04-01,30164,0.02178093091101976,0.07273571144410555,0.22911417583874819,0.03839013393449145,0.25324890598063915,Tariffs; market crash
2019-10-01,43242,0.03364784237546829,0.09289579575412793,0.1287174506267055,0.05383654780074927,0.15702326441885203,
2021-01-01,44845,0.03525476641766083,0.07713234474300368,0.14516668524919166,0.06368602965770989,0.17908350986732077,January 6
2022-10-01,21790,0.03212482790270767,0.10188159706287288,0.16158788435061955,0.041762276273519965,0.19536484625975217,
2015-09-01,11704,0.018198906356801093,0.07125768967874231,0.03033151059466849,0.02563226247436774,0.04724880382775119,
2024-05-01,34816,0.04739200367647059,0.12359260110294118,0.1548138786764706,0.0690774356617647,0.18255974264705882,Memorial Day; FAA & farm bills
2013-12-01,11662,0.019121934488080947,0.06431143886125879,0.05402160864345738,0.024524095352426684,0.0894357743097239,
2018-10-01,22948,0.03799895415722503,0.10349485793968974,0.10920341641973157,0.05455813142757539,0.13221195746906048,
2024-01-01,32791,0.0436705193498216,0.09493458570949345,0.1635204781799884,0.06517032112469885,0.1947790552285688,
2024-02-01,34706,0.04569815017576211,0.09352849651357115,0.1749553391344436,0.0716590791217657,0.21365181812943007,
2025-09-01,34927,0.030234489077218197,0.08002405016176597,0.23314341340510206,0.0538838148137544,0.2585106078392075,Shutdown looms; Kirk assassination
2026-07-01,44560,0.03011669658886894,0.08657989228007182,0.15830341113105925,0.049685816876122085,0.18049820466786357,
2012-08-01,5233,0.009554748710108925,0.0523600229313969,0.04872921842155551,0.01375883814255685,0.07567360978406268,
2018-04-01,24375,0.035076923076923075,0.08594871794871795,0.07983589743589743,0.04947692307692308,0.09903589743589744,
2025-02-01,30232,0.022691188145011906,0.06314501190791215,0.2245633765546441,0.03936226514951045,0.24943768192643556,DOGE; funding fights begin
2025-12-01,34510,0.032483338162851344,0.08513474355259346,0.18420747609388582,0.052129817444219066,0.21289481309765285,
2026-02-01,43759,0.02351516259512329,0.09040425969514843,0.17831760323590576,0.040608789049109896,0.20094152060147627,
2016-02-01,16326,0.01843684919759892,0.08820286659316427,0.028237167707950508,0.024255788313120176,0.04575523704520397,
2016-07-01,19040,0.02300420168067227,0.06418067226890756,0.026470588235294117,0.03172268907563025,0.03471638655462185,
2016-11-01,9133,0.01740939450344903,0.09427351363188438,0.04204533012153728,0.021132158107960146,0.06142559947443337,
2017-02-01,18962,0.015768378862989135,0.06623773863516506,0.1169180466195549,0.023837147980170868,0.1556270435608058,
2016-12-01,13611,0.021967526265520534,0.07376386746014253,0.05142899125707149,0.03269414444199544,0.07640878701050621,
2024-07-01,32234,0.04172612769125768,0.09030837004405286,0.17270583855556246,0.06437302227461686,0.21266364708072222,
2024-12-01,20356,0.04052859107879741,0.07565337001375516,0.11284142267636078,0.061357830615052074,0.1357830615052073,
2024-03-01,38511,0.037054348108332684,0.10132170029342266,0.17021110851445043,0.05442600815351458,0.20986211731713017,
2019-12-01,45510,0.045616348055372444,0.07824653922214898,0.15552625796528236,0.07156668863985938,0.1901340364754999,
2012-04-01,5705,0.011393514460999123,0.044697633654688866,0.04574934268185802,0.014022787028921999,0.07134092900964066,
2021-07-01,47488,0.03651448787061995,0.08720097708894879,0.12150438005390836,0.05456115229110512,0.152606974393531,
2025-05-01,30660,0.026418786692759294,0.09726027397260274,0.2215590345727332,0.041519895629484674,0.24905414220482713,'Big Beautiful Bill' in the House
2019-06-01,38129,0.04017939101471321,0.10249416454667051,0.09751108080463688,0.05977077814786645,0.12701618190878333,
2019-09-01,34173,0.03514470488397273,0.10282971936909256,0.12138237790068182,0.055950604278231356,0.15196207532262312,
2025-11-01,33266,0.02588228221006433,0.09502194432754163,0.25347201346720377,0.043377622798052066,0.2903264594480851,Shutdown ends after 43 days
2013-04-01,13399,0.01567281140383611,0.05649675348906635,0.03701768788715576,0.019628330472423315,0.057690872453168146,Boston Marathon bombing
2022-09-01,18923,0.0405855308354912,0.0880410082967817,0.17724462294562174,0.05696771125085874,0.20985044654653068,
2022-11-01,21493,0.037547108360861677,0.11729400269855302,0.11236216442562695,0.04717815102591542,0.14534964872284,
2015-10-01,12227,0.02510836672936943,0.06395681688067392,0.028134456530628935,0.03377770507892369,0.044409912488754394,
2016-03-01,23534,0.014744624798164357,0.08749043936432396,0.02460270247301776,0.01903628792385485,0.040282144981728565,
2019-04-01,29416,0.035966820777807995,0.11007614903453902,0.08920315474571662,0.05102665216208866,0.11180989937449007,
2018-02-01,19378,0.038290845288471466,0.08215502115801425,0.10212612240685313,0.05784910723500877,0.13128289813190216,
2018-05-01,25047,0.03665109593963349,0.10883538946780054,0.0881542699724518,0.053539346029464606,0.10967381323112549,
2012-03-01,6584,0.020048602673147023,0.04860267314702309,0.06424665856622114,0.02551640340218712,0.11284933171324422,
2021-12-01,49591,0.05160210522070537,0.083543384888387,0.11080639632191325,0.06739126051097981,0.14034804702466172,Debt-ceiling deal; NDAA passes
2026-04-01,46743,0.02297670239394134,0.08555291701431231,0.17632586697473418,0.04036968102175727,0.19410393000021395,
2013-07-01,14504,0.0222007722007722,0.05446773303916161,0.09528405956977386,0.029922779922779922,0.13575565361279646,
2014-08-01,13512,0.010287152161042036,0.0652753108348135,0.02612492599171107,0.012729425695677915,0.04507104795737123,
2014-09-01,16609,0.015232705159853092,0.06665061111445601,0.027093744355469927,0.021133120597266544,0.0484676982358962,
2015-06-01,17687,0.018431616441454177,0.06315372872731384,0.02860858257477243,0.024650873522926442,0.05071521456436931,
2011-05-01,6528,0.007199754901960784,0.04212622549019608,0.04090073529411765,0.009650735294117647,0.0661764705882353,
2024-06-01,33668,0.04081026494000237,0.09893667577521682,0.18118094332897708,0.05880955209694665,0.21697160508494714,
2016-10-01,10522,0.011974909712982323,0.09570423873788253,0.037160235696635624,0.01549135145409618,0.05008553506937845,
2017-05-01,23157,0.01753249557369262,0.07155503735371593,0.16336312993911128,0.02686012868679017,0.19579392840177917,
2011-07-01,6816,0.01056338028169014,0.032130281690140844,0.07907863849765258,0.015551643192488264,0.12690727699530516,
2013-09-01,16115,0.012969283276450512,0.05020167545764816,0.11753025131864722,0.02041576171269004,0.16791808873720138,
2018-06-01,22505,0.03474783381470784,0.06985114419017996,0.14232392801599644,0.055098866918462566,0.16796267496111975,
2011-09-01,5570,0.014183123877917415,0.04380610412926391,0.028186714542190305,0.018312387791741474,0.06014362657091562,
2011-12-01,5170,0.013733075435203095,0.037717601547388784,0.055899419729206964,0.026885880077369438,0.08355899419729207,
2020-05-01,43928,0.031232926607175377,0.08930522673465671,0.08438808960116555,0.045119286104534695,0.10546803860863231,
2020-10-01,47470,0.02738571729513377,0.0752053928797135,0.14596587318306298,0.03977248788708658,0.1792921845376027,
2014-03-01,18636,0.017332045503326895,0.06734277742004723,0.04974243399871217,0.02194676969306718,0.07560635329469843,
2015-07-01,25269,0.01642328544857335,0.06205231706834461,0.021330483992243462,0.021132613083224505,0.040444813803474616,
2023-02-01,16497,0.03085409468388192,0.07613505485845912,0.18724616596957022,0.052312541674243804,0.2304055282778687,
2016-08-01,13356,0.00890985324947589,0.07382449835280024,0.023285414794848757,0.01295297993411201,0.03631326744534292,
2017-11-01,20776,0.022911051212938006,0.06993646515209857,0.09684251058914131,0.03258567577974586,0.12490373507893723,
